# serial log started 2026-07-10T01:53:15 path=/home/gsing/GSing_dipan/logs/serial/serial_20260710_015315.log
2026-07-10 01:53:16.318 INFO session node=robot_serial_bridge port=/dev/ttyACM0 baud=115200
2026-07-10 01:53:16.318 TX mode:IDLE frame=55 aa 15 01 00 15
2026-07-10 01:53:16.339 RX arm_feedback state=1 end=(0.0038,0.0000,0.2998) theta1=-3.1372 frame=55 aa 86 11 01 71 6c 7b 3b d4 23 8d 37 f0 83 99 3e 00 c8 48 c0 ff
2026-07-10 01:53:16.340 RX arm_feedback state=1 end=(0.0038,0.0000,0.2998) theta1=-3.1372 frame=55 aa 86 11 01 71 6c 7b 3b d4 23 8d 37 f0 83 99 3e 00 c8 48 c0 ff
2026-07-10 01:53:16.341 RX arm_feedback state=1 end=(0.0038,0.0000,0.2998) theta1=-3.1372 frame=55 aa 86 11 01 71 6c 7b 3b d4 23 8d 37 f0 83 99 3e 00 c8 48 c0 ff
2026-07-10 01:53:16.356 RX arm_feedback state=1 end=(0.0038,0.0000,0.2998) theta1=-3.1372 frame=55 aa 86 11 01 71 6c 7b 3b d4 23 8d 37 f0 83 99 3e 00 c8 48 c0 ff
2026-07-10 01:53:16.357 RX func=0x80 payload=00 00 00 00 00 00 00 00 00 00 00 00 00 00 00 00 f3 45 02 00 frame=55 aa 80 14 00 00 00 00 00 00 00 00 00 00 00 00 00 00 00 00 f3 45 02 00 cd
2026-07-10 01:53:16.361 RX arm_feedback state=1 end=(0.0038,0.0000,0.2998) theta1=-3.1372 frame=55 aa 86 11 01 71 6c 7b 3b d4 23 8d 37 f0 83 99 3e 00 c8 48 c0 ff
2026-07-10 01:53:16.367 RX arm_feedback state=1 end=(0.0038,0.0000,0.2998) theta1=-3.1372 frame=55 aa 86 11 01 71 6c 7b 3b d4 23 8d 37 f0 83 99 3e 00 c8 48 c0 ff
2026-07-10 01:53:16.373 RX arm_feedback state=1 end=(0.0038,0.0000,0.2998) theta1=-3.1372 frame=55 aa 86 11 01 71 6c 7b 3b d4 23 8d 37 f0 83 99 3e 00 c8 48 c0 ff
2026-07-10 01:53:16.381 RX arm_feedback state=1 end=(0.0038,0.0000,0.2998) theta1=-3.1372 frame=55 aa 86 11 01 71 6c 7b 3b d4 23 8d 37 f0 83 99 3e 00 c8 48 c0 ff
2026-07-10 01:53:16.384 RX arm_feedback state=1 end=(0.0038,0.0000,0.2998) theta1=-3.1372 frame=55 aa 86 11 01 71 6c 7b 3b d4 23 8d 37 f0 83 99 3e 00 c8 48 c0 ff
2026-07-10 01:53:16.385 RX func=0x80 payload=00 00 00 00 00 00 00 00 00 00 00 00 00 00 00 00 59 46 02 00 frame=55 aa 80 14 00 00 00 00 00 00 00 00 00 00 00 00 00 00 00 00 59 46 02 00 34
2026-07-10 01:53:16.389 RX arm_feedback state=1 end=(0.0038,0.0000,0.2998) theta1=-3.1372 frame=55 aa 86 11 01 71 6c 7b 3b d4 23 8d 37 f0 83 99 3e 00 c8 48 c0 ff
2026-07-10 01:53:16.390 TX mode:IDLE frame=55 aa 15 01 00 15
2026-07-10 01:53:16.392 TX chassis mode=IDLE vx=+0.000 vy=+0.000 wz=+0.000 frame=55 aa 10 0c 00 00 00 00 00 00 00 00 00 00 00 00 1b
2026-07-10 01:53:16.394 RX arm_feedback state=1 end=(0.0038,0.0000,0.2998) theta1=-3.1372 frame=55 aa 86 11 01 71 6c 7b 3b d4 23 8d 37 f0 83 99 3e 00 c8 48 c0 ff
2026-07-10 01:53:16.396 RX arm_feedback state=1 end=(0.0038,0.0000,0.2998) theta1=-3.1372 frame=55 aa 86 11 01 71 6c 7b 3b d4 23 8d 37 f0 83 99 3e 00 c8 48 c0 ff
2026-07-10 01:53:16.397 TX chassis mode=IDLE vx=+0.000 vy=+0.000 wz=+0.000 frame=55 aa 10 0c 00 00 00 00 00 00 00 00 00 00 00 00 1b
2026-07-10 01:53:16.401 RX arm_feedback state=1 end=(0.0038,0.0000,0.2998) theta1=-3.1372 frame=55 aa 86 11 01 71 6c 7b 3b d4 23 8d 37 f0 83 99 3e 00 c8 48 c0 ff
2026-07-10 01:53:16.404 TX chassis mode=IDLE vx=+0.000 vy=+0.000 wz=+0.000 frame=55 aa 10 0c 00 00 00 00 00 00 00 00 00 00 00 00 1b
2026-07-10 01:53:16.419 RX arm_feedback state=1 end=(0.0038,0.0000,0.2998) theta1=-3.1372 frame=55 aa 86 11 01 71 6c 7b 3b d4 23 8d 37 f0 83 99 3e 00 c8 48 c0 ff
2026-07-10 01:53:16.421 TX chassis mode=IDLE vx=+0.000 vy=+0.000 wz=+0.000 frame=55 aa 10 0c 00 00 00 00 00 00 00 00 00 00 00 00 1b
2026-07-10 01:53:16.440 RX func=0x80 payload=00 00 00 00 00 00 00 00 00 00 00 00 00 00 00 00 be 46 02 00 frame=55 aa 80 14 00 00 00 00 00 00 00 00 00 00 00 00 00 00 00 00 be 46 02 00 99
2026-07-10 01:53:16.441 RX arm_feedback state=1 end=(0.0038,0.0000,0.2998) theta1=-3.1372 frame=55 aa 86 11 01 71 6c 7b 3b d4 23 8d 37 f0 83 99 3e 00 c8 48 c0 ff
2026-07-10 01:53:16.447 TX chassis mode=IDLE vx=+0.000 vy=+0.000 wz=+0.000 frame=55 aa 10 0c 00 00 00 00 00 00 00 00 00 00 00 00 1b
2026-07-10 01:53:16.460 RX arm_feedback state=1 end=(0.0038,0.0000,0.2998) theta1=-3.1372 frame=55 aa 86 11 01 71 6c 7b 3b d4 23 8d 37 f0 83 99 3e 00 c8 48 c0 ff
2026-07-10 01:53:16.463 TX chassis mode=IDLE vx=+0.000 vy=+0.000 wz=+0.000 frame=55 aa 10 0c 00 00 00 00 00 00 00 00 00 00 00 00 1b
2026-07-10 01:53:16.479 RX arm_feedback state=1 end=(0.0038,0.0000,0.2998) theta1=-3.1372 frame=55 aa 86 11 01 71 6c 7b 3b d4 23 8d 37 f0 83 99 3e 00 c8 48 c0 ff
2026-07-10 01:53:16.486 TX chassis mode=IDLE vx=+0.000 vy=+0.000 wz=+0.000 frame=55 aa 10 0c 00 00 00 00 00 00 00 00 00 00 00 00 1b
2026-07-10 01:53:16.500 RX arm_feedback state=1 end=(0.0038,0.0000,0.2998) theta1=-3.1372 frame=55 aa 86 11 01 71 6c 7b 3b d4 23 8d 37 f0 83 99 3e 00 c8 48 c0 ff
2026-07-10 01:53:16.504 TX chassis mode=IDLE vx=+0.000 vy=+0.000 wz=+0.000 frame=55 aa 10 0c 00 00 00 00 00 00 00 00 00 00 00 00 1b
2026-07-10 01:53:16.519 RX arm_feedback state=1 end=(0.0038,0.0000,0.2998) theta1=-3.1372 frame=55 aa 86 11 01 71 6c 7b 3b d4 23 8d 37 f0 83 99 3e 00 c8 48 c0 ff
2026-07-10 01:53:16.520 TX chassis mode=IDLE vx=+0.000 vy=+0.000 wz=+0.000 frame=55 aa 10 0c 00 00 00 00 00 00 00 00 00 00 00 00 1b
2026-07-10 01:53:16.539 RX func=0x80 payload=00 00 00 00 00 00 00 00 00 00 00 00 00 00 00 00 22 47 02 00 frame=55 aa 80 14 00 00 00 00 00 00 00 00 00 00 00 00 00 00 00 00 22 47 02 00 fe
2026-07-10 01:53:16.540 RX arm_feedback state=1 end=(0.0038,0.0000,0.2998) theta1=-3.1372 frame=55 aa 86 11 01 71 6c 7b 3b d4 23 8d 37 f0 83 99 3e 00 c8 48 c0 ff
2026-07-10 01:53:16.548 TX mode:IDLE frame=55 aa 15 01 00 15
2026-07-10 01:53:16.548 TX chassis mode=IDLE vx=+0.000 vy=+0.000 wz=+0.000 frame=55 aa 10 0c 00 00 00 00 00 00 00 00 00 00 00 00 1b
2026-07-10 01:53:16.561 RX arm_feedback state=1 end=(0.0038,0.0000,0.2998) theta1=-3.1372 frame=55 aa 86 11 01 71 6c 7b 3b d4 23 8d 37 f0 83 99 3e 00 c8 48 c0 ff
2026-07-10 01:53:16.566 TX chassis mode=IDLE vx=+0.000 vy=+0.000 wz=+0.000 frame=55 aa 10 0c 00 00 00 00 00 00 00 00 00 00 00 00 1b
2026-07-10 01:53:16.580 RX arm_feedback state=1 end=(0.0038,0.0000,0.2998) theta1=-3.1372 frame=55 aa 86 11 01 71 6c 7b 3b d4 23 8d 37 f0 83 99 3e 00 c8 48 c0 ff
2026-07-10 01:53:16.593 TX chassis mode=IDLE vx=+0.000 vy=+0.000 wz=+0.000 frame=55 aa 10 0c 00 00 00 00 00 00 00 00 00 00 00 00 1b
2026-07-10 01:53:16.601 RX arm_feedback state=1 end=(0.0038,0.0000,0.2998) theta1=-3.1372 frame=55 aa 86 11 01 71 6c 7b 3b d4 23 8d 37 f0 83 99 3e 00 c8 48 c0 ff
2026-07-10 01:53:16.603 TX chassis mode=IDLE vx=+0.000 vy=+0.000 wz=+0.000 frame=55 aa 10 0c 00 00 00 00 00 00 00 00 00 00 00 00 1b
2026-07-10 01:53:16.623 RX arm_feedback state=1 end=(0.0038,0.0000,0.2998) theta1=-3.1372 frame=55 aa 86 11 01 71 6c 7b 3b d4 23 8d 37 f0 83 99 3e 00 c8 48 c0 ff
2026-07-10 01:53:16.631 TX chassis mode=IDLE vx=+0.000 vy=+0.000 wz=+0.000 frame=55 aa 10 0c 00 00 00 00 00 00 00 00 00 00 00 00 1b
2026-07-10 01:53:16.640 RX func=0x80 payload=00 00 00 00 00 00 00 00 00 00 00 00 00 00 00 00 87 47 02 00 frame=55 aa 80 14 00 00 00 00 00 00 00 00 00 00 00 00 00 00 00 00 87 47 02 00 63
2026-07-10 01:53:16.641 RX arm_feedback state=1 end=(0.0038,0.0000,0.2998) theta1=-3.1372 frame=55 aa 86 11 01 71 6c 7b 3b d4 23 8d 37 f0 83 99 3e 00 c8 48 c0 ff
2026-07-10 01:53:16.655 TX chassis mode=IDLE vx=+0.000 vy=+0.000 wz=+0.000 frame=55 aa 10 0c 00 00 00 00 00 00 00 00 00 00 00 00 1b
2026-07-10 01:53:16.662 RX arm_feedback state=1 end=(0.0038,0.0000,0.2998) theta1=-3.1372 frame=55 aa 86 11 01 71 6c 7b 3b d4 23 8d 37 f0 83 99 3e 00 c8 48 c0 ff
2026-07-10 01:53:16.663 TX chassis mode=IDLE vx=+0.000 vy=+0.000 wz=+0.000 frame=55 aa 10 0c 00 00 00 00 00 00 00 00 00 00 00 00 1b
2026-07-10 01:53:16.679 RX func=0x81 payload=00 00 01 02 8b 85 33 bf 73 94 be bd frame=55 aa 81 0c 00 00 01 02 8b 85 33 bf 73 94 be bd 13
2026-07-10 01:53:16.683 RX arm_feedback state=1 end=(0.0038,0.0000,0.2998) theta1=-3.1372 frame=55 aa 86 11 01 71 6c 7b 3b d4 23 8d 37 f0 83 99 3e 00 c8 48 c0 ff
2026-07-10 01:53:16.685 TX chassis mode=IDLE vx=+0.000 vy=+0.000 wz=+0.000 frame=55 aa 10 0c 00 00 00 00 00 00 00 00 00 00 00 00 1b
2026-07-10 01:53:16.702 RX arm_feedback state=1 end=(0.0038,0.0000,0.2998) theta1=-3.1372 frame=55 aa 86 11 01 71 6c 7b 3b d4 23 8d 37 f0 83 99 3e 00 c8 48 c0 ff
2026-07-10 01:53:16.703 TX chassis mode=IDLE vx=+0.000 vy=+0.000 wz=+0.000 frame=55 aa 10 0c 00 00 00 00 00 00 00 00 00 00 00 00 1b
2026-07-10 01:53:16.725 RX arm_feedback state=1 end=(0.0038,0.0000,0.2998) theta1=-3.1372 frame=55 aa 86 11 01 71 6c 7b 3b d4 23 8d 37 f0 83 99 3e 00 c8 48 c0 ff
2026-07-10 01:53:16.727 TX chassis mode=IDLE vx=+0.000 vy=+0.000 wz=+0.000 frame=55 aa 10 0c 00 00 00 00 00 00 00 00 00 00 00 00 1b
2026-07-10 01:53:16.749 RX func=0x80 payload=00 00 00 00 00 00 00 00 00 00 00 00 00 00 00 00 ec 47 02 00 frame=55 aa 80 14 00 00 00 00 00 00 00 00 00 00 00 00 00 00 00 00 ec 47 02 00 c8
2026-07-10 01:53:16.750 RX arm_feedback state=1 end=(0.0038,0.0000,0.2998) theta1=-3.1372 frame=55 aa 86 11 01 71 6c 7b 3b d4 23 8d 37 f0 83 99 3e 00 c8 48 c0 ff
2026-07-10 01:53:16.750 TX mode:IDLE frame=55 aa 15 01 00 15
2026-07-10 01:53:16.751 TX chassis mode=IDLE vx=+0.000 vy=+0.000 wz=+0.000 frame=55 aa 10 0c 00 00 00 00 00 00 00 00 00 00 00 00 1b
2026-07-10 01:53:16.788 RX arm_feedback state=1 end=(0.0038,0.0000,0.2998) theta1=-3.1372 frame=55 aa 86 11 01 71 6c 7b 3b d4 23 8d 37 f0 83 99 3e 00 c8 48 c0 ff
2026-07-10 01:53:16.789 RX arm_feedback state=1 end=(0.0038,0.0000,0.2998) theta1=-3.1372 frame=55 aa 86 11 01 71 6c 7b 3b d4 23 8d 37 f0 83 99 3e 00 c8 48 c0 ff
2026-07-10 01:53:16.809 TX chassis mode=IDLE vx=+0.000 vy=+0.000 wz=+0.000 frame=55 aa 10 0c 00 00 00 00 00 00 00 00 00 00 00 00 1b
2026-07-10 01:53:16.810 RX arm_feedback state=1 end=(0.0038,0.0000,0.2998) theta1=-3.1372 frame=55 aa 86 11 01 71 6c 7b 3b d4 23 8d 37 f0 83 99 3e 00 c8 48 c0 ff
2026-07-10 01:53:16.834 TX chassis mode=IDLE vx=+0.000 vy=+0.000 wz=+0.000 frame=55 aa 10 0c 00 00 00 00 00 00 00 00 00 00 00 00 1b
2026-07-10 01:53:16.845 RX arm_feedback state=1 end=(0.0038,0.0000,0.2998) theta1=-3.1372 frame=55 aa 86 11 01 71 6c 7b 3b d4 23 8d 37 f0 83 99 3e 00 c8 48 c0 ff
2026-07-10 01:53:16.846 RX func=0x80 payload=00 00 00 00 00 00 00 00 00 00 00 00 00 00 00 00 54 48 02 00 frame=55 aa 80 14 00 00 00 00 00 00 00 00 00 00 00 00 00 00 00 00 54 48 02 00 31
2026-07-10 01:53:16.872 TX chassis mode=IDLE vx=+0.000 vy=+0.000 wz=+0.000 frame=55 aa 10 0c 00 00 00 00 00 00 00 00 00 00 00 00 1b
2026-07-10 01:53:16.873 RX arm_feedback state=1 end=(0.0038,0.0000,0.2998) theta1=-3.1372 frame=55 aa 86 11 01 71 6c 7b 3b d4 23 8d 37 f0 83 99 3e 00 c8 48 c0 ff
2026-07-10 01:53:16.876 RX arm_feedback state=1 end=(0.0038,0.0000,0.2998) theta1=-3.1372 frame=55 aa 86 11 01 71 6c 7b 3b d4 23 8d 37 f0 83 99 3e 00 c8 48 c0 ff
2026-07-10 01:53:16.876 RX func=0x81 payload=01 00 01 02 17 53 09 c0 00 00 00 80 frame=55 aa 81 0c 01 00 01 02 17 53 09 c0 00 00 00 80 43
2026-07-10 01:53:16.901 TX chassis mode=IDLE vx=+0.000 vy=+0.000 wz=+0.000 frame=55 aa 10 0c 00 00 00 00 00 00 00 00 00 00 00 00 1b
2026-07-10 01:53:16.902 RX arm_feedback state=1 end=(0.0038,0.0000,0.2998) theta1=-3.1372 frame=55 aa 86 11 01 71 6c 7b 3b d4 23 8d 37 f0 83 99 3e 00 c8 48 c0 ff
2026-07-10 01:53:16.949 RX arm_feedback state=1 end=(0.0038,0.0000,0.2998) theta1=-3.1372 frame=55 aa 86 11 01 71 6c 7b 3b d4 23 8d 37 f0 83 99 3e 00 c8 48 c0 ff
2026-07-10 01:53:16.950 TX chassis mode=IDLE vx=+0.000 vy=+0.000 wz=+0.000 frame=55 aa 10 0c 00 00 00 00 00 00 00 00 00 00 00 00 1b
2026-07-10 01:53:16.968 RX arm_feedback state=1 end=(0.0038,0.0000,0.2998) theta1=-3.1372 frame=55 aa 86 11 01 71 6c 7b 3b d4 23 8d 37 f0 83 99 3e 00 c8 48 c0 ff
2026-07-10 01:53:16.969 RX func=0x80 payload=00 00 00 00 00 00 00 00 00 00 00 00 00 00 00 00 b8 48 02 00 frame=55 aa 80 14 00 00 00 00 00 00 00 00 00 00 00 00 00 00 00 00 b8 48 02 00 95
2026-07-10 01:53:17.015 RX arm_feedback state=1 end=(0.0038,0.0000,0.2998) theta1=-3.1372 frame=55 aa 86 11 01 71 6c 7b 3b d4 23 8d 37 f0 83 99 3e 00 c8 48 c0 ff
2026-07-10 01:53:17.022 RX arm_feedback state=1 end=(0.0038,0.0000,0.2998) theta1=-3.1372 frame=55 aa 86 11 01 71 6c 7b 3b d4 23 8d 37 f0 83 99 3e 00 c8 48 c0 ff
2026-07-10 01:53:17.044 TX mode:IDLE frame=55 aa 15 01 00 15
2026-07-10 01:53:17.056 TX chassis mode=IDLE vx=+0.000 vy=+0.000 wz=+0.000 frame=55 aa 10 0c 00 00 00 00 00 00 00 00 00 00 00 00 1b
2026-07-10 01:53:17.070 RX arm_feedback state=1 end=(0.0038,0.0000,0.2998) theta1=-3.1372 frame=55 aa 86 11 01 71 6c 7b 3b d4 23 8d 37 f0 83 99 3e 00 c8 48 c0 ff
2026-07-10 01:53:17.089 RX arm_feedback state=1 end=(0.0038,0.0000,0.2998) theta1=-3.1372 frame=55 aa 86 11 01 71 6c 7b 3b d4 23 8d 37 f0 83 99 3e 00 c8 48 c0 ff
2026-07-10 01:53:17.105 RX arm_feedback state=1 end=(0.0038,0.0000,0.2998) theta1=-3.1372 frame=55 aa 86 11 01 71 6c 7b 3b d4 23 8d 37 f0 83 99 3e 00 c8 48 c0 ff
2026-07-10 01:53:17.106 RX func=0x80 payload=00 00 00 00 00 00 00 00 00 00 00 00 00 00 00 00 1f 49 02 00 frame=55 aa 80 14 00 00 00 00 00 00 00 00 00 00 00 00 00 00 00 00 1f 49 02 00 fd
2026-07-10 01:53:17.124 RX arm_feedback state=1 end=(0.0038,0.0000,0.2998) theta1=-3.1372 frame=55 aa 86 11 01 71 6c 7b 3b d4 23 8d 37 f0 83 99 3e 00 c8 48 c0 ff
2026-07-10 01:53:17.153 TX chassis mode=IDLE vx=+0.000 vy=+0.000 wz=+0.000 frame=55 aa 10 0c 00 00 00 00 00 00 00 00 00 00 00 00 1b
2026-07-10 01:53:17.184 RX arm_feedback state=1 end=(0.0038,0.0000,0.2998) theta1=-3.1372 frame=55 aa 86 11 01 71 6c 7b 3b d4 23 8d 37 f0 83 99 3e 00 c8 48 c0 ff
2026-07-10 01:53:17.195 RX func=0x81 payload=02 00 01 01 c2 2f e1 3c 00 00 00 80 frame=55 aa 81 0c 02 00 01 01 c2 2f e1 3c 00 00 00 80 1e
2026-07-10 01:53:17.200 RX arm_feedback state=1 end=(0.0038,0.0000,0.2998) theta1=-3.1372 frame=55 aa 86 11 01 71 6c 7b 3b d4 23 8d 37 f0 83 99 3e 00 c8 48 c0 ff
2026-07-10 01:53:17.201 RX arm_feedback state=1 end=(0.0038,0.0000,0.2998) theta1=-3.1372 frame=55 aa 86 11 01 71 6c 7b 3b d4 23 8d 37 f0 83 99 3e 00 c8 48 c0 ff
2026-07-10 01:53:17.211 RX arm_feedback state=1 end=(0.0038,0.0000,0.2998) theta1=-3.1372 frame=55 aa 86 11 01 71 6c 7b 3b d4 23 8d 37 f0 83 99 3e 00 c8 48 c0 ff
2026-07-10 01:53:17.217 RX func=0x80 payload=00 00 00 00 00 00 00 00 00 00 00 00 00 00 00 00 86 49 02 00 frame=55 aa 80 14 00 00 00 00 00 00 00 00 00 00 00 00 00 00 00 00 86 49 02 00 64
2026-07-10 01:53:17.218 RX arm_feedback state=1 end=(0.0038,0.0000,0.2998) theta1=-3.1372 frame=55 aa 86 11 01 71 6c 7b 3b d4 23 8d 37 f0 83 99 3e 00 c8 48 c0 ff
2026-07-10 01:53:17.234 RX arm_feedback state=1 end=(0.0038,0.0000,0.2998) theta1=-3.1372 frame=55 aa 86 11 01 71 6c 7b 3b d4 23 8d 37 f0 83 99 3e 00 c8 48 c0 ff
2026-07-10 01:53:17.246 RX arm_feedback state=1 end=(0.0038,0.0000,0.2998) theta1=-3.1372 frame=55 aa 86 11 01 71 6c 7b 3b d4 23 8d 37 f0 83 99 3e 00 c8 48 c0 ff
2026-07-10 01:53:17.247 TX mode:IDLE frame=55 aa 15 01 00 15
2026-07-10 01:53:17.247 TX chassis mode=IDLE vx=+0.000 vy=+0.000 wz=+0.000 frame=55 aa 10 0c 00 00 00 00 00 00 00 00 00 00 00 00 1b
2026-07-10 01:53:17.248 RX arm_feedback state=1 end=(0.0038,0.0000,0.2998) theta1=-3.1372 frame=55 aa 86 11 01 71 6c 7b 3b d4 23 8d 37 f0 83 99 3e 00 c8 48 c0 ff
2026-07-10 01:53:17.267 RX arm_feedback state=1 end=(0.0038,0.0000,0.2998) theta1=-3.1372 frame=55 aa 86 11 01 71 6c 7b 3b d4 23 8d 37 f0 83 99 3e 00 c8 48 c0 ff
2026-07-10 01:53:17.268 RX func=0x80 payload=00 00 00 00 00 00 00 00 00 00 00 00 00 00 00 00 ed 49 02 00 frame=55 aa 80 14 00 00 00 00 00 00 00 00 00 00 00 00 00 00 00 00 ed 49 02 00 cb
2026-07-10 01:53:17.283 RX arm_feedback state=1 end=(0.0038,0.0000,0.2998) theta1=-3.1372 frame=55 aa 86 11 01 71 6c 7b 3b d4 23 8d 37 f0 83 99 3e 00 c8 48 c0 ff
2026-07-10 01:53:17.292 TX chassis mode=IDLE vx=+0.000 vy=+0.000 wz=+0.000 frame=55 aa 10 0c 00 00 00 00 00 00 00 00 00 00 00 00 1b
2026-07-10 01:53:17.293 RX arm_feedback state=1 end=(0.0038,0.0000,0.2998) theta1=-3.1372 frame=55 aa 86 11 01 71 6c 7b 3b d4 23 8d 37 f0 83 99 3e 00 c8 48 c0 ff
2026-07-10 01:53:17.311 RX func=0x81 payload=03 00 01 02 73 aa 1b c0 db 57 5e 3d frame=55 aa 81 0c 03 00 01 02 73 aa 1b c0 db 57 5e 3d 57
2026-07-10 01:53:17.314 RX arm_feedback state=1 end=(0.0038,0.0000,0.2998) theta1=-3.1372 frame=55 aa 86 11 01 71 6c 7b 3b d4 23 8d 37 f0 83 99 3e 00 c8 48 c0 ff
2026-07-10 01:53:17.327 TX chassis mode=IDLE vx=+0.000 vy=+0.000 wz=+0.000 frame=55 aa 10 0c 00 00 00 00 00 00 00 00 00 00 00 00 1b
2026-07-10 01:53:17.335 RX arm_feedback state=1 end=(0.0038,0.0000,0.2998) theta1=-3.1372 frame=55 aa 86 11 01 71 6c 7b 3b d4 23 8d 37 f0 83 99 3e 00 c8 48 c0 ff
2026-07-10 01:53:17.350 RX arm_feedback state=1 end=(0.0038,0.0000,0.2998) theta1=-3.1372 frame=55 aa 86 11 01 71 6c 7b 3b d4 23 8d 37 f0 83 99 3e 00 c8 48 c0 ff
2026-07-10 01:53:17.365 TX chassis mode=IDLE vx=+0.000 vy=+0.000 wz=+0.000 frame=55 aa 10 0c 00 00 00 00 00 00 00 00 00 00 00 00 1b
2026-07-10 01:53:17.366 RX func=0x80 payload=00 00 00 00 00 00 00 00 00 00 00 00 00 00 00 00 51 4a 02 00 frame=55 aa 80 14 00 00 00 00 00 00 00 00 00 00 00 00 00 00 00 00 51 4a 02 00 30
2026-07-10 01:53:17.382 RX arm_feedback state=1 end=(0.0038,0.0000,0.2998) theta1=-3.1372 frame=55 aa 86 11 01 71 6c 7b 3b d4 23 8d 37 f0 83 99 3e 00 c8 48 c0 ff
2026-07-10 01:53:17.396 RX arm_feedback state=1 end=(0.0038,0.0000,0.2998) theta1=-3.1372 frame=55 aa 86 11 01 71 6c 7b 3b d4 23 8d 37 f0 83 99 3e 00 c8 48 c0 ff
2026-07-10 01:53:17.397 TX chassis mode=IDLE vx=+0.000 vy=+0.000 wz=+0.000 frame=55 aa 10 0c 00 00 00 00 00 00 00 00 00 00 00 00 1b
2026-07-10 01:53:17.402 RX arm_feedback state=1 end=(0.0038,0.0000,0.2998) theta1=-3.1372 frame=55 aa 86 11 01 71 6c 7b 3b d4 23 8d 37 f0 83 99 3e 00 c8 48 c0 ff
2026-07-10 01:53:17.408 TX mode:IDLE frame=55 aa 15 01 00 15
2026-07-10 01:53:17.413 TX chassis mode=IDLE vx=+0.000 vy=+0.000 wz=+0.000 frame=55 aa 10 0c 00 00 00 00 00 00 00 00 00 00 00 00 1b
2026-07-10 01:53:17.425 RX arm_feedback state=1 end=(0.0038,0.0000,0.2998) theta1=-3.1372 frame=55 aa 86 11 01 71 6c 7b 3b d4 23 8d 37 f0 83 99 3e 00 c8 48 c0 ff
2026-07-10 01:53:17.433 TX chassis mode=IDLE vx=+0.000 vy=+0.000 wz=+0.000 frame=55 aa 10 0c 00 00 00 00 00 00 00 00 00 00 00 00 1b
2026-07-10 01:53:17.434 RX arm_feedback state=1 end=(0.0038,0.0000,0.2998) theta1=-3.1372 frame=55 aa 86 11 01 71 6c 7b 3b d4 23 8d 37 f0 83 99 3e 00 c8 48 c0 ff
2026-07-10 01:53:17.449 TX chassis mode=IDLE vx=+0.000 vy=+0.000 wz=+0.000 frame=55 aa 10 0c 00 00 00 00 00 00 00 00 00 00 00 00 1b
2026-07-10 01:53:17.459 RX func=0x80 payload=00 00 00 00 00 00 00 00 00 00 00 00 00 00 00 00 b7 4a 02 00 frame=55 aa 80 14 00 00 00 00 00 00 00 00 00 00 00 00 00 00 00 00 b7 4a 02 00 96
2026-07-10 01:53:17.465 RX arm_feedback state=1 end=(0.0038,0.0000,0.2998) theta1=-3.1372 frame=55 aa 86 11 01 71 6c 7b 3b d4 23 8d 37 f0 83 99 3e 00 c8 48 c0 ff
2026-07-10 01:53:17.475 TX chassis mode=IDLE vx=+0.000 vy=+0.000 wz=+0.000 frame=55 aa 10 0c 00 00 00 00 00 00 00 00 00 00 00 00 1b
2026-07-10 01:53:17.483 RX arm_feedback state=1 end=(0.0038,0.0000,0.2998) theta1=-3.1372 frame=55 aa 86 11 01 71 6c 7b 3b d4 23 8d 37 f0 83 99 3e 00 c8 48 c0 ff
2026-07-10 01:53:17.493 RX func=0x81 payload=04 00 01 02 cd 9b 7f bf 73 94 be 3c frame=55 aa 81 0c 04 00 01 02 cd 9b 7f bf 73 94 be 3c 3a
2026-07-10 01:53:17.506 TX chassis mode=IDLE vx=+0.000 vy=+0.000 wz=+0.000 frame=55 aa 10 0c 00 00 00 00 00 00 00 00 00 00 00 00 1b
2026-07-10 01:53:17.517 RX arm_feedback state=1 end=(0.0038,0.0000,0.2998) theta1=-3.1372 frame=55 aa 86 11 01 71 6c 7b 3b d4 23 8d 37 f0 83 99 3e 00 c8 48 c0 ff
2026-07-10 01:53:17.539 RX arm_feedback state=1 end=(0.0038,0.0000,0.2998) theta1=-3.1372 frame=55 aa 86 11 01 71 6c 7b 3b d4 23 8d 37 f0 83 99 3e 00 c8 48 c0 ff
2026-07-10 01:53:17.552 TX chassis mode=IDLE vx=+0.000 vy=+0.000 wz=+0.000 frame=55 aa 10 0c 00 00 00 00 00 00 00 00 00 00 00 00 1b
2026-07-10 01:53:17.568 RX arm_feedback state=1 end=(0.0038,0.0000,0.2998) theta1=-3.1372 frame=55 aa 86 11 01 71 6c 7b 3b d4 23 8d 37 f0 83 99 3e 00 c8 48 c0 ff
2026-07-10 01:53:17.574 RX func=0x80 payload=00 00 00 00 00 00 00 00 00 00 00 00 00 00 00 00 1b 4b 02 00 frame=55 aa 80 14 00 00 00 00 00 00 00 00 00 00 00 00 00 00 00 00 1b 4b 02 00 fb
2026-07-10 01:53:17.594 RX arm_feedback state=1 end=(0.0038,0.0000,0.2998) theta1=-3.1372 frame=55 aa 86 11 01 71 6c 7b 3b d4 23 8d 37 f0 83 99 3e 00 c8 48 c0 ff
2026-07-10 01:53:17.619 TX chassis mode=IDLE vx=+0.000 vy=+0.000 wz=+0.000 frame=55 aa 10 0c 00 00 00 00 00 00 00 00 00 00 00 00 1b
2026-07-10 01:53:17.640 RX arm_feedback state=1 end=(0.0038,0.0000,0.2998) theta1=-3.1372 frame=55 aa 86 11 01 71 6c 7b 3b d4 23 8d 37 f0 83 99 3e 00 c8 48 c0 ff
2026-07-10 01:53:17.660 RX arm_feedback state=1 end=(0.0038,0.0000,0.2998) theta1=-3.1372 frame=55 aa 86 11 01 71 6c 7b 3b d4 23 8d 37 f0 83 99 3e 00 c8 48 c0 ff
2026-07-10 01:53:17.680 RX arm_feedback state=1 end=(0.0038,0.0000,0.2998) theta1=-3.1372 frame=55 aa 86 11 01 71 6c 7b 3b d4 23 8d 37 f0 83 99 3e 00 c8 48 c0 ff
2026-07-10 01:53:17.690 RX arm_feedback state=1 end=(0.0038,0.0000,0.2998) theta1=-3.1372 frame=55 aa 86 11 01 71 6c 7b 3b d4 23 8d 37 f0 83 99 3e 00 c8 48 c0 ff
2026-07-10 01:53:17.716 TX mode:IDLE frame=55 aa 15 01 00 15
2026-07-10 01:53:17.721 TX chassis mode=IDLE vx=+0.000 vy=+0.000 wz=+0.000 frame=55 aa 10 0c 00 00 00 00 00 00 00 00 00 00 00 00 1b
2026-07-10 01:53:17.731 RX arm_feedback state=1 end=(0.0038,0.0000,0.2998) theta1=-3.1372 frame=55 aa 86 11 01 71 6c 7b 3b d4 23 8d 37 f0 83 99 3e 00 c8 48 c0 ff
2026-07-10 01:53:17.750 RX arm_feedback state=1 end=(0.0038,0.0000,0.2998) theta1=-3.1372 frame=55 aa 86 11 01 71 6c 7b 3b d4 23 8d 37 f0 83 99 3e 00 c8 48 c0 ff
2026-07-10 01:53:17.758 RX func=0x81 payload=05 00 01 01 8e 88 b8 bc 00 00 00 80 frame=55 aa 81 0c 05 00 01 01 8e 88 b8 bc 00 00 00 80 9d
2026-07-10 01:53:17.780 RX arm_feedback state=1 end=(0.0038,0.0000,0.2998) theta1=-3.1372 frame=55 aa 86 11 01 71 6c 7b 3b d4 23 8d 37 f0 83 99 3e 00 c8 48 c0 ff
2026-07-10 01:53:17.797 RX arm_feedback state=1 end=(0.0038,0.0000,0.2998) theta1=-3.1372 frame=55 aa 86 11 01 71 6c 7b 3b d4 23 8d 37 f0 83 99 3e 00 c8 48 c0 ff
2026-07-10 01:53:17.801 TX chassis mode=IDLE vx=+0.000 vy=+0.000 wz=+0.000 frame=55 aa 10 0c 00 00 00 00 00 00 00 00 00 00 00 00 1b
2026-07-10 01:53:17.813 RX arm_feedback state=1 end=(0.0038,0.0000,0.2998) theta1=-3.1372 frame=55 aa 86 11 01 71 6c 7b 3b d4 23 8d 37 f0 83 99 3e 00 c8 48 c0 ff
2026-07-10 01:53:17.814 RX func=0x80 payload=00 00 00 00 00 00 00 00 00 00 00 00 00 00 00 00 e7 4b 02 00 frame=55 aa 80 14 00 00 00 00 00 00 00 00 00 00 00 00 00 00 00 00 e7 4b 02 00 c7
2026-07-10 01:53:17.824 RX arm_feedback state=1 end=(0.0038,0.0000,0.2998) theta1=-3.1372 frame=55 aa 86 11 01 71 6c 7b 3b d4 23 8d 37 f0 83 99 3e 00 c8 48 c0 ff
2026-07-10 01:53:17.837 RX arm_feedback state=1 end=(0.0038,0.0000,0.2998) theta1=-3.1372 frame=55 aa 86 11 01 71 6c 7b 3b d4 23 8d 37 f0 83 99 3e 00 c8 48 c0 ff
2026-07-10 01:53:17.858 RX arm_feedback state=1 end=(0.0038,0.0000,0.2998) theta1=-3.1372 frame=55 aa 86 11 01 71 6c 7b 3b d4 23 8d 37 f0 83 99 3e 00 c8 48 c0 ff
2026-07-10 01:53:17.868 RX arm_feedback state=1 end=(0.0038,0.0000,0.2998) theta1=-3.1372 frame=55 aa 86 11 01 71 6c 7b 3b d4 23 8d 37 f0 83 99 3e 00 c8 48 c0 ff
2026-07-10 01:53:17.886 TX chassis mode=IDLE vx=+0.000 vy=+0.000 wz=+0.000 frame=55 aa 10 0c 00 00 00 00 00 00 00 00 00 00 00 00 1b
2026-07-10 01:53:17.895 RX arm_feedback state=1 end=(0.0038,0.0000,0.2998) theta1=-3.1372 frame=55 aa 86 11 01 71 6c 7b 3b d4 23 8d 37 f0 83 99 3e 00 c8 48 c0 ff
2026-07-10 01:53:17.907 RX arm_feedback state=1 end=(0.0038,0.0000,0.2998) theta1=-3.1372 frame=55 aa 86 11 01 71 6c 7b 3b d4 23 8d 37 f0 83 99 3e 00 c8 48 c0 ff
2026-07-10 01:53:17.915 RX func=0x80 payload=00 00 00 00 00 00 00 00 00 00 00 00 00 00 00 00 4f 4c 02 00 frame=55 aa 80 14 00 00 00 00 00 00 00 00 00 00 00 00 00 00 00 00 4f 4c 02 00 30
2026-07-10 01:53:17.943 RX arm_feedback state=1 end=(0.0038,0.0000,0.2998) theta1=-3.1372 frame=55 aa 86 11 01 71 6c 7b 3b d4 23 8d 37 f0 83 99 3e 00 c8 48 c0 ff
2026-07-10 01:53:17.954 RX func=0x81 payload=06 00 01 02 af f8 33 bf 56 ef 0e bd frame=55 aa 81 0c 06 00 01 02 af f8 33 bf 56 ef 0e bd 3e
2026-07-10 01:53:17.965 RX arm_feedback state=1 end=(0.0038,0.0000,0.2998) theta1=-3.1372 frame=55 aa 86 11 01 71 6c 7b 3b d4 23 8d 37 f0 83 99 3e 00 c8 48 c0 ff
2026-07-10 01:53:17.971 TX mode:IDLE frame=55 aa 15 01 00 15
2026-07-10 01:53:17.974 TX chassis mode=IDLE vx=+0.000 vy=+0.000 wz=+0.000 frame=55 aa 10 0c 00 00 00 00 00 00 00 00 00 00 00 00 1b
2026-07-10 01:53:17.988 RX arm_feedback state=1 end=(0.0038,0.0000,0.2998) theta1=-3.1372 frame=55 aa 86 11 01 71 6c 7b 3b d4 23 8d 37 f0 83 99 3e 00 c8 48 c0 ff
2026-07-10 01:53:17.993 RX arm_feedback state=1 end=(0.0038,0.0000,0.2998) theta1=-3.1372 frame=55 aa 86 11 01 71 6c 7b 3b d4 23 8d 37 f0 83 99 3e 00 c8 48 c0 ff
2026-07-10 01:53:18.006 RX arm_feedback state=1 end=(0.0038,0.0000,0.2998) theta1=-3.1372 frame=55 aa 86 11 01 71 6c 7b 3b d4 23 8d 37 f0 83 99 3e 00 c8 48 c0 ff
2026-07-10 01:53:18.023 RX func=0x80 payload=00 00 00 00 00 00 00 00 00 00 00 00 00 00 00 00 b6 4c 02 00 frame=55 aa 80 14 00 00 00 00 00 00 00 00 00 00 00 00 00 00 00 00 b6 4c 02 00 97
2026-07-10 01:53:18.033 RX arm_feedback state=1 end=(0.0038,0.0000,0.2998) theta1=-3.1372 frame=55 aa 86 11 01 71 6c 7b 3b d4 23 8d 37 f0 83 99 3e 00 c8 48 c0 ff
2026-07-10 01:53:18.044 TX chassis mode=IDLE vx=+0.000 vy=+0.000 wz=+0.000 frame=55 aa 10 0c 00 00 00 00 00 00 00 00 00 00 00 00 1b
2026-07-10 01:53:18.058 RX arm_feedback state=1 end=(0.0038,0.0000,0.2998) theta1=-3.1372 frame=55 aa 86 11 01 71 6c 7b 3b d4 23 8d 37 f0 83 99 3e 00 c8 48 c0 ff
2026-07-10 01:53:18.071 RX arm_feedback state=1 end=(0.0038,0.0000,0.2998) theta1=-3.1372 frame=55 aa 86 11 01 71 6c 7b 3b d4 23 8d 37 f0 83 99 3e 00 c8 48 c0 ff
2026-07-10 01:53:18.086 RX arm_feedback state=1 end=(0.0038,0.0000,0.2998) theta1=-3.1372 frame=55 aa 86 11 01 71 6c 7b 3b d4 23 8d 37 f0 83 99 3e 00 c8 48 c0 ff
2026-07-10 01:53:18.100 RX arm_feedback state=1 end=(0.0038,0.0000,0.2998) theta1=-3.1372 frame=55 aa 86 11 01 71 6c 7b 3b d4 23 8d 37 f0 83 99 3e 00 c8 48 c0 ff
2026-07-10 01:53:18.115 RX func=0x80 payload=00 00 00 00 00 00 00 00 00 00 00 00 00 00 00 00 1d 4d 02 00 frame=55 aa 80 14 00 00 00 00 00 00 00 00 00 00 00 00 00 00 00 00 1d 4d 02 00 ff
2026-07-10 01:53:18.124 TX chassis mode=IDLE vx=+0.000 vy=+0.000 wz=+0.000 frame=55 aa 10 0c 00 00 00 00 00 00 00 00 00 00 00 00 1b
2026-07-10 01:53:18.137 RX arm_feedback state=1 end=(0.0038,0.0000,0.2998) theta1=-3.1372 frame=55 aa 86 11 01 71 6c 7b 3b d4 23 8d 37 f0 83 99 3e 00 c8 48 c0 ff
2026-07-10 01:53:18.145 RX func=0x81 payload=07 00 01 02 fa 55 08 c0 56 ef 8e bd frame=55 aa 81 0c 07 00 01 02 fa 55 08 c0 56 ef 8e bd 3d
2026-07-10 01:53:18.156 RX arm_feedback state=1 end=(0.0038,0.0000,0.2998) theta1=-3.1372 frame=55 aa 86 11 01 71 6c 7b 3b d4 23 8d 37 f0 83 99 3e 00 c8 48 c0 ff
2026-07-10 01:53:18.174 RX arm_feedback state=1 end=(0.0038,0.0000,0.2998) theta1=-3.1372 frame=55 aa 86 11 01 71 6c 7b 3b d4 23 8d 37 f0 83 99 3e 00 c8 48 c0 ff
2026-07-10 01:53:18.186 TX mode:IDLE frame=55 aa 15 01 00 15
2026-07-10 01:53:18.191 TX chassis mode=IDLE vx=+0.000 vy=+0.000 wz=+0.000 frame=55 aa 10 0c 00 00 00 00 00 00 00 00 00 00 00 00 1b
2026-07-10 01:53:18.203 RX arm_feedback state=1 end=(0.0038,0.0000,0.2998) theta1=-3.1372 frame=55 aa 86 11 01 71 6c 7b 3b d4 23 8d 37 f0 83 99 3e 00 c8 48 c0 ff
2026-07-10 01:53:18.214 RX arm_feedback state=1 end=(0.0038,0.0000,0.2998) theta1=-3.1372 frame=55 aa 86 11 01 71 6c 7b 3b d4 23 8d 37 f0 83 99 3e 00 c8 48 c0 ff
2026-07-10 01:53:18.225 RX func=0x80 payload=00 00 00 00 00 00 00 00 00 00 00 00 00 00 00 00 85 4d 02 00 frame=55 aa 80 14 00 00 00 00 00 00 00 00 00 00 00 00 00 00 00 00 85 4d 02 00 67
2026-07-10 01:53:18.236 RX arm_feedback state=1 end=(0.0038,0.0000,0.2998) theta1=-3.1372 frame=55 aa 86 11 01 71 6c 7b 3b d4 23 8d 37 f0 83 99 3e 00 c8 48 c0 ff
2026-07-10 01:53:18.250 RX arm_feedback state=1 end=(0.0038,0.0000,0.2998) theta1=-3.1372 frame=55 aa 86 11 01 71 6c 7b 3b d4 23 8d 37 f0 83 99 3e 00 c8 48 c0 ff
2026-07-10 01:53:18.266 TX chassis mode=IDLE vx=+0.000 vy=+0.000 wz=+0.000 frame=55 aa 10 0c 00 00 00 00 00 00 00 00 00 00 00 00 1b
2026-07-10 01:53:18.282 RX arm_feedback state=1 end=(0.0038,0.0000,0.2998) theta1=-3.1372 frame=55 aa 86 11 01 71 6c 7b 3b d4 23 8d 37 f0 83 99 3e 00 c8 48 c0 ff
2026-07-10 01:53:18.298 RX arm_feedback state=1 end=(0.0038,0.0000,0.2998) theta1=-3.1372 frame=55 aa 86 11 01 71 6c 7b 3b d4 23 8d 37 f0 83 99 3e 00 c8 48 c0 ff
2026-07-10 01:53:18.317 RX arm_feedback state=1 end=(0.0038,0.0000,0.2998) theta1=-3.1372 frame=55 aa 86 11 01 71 6c 7b 3b d4 23 8d 37 f0 83 99 3e 00 c8 48 c0 ff
2026-07-10 01:53:18.323 RX func=0x80 payload=00 00 00 00 00 00 00 00 00 00 00 00 00 00 00 00 eb 4d 02 00 frame=55 aa 80 14 00 00 00 00 00 00 00 00 00 00 00 00 00 00 00 00 eb 4d 02 00 cd
2026-07-10 01:53:18.324 TX chassis mode=IDLE vx=+0.000 vy=+0.000 wz=+0.000 frame=55 aa 10 0c 00 00 00 00 00 00 00 00 00 00 00 00 1b
2026-07-10 01:53:18.354 RX arm_feedback state=1 end=(0.0038,0.0000,0.2998) theta1=-3.1372 frame=55 aa 86 11 01 71 6c 7b 3b d4 23 8d 37 f0 83 99 3e 00 c8 48 c0 ff
2026-07-10 01:53:18.366 RX func=0x81 payload=08 00 01 01 10 aa cb bc 00 00 00 00 frame=55 aa 81 0c 08 00 01 01 10 aa cb bc 00 00 00 00 d7
2026-07-10 01:53:18.375 RX arm_feedback state=1 end=(0.0038,0.0000,0.2998) theta1=-3.1372 frame=55 aa 86 11 01 71 6c 7b 3b d4 23 8d 37 f0 83 99 3e 00 c8 48 c0 ff
2026-07-10 01:53:18.401 RX arm_feedback state=1 end=(0.0038,0.0000,0.2998) theta1=-3.1372 frame=55 aa 86 11 01 71 6c 7b 3b d4 23 8d 37 f0 83 99 3e 00 c8 48 c0 ff
2026-07-10 01:53:18.422 RX arm_feedback state=1 end=(0.0038,0.0000,0.2998) theta1=-3.1372 frame=55 aa 86 11 01 71 6c 7b 3b d4 23 8d 37 f0 83 99 3e 00 c8 48 c0 ff
2026-07-10 01:53:18.423 TX mode:IDLE frame=55 aa 15 01 00 15
2026-07-10 01:53:18.446 TX chassis mode=IDLE vx=+0.000 vy=+0.000 wz=+0.000 frame=55 aa 10 0c 00 00 00 00 00 00 00 00 00 00 00 00 1b
2026-07-10 01:53:18.461 RX arm_feedback state=1 end=(0.0038,0.0000,0.2998) theta1=-3.1372 frame=55 aa 86 11 01 71 6c 7b 3b d4 23 8d 37 f0 83 99 3e 00 c8 48 c0 ff
2026-07-10 01:53:18.477 RX func=0x80 payload=00 00 00 00 00 00 00 00 00 00 00 00 00 00 00 00 4f 4e 02 00 frame=55 aa 80 14 00 00 00 00 00 00 00 00 00 00 00 00 00 00 00 00 4f 4e 02 00 32
2026-07-10 01:53:18.496 RX arm_feedback state=1 end=(0.0038,0.0000,0.2998) theta1=-3.1372 frame=55 aa 86 11 01 71 6c 7b 3b d4 23 8d 37 f0 83 99 3e 00 c8 48 c0 ff
2026-07-10 01:53:18.519 RX arm_feedback state=1 end=(0.0038,0.0000,0.2998) theta1=-3.1372 frame=55 aa 86 11 01 71 6c 7b 3b d4 23 8d 37 f0 83 99 3e 00 c8 48 c0 ff
2026-07-10 01:53:18.541 RX arm_feedback state=1 end=(0.0038,0.0000,0.2998) theta1=-3.1372 frame=55 aa 86 11 01 71 6c 7b 3b d4 23 8d 37 f0 83 99 3e 00 c8 48 c0 ff
2026-07-10 01:53:18.563 RX arm_feedback state=1 end=(0.0038,0.0000,0.2998) theta1=-3.1372 frame=55 aa 86 11 01 71 6c 7b 3b d4 23 8d 37 f0 83 99 3e 00 c8 48 c0 ff
2026-07-10 01:53:18.583 TX chassis mode=IDLE vx=+0.000 vy=+0.000 wz=+0.000 frame=55 aa 10 0c 00 00 00 00 00 00 00 00 00 00 00 00 1b
2026-07-10 01:53:18.604 RX arm_feedback state=1 end=(0.0038,0.0000,0.2998) theta1=-3.1372 frame=55 aa 86 11 01 71 6c 7b 3b d4 23 8d 37 f0 83 99 3e 00 c8 48 c0 ff
2026-07-10 01:53:18.613 RX func=0x80 payload=00 00 00 00 00 00 00 00 00 00 00 00 00 00 00 00 b6 4e 02 00 frame=55 aa 80 14 00 00 00 00 00 00 00 00 00 00 00 00 00 00 00 00 b6 4e 02 00 99
2026-07-10 01:53:18.632 RX arm_feedback state=1 end=(0.0038,0.0000,0.2998) theta1=-3.1372 frame=55 aa 86 11 01 71 6c 7b 3b d4 23 8d 37 f0 83 99 3e 00 c8 48 c0 ff
2026-07-10 01:53:18.633 RX func=0x81 payload=09 00 01 02 ac d0 1b c0 73 94 be bd frame=55 aa 81 0c 09 00 01 02 ac d0 1b c0 73 94 be bd 71
2026-07-10 01:53:18.648 RX arm_feedback state=1 end=(0.0038,0.0000,0.2998) theta1=-3.1372 frame=55 aa 86 11 01 71 6c 7b 3b d4 23 8d 37 f0 83 99 3e 00 c8 48 c0 ff
2026-07-10 01:53:18.661 RX arm_feedback state=1 end=(0.0038,0.0000,0.2998) theta1=-3.1372 frame=55 aa 86 11 01 71 6c 7b 3b d4 23 8d 37 f0 83 99 3e 00 c8 48 c0 ff
2026-07-10 01:53:18.673 RX arm_feedback state=1 end=(0.0038,0.0000,0.2998) theta1=-3.1372 frame=55 aa 86 11 01 71 6c 7b 3b d4 23 8d 37 f0 83 99 3e 00 c8 48 c0 ff
2026-07-10 01:53:18.697 RX arm_feedback state=1 end=(0.0038,0.0000,0.2998) theta1=-3.1372 frame=55 aa 86 11 01 71 6c 7b 3b d4 23 8d 37 f0 83 99 3e 00 c8 48 c0 ff
2026-07-10 01:53:18.701 RX func=0x80 payload=00 00 00 00 00 00 00 00 00 00 00 00 00 00 00 00 1a 4f 02 00 frame=55 aa 80 14 00 00 00 00 00 00 00 00 00 00 00 00 00 00 00 00 1a 4f 02 00 fe
2026-07-10 01:53:18.741 RX arm_feedback state=1 end=(0.0038,0.0000,0.2998) theta1=-3.1372 frame=55 aa 86 11 01 71 6c 7b 3b d4 23 8d 37 f0 83 99 3e 00 c8 48 c0 ff
2026-07-10 01:53:18.745 TX mode:IDLE frame=55 aa 15 01 00 15
2026-07-10 01:53:18.770 TX chassis mode=IDLE vx=+0.000 vy=+0.000 wz=+0.000 frame=55 aa 10 0c 00 00 00 00 00 00 00 00 00 00 00 00 1b
2026-07-10 01:53:18.783 RX arm_feedback state=1 end=(0.0038,0.0000,0.2998) theta1=-3.1372 frame=55 aa 86 11 01 71 6c 7b 3b d4 23 8d 37 f0 83 99 3e 00 c8 48 c0 ff
2026-07-10 01:53:18.785 RX arm_feedback state=1 end=(0.0038,0.0000,0.2998) theta1=-3.1372 frame=55 aa 86 11 01 71 6c 7b 3b d4 23 8d 37 f0 83 99 3e 00 c8 48 c0 ff
2026-07-10 01:53:18.808 RX arm_feedback state=1 end=(0.0038,0.0000,0.2998) theta1=-3.1372 frame=55 aa 86 11 01 71 6c 7b 3b d4 23 8d 37 f0 83 99 3e 00 c8 48 c0 ff
2026-07-10 01:53:18.835 RX arm_feedback state=1 end=(0.0038,0.0000,0.2998) theta1=-3.1372 frame=55 aa 86 11 01 71 6c 7b 3b d4 23 8d 37 f0 83 99 3e 00 c8 48 c0 ff
2026-07-10 01:53:18.843 RX func=0x80 payload=00 00 00 00 00 00 00 00 00 00 00 00 00 00 00 00 7e 4f 02 00 frame=55 aa 80 14 00 00 00 00 00 00 00 00 00 00 00 00 00 00 00 00 7e 4f 02 00 62
2026-07-10 01:53:18.857 RX arm_feedback state=1 end=(0.0038,0.0000,0.2998) theta1=-3.1372 frame=55 aa 86 11 01 71 6c 7b 3b d4 23 8d 37 f0 83 99 3e 00 c8 48 c0 ff
2026-07-10 01:53:18.873 RX func=0x81 payload=0a 00 01 02 5e 15 80 bf 00 00 00 80 frame=55 aa 81 0c 0a 00 01 02 5e 15 80 bf 00 00 00 80 cb
2026-07-10 01:53:18.874 RX arm_feedback state=1 end=(0.0038,0.0000,0.2998) theta1=-3.1372 frame=55 aa 86 11 01 71 6c 7b 3b d4 23 8d 37 f0 83 99 3e 00 c8 48 c0 ff
2026-07-10 01:53:18.897 RX arm_feedback state=1 end=(0.0038,0.0000,0.2998) theta1=-3.1372 frame=55 aa 86 11 01 71 6c 7b 3b d4 23 8d 37 f0 83 99 3e 00 c8 48 c0 ff
2026-07-10 01:53:18.925 RX arm_feedback state=1 end=(0.0038,0.0000,0.2998) theta1=-3.1372 frame=55 aa 86 11 01 71 6c 7b 3b d4 23 8d 37 f0 83 99 3e 00 c8 48 c0 ff
2026-07-10 01:53:18.941 RX arm_feedback state=1 end=(0.0038,0.0000,0.2998) theta1=-3.1372 frame=55 aa 86 11 01 71 6c 7b 3b d4 23 8d 37 f0 83 99 3e 00 c8 48 c0 ff
2026-07-10 01:53:18.948 TX chassis mode=IDLE vx=+0.000 vy=+0.000 wz=+0.000 frame=55 aa 10 0c 00 00 00 00 00 00 00 00 00 00 00 00 1b
2026-07-10 01:53:18.955 RX func=0x80 payload=00 00 00 00 00 00 00 00 00 00 00 00 00 00 00 00 e8 4f 02 00 frame=55 aa 80 14 00 00 00 00 00 00 00 00 00 00 00 00 00 00 00 00 e8 4f 02 00 cc
2026-07-10 01:53:18.992 RX arm_feedback state=1 end=(0.0038,0.0000,0.2998) theta1=-3.1372 frame=55 aa 86 11 01 71 6c 7b 3b d4 23 8d 37 f0 83 99 3e 00 c8 48 c0 ff
2026-07-10 01:53:19.016 RX arm_feedback state=1 end=(0.0038,0.0000,0.2998) theta1=-3.1372 frame=55 aa 86 11 01 71 6c 7b 3b d4 23 8d 37 f0 83 99 3e 00 c8 48 c0 ff
2026-07-10 01:53:19.023 RX arm_feedback state=1 end=(0.0038,0.0000,0.2998) theta1=-3.1372 frame=55 aa 86 11 01 71 6c 7b 3b d4 23 8d 37 f0 83 99 3e 00 c8 48 c0 ff
2026-07-10 01:53:19.046 RX arm_feedback state=1 end=(0.0038,0.0000,0.2998) theta1=-3.1372 frame=55 aa 86 11 01 71 6c 7b 3b d4 23 8d 37 f0 83 99 3e 00 c8 48 c0 ff
2026-07-10 01:53:19.056 RX arm_feedback state=1 end=(0.0038,0.0000,0.2998) theta1=-3.1372 frame=55 aa 86 11 01 71 6c 7b 3b d4 23 8d 37 f0 83 99 3e 00 c8 48 c0 ff
2026-07-10 01:53:19.067 RX func=0x80 payload=00 00 00 00 00 00 00 00 00 00 00 00 00 00 00 00 4d 50 02 00 frame=55 aa 80 14 00 00 00 00 00 00 00 00 00 00 00 00 00 00 00 00 4d 50 02 00 32
2026-07-10 01:53:19.089 RX arm_feedback state=1 end=(0.0038,0.0000,0.2998) theta1=-3.1372 frame=55 aa 86 11 01 71 6c 7b 3b d4 23 8d 37 f0 83 99 3e 00 c8 48 c0 ff
2026-07-10 01:53:19.108 RX func=0x81 payload=0b 00 01 01 fb f9 e3 3c 00 00 00 00 frame=55 aa 81 0c 0b 00 01 01 fb f9 e3 3c 00 00 00 00 ac
2026-07-10 01:53:19.166 RX arm_feedback state=1 end=(0.0038,0.0000,0.2998) theta1=-3.1372 frame=55 aa 86 11 01 71 6c 7b 3b d4 23 8d 37 f0 83 99 3e 00 c8 48 c0 ff
2026-07-10 01:53:19.203 RX arm_feedback state=1 end=(0.0038,0.0000,0.2998) theta1=-3.1372 frame=55 aa 86 11 01 71 6c 7b 3b d4 23 8d 37 f0 83 99 3e 00 c8 48 c0 ff
2026-07-10 01:53:19.226 RX arm_feedback state=1 end=(0.0038,0.0000,0.2998) theta1=-3.1372 frame=55 aa 86 11 01 71 6c 7b 3b d4 23 8d 37 f0 83 99 3e 00 c8 48 c0 ff
2026-07-10 01:53:19.247 TX mode:IDLE frame=55 aa 15 01 00 15
2026-07-10 01:53:19.249 TX chassis mode=IDLE vx=+0.000 vy=+0.000 wz=+0.000 frame=55 aa 10 0c 00 00 00 00 00 00 00 00 00 00 00 00 1b
2026-07-10 01:53:19.263 RX arm_feedback state=1 end=(0.0038,0.0000,0.2998) theta1=-3.1372 frame=55 aa 86 11 01 71 6c 7b 3b d4 23 8d 37 f0 83 99 3e 00 c8 48 c0 ff
2026-07-10 01:53:19.279 RX func=0x80 payload=00 00 00 00 00 00 00 00 00 00 00 00 00 00 00 00 b1 50 02 00 frame=55 aa 80 14 00 00 00 00 00 00 00 00 00 00 00 00 00 00 00 00 b1 50 02 00 96
2026-07-10 01:53:19.280 RX arm_feedback state=1 end=(0.0038,0.0000,0.2998) theta1=-3.1372 frame=55 aa 86 11 01 71 6c 7b 3b d4 23 8d 37 f0 83 99 3e 00 c8 48 c0 ff
2026-07-10 01:53:19.320 RX arm_feedback state=1 end=(0.0038,0.0000,0.2998) theta1=-3.1372 frame=55 aa 86 11 01 71 6c 7b 3b d4 23 8d 37 f0 83 99 3e 00 c8 48 c0 ff
2026-07-10 01:53:19.345 RX arm_feedback state=1 end=(0.0038,0.0000,0.2998) theta1=-3.1372 frame=55 aa 86 11 01 71 6c 7b 3b d4 23 8d 37 f0 83 99 3e 00 c8 48 c0 ff
2026-07-10 01:53:19.356 RX arm_feedback state=1 end=(0.0038,0.0000,0.2998) theta1=-3.1372 frame=55 aa 86 11 01 71 6c 7b 3b d4 23 8d 37 f0 83 99 3e 00 c8 48 c0 ff
2026-07-10 01:53:19.385 RX arm_feedback state=1 end=(0.0038,0.0000,0.2998) theta1=-3.1372 frame=55 aa 86 11 01 71 6c 7b 3b d4 23 8d 37 f0 83 99 3e 00 c8 48 c0 ff
2026-07-10 01:53:19.386 RX func=0x80 payload=00 00 00 00 00 00 00 00 00 00 00 00 00 00 00 00 18 51 02 00 frame=55 aa 80 14 00 00 00 00 00 00 00 00 00 00 00 00 00 00 00 00 18 51 02 00 fe
2026-07-10 01:53:19.421 RX arm_feedback state=1 end=(0.0038,0.0000,0.2998) theta1=-3.1372 frame=55 aa 86 11 01 71 6c 7b 3b d4 23 8d 37 f0 83 99 3e 00 c8 48 c0 ff
2026-07-10 01:53:19.443 RX func=0x81 payload=0c 00 01 03 00 c8 48 c0 00 00 a0 bb frame=55 aa 81 0c 0c 00 01 03 00 c8 48 c0 00 00 a0 bb c7
2026-07-10 01:53:19.464 RX arm_feedback state=1 end=(0.0038,0.0000,0.2998) theta1=-3.1372 frame=55 aa 86 11 01 71 6c 7b 3b d4 23 8d 37 f0 83 99 3e 00 c8 48 c0 ff
2026-07-10 01:53:19.481 RX arm_feedback state=1 end=(0.0038,0.0000,0.2998) theta1=-3.1372 frame=55 aa 86 11 01 71 6c 7b 3b d4 23 8d 37 f0 83 99 3e 00 c8 48 c0 ff
2026-07-10 01:53:19.502 RX arm_feedback state=1 end=(0.0038,0.0000,0.2998) theta1=-3.1372 frame=55 aa 86 11 01 71 6c 7b 3b d4 23 8d 37 f0 83 99 3e 00 c8 48 c0 ff
2026-07-10 01:53:19.520 RX arm_feedback state=1 end=(0.0038,0.0000,0.2998) theta1=-3.1372 frame=55 aa 86 11 01 71 6c 7b 3b d4 23 8d 37 f0 83 99 3e 00 c8 48 c0 ff
2026-07-10 01:53:19.535 RX func=0x80 payload=00 00 00 00 00 00 00 00 00 00 00 00 00 00 00 00 7f 51 02 00 frame=55 aa 80 14 00 00 00 00 00 00 00 00 00 00 00 00 00 00 00 00 7f 51 02 00 65
2026-07-10 01:53:19.556 RX arm_feedback state=1 end=(0.0038,0.0000,0.2998) theta1=-3.1372 frame=55 aa 86 11 01 71 6c 7b 3b d4 23 8d 37 f0 83 99 3e 00 c8 48 c0 ff
2026-07-10 01:53:19.581 RX arm_feedback state=1 end=(0.0038,0.0000,0.2998) theta1=-3.1372 frame=55 aa 86 11 01 71 6c 7b 3b d4 23 8d 37 f0 83 99 3e 00 c8 48 c0 ff
2026-07-10 01:53:19.609 RX arm_feedback state=1 end=(0.0038,0.0000,0.2998) theta1=-3.1372 frame=55 aa 86 11 01 71 6c 7b 3b d4 23 8d 37 f0 83 99 3e 00 c8 48 c0 ff
2026-07-10 01:53:19.638 RX arm_feedback state=1 end=(0.0038,0.0000,0.2998) theta1=-3.1372 frame=55 aa 86 11 01 71 6c 7b 3b d4 23 8d 37 f0 83 99 3e 00 c8 48 c0 ff
2026-07-10 01:53:19.639 TX mode:IDLE frame=55 aa 15 01 00 15
2026-07-10 01:53:19.639 TX chassis mode=IDLE vx=+0.000 vy=+0.000 wz=+0.000 frame=55 aa 10 0c 00 00 00 00 00 00 00 00 00 00 00 00 1b
2026-07-10 01:53:19.671 RX arm_feedback state=1 end=(0.0038,0.0000,0.2998) theta1=-3.1372 frame=55 aa 86 11 01 71 6c 7b 3b d4 23 8d 37 f0 83 99 3e 00 c8 48 c0 ff
2026-07-10 01:53:19.679 RX func=0x80 payload=00 00 00 00 00 00 00 00 00 00 00 00 00 00 00 00 e5 51 02 00 frame=55 aa 80 14 00 00 00 00 00 00 00 00 00 00 00 00 00 00 00 00 e5 51 02 00 cb
2026-07-10 01:53:19.707 RX arm_feedback state=1 end=(0.0038,0.0000,0.2998) theta1=-3.1372 frame=55 aa 86 11 01 71 6c 7b 3b d4 23 8d 37 f0 83 99 3e 00 c8 48 c0 ff
2026-07-10 01:53:19.743 RX func=0x81 payload=0d 00 01 03 00 ff 75 3f 00 00 a0 bb frame=55 aa 81 0c 0d 00 01 03 00 ff 75 3f 00 00 a0 bb ab
2026-07-10 01:53:19.765 RX arm_feedback state=1 end=(0.0038,0.0000,0.2998) theta1=-3.1372 frame=55 aa 86 11 01 71 6c 7b 3b d4 23 8d 37 f0 83 99 3e 00 c8 48 c0 ff
2026-07-10 01:53:19.766 RX arm_feedback state=1 end=(0.0038,0.0000,0.2998) theta1=-3.1372 frame=55 aa 86 11 01 71 6c 7b 3b d4 23 8d 37 f0 83 99 3e 00 c8 48 c0 ff
2026-07-10 01:53:19.786 RX arm_feedback state=1 end=(0.0038,0.0000,0.2998) theta1=-3.1372 frame=55 aa 86 11 01 71 6c 7b 3b d4 23 8d 37 f0 83 99 3e 00 c8 48 c0 ff
2026-07-10 01:53:19.801 RX arm_feedback state=1 end=(0.0038,0.0000,0.2998) theta1=-3.1372 frame=55 aa 86 11 01 71 6c 7b 3b d4 23 8d 37 f0 83 99 3e 00 c8 48 c0 ff
2026-07-10 01:53:19.817 RX arm_feedback state=1 end=(0.0038,0.0000,0.2998) theta1=-3.1372 frame=55 aa 86 11 01 71 6c 7b 3b d4 23 8d 37 f0 83 99 3e 00 c8 48 c0 ff
2026-07-10 01:53:19.833 RX arm_feedback state=1 end=(0.0038,0.0000,0.2998) theta1=-3.1372 frame=55 aa 86 11 01 71 6c 7b 3b d4 23 8d 37 f0 83 99 3e 00 c8 48 c0 ff
2026-07-10 01:53:19.850 RX arm_feedback state=1 end=(0.0038,0.0000,0.2998) theta1=-3.1372 frame=55 aa 86 11 01 71 6c 7b 3b d4 23 8d 37 f0 83 99 3e 00 c8 48 c0 ff
2026-07-10 01:53:19.851 RX arm_feedback state=1 end=(0.0038,0.0000,0.2998) theta1=-3.1372 frame=55 aa 86 11 01 71 6c 7b 3b d4 23 8d 37 f0 83 99 3e 00 c8 48 c0 ff
2026-07-10 01:53:19.870 RX arm_feedback state=1 end=(0.0038,0.0000,0.2998) theta1=-3.1372 frame=55 aa 86 11 01 71 6c 7b 3b d4 23 8d 37 f0 83 99 3e 00 c8 48 c0 ff
2026-07-10 01:53:19.871 RX arm_feedback state=1 end=(0.0038,0.0000,0.2998) theta1=-3.1372 frame=55 aa 86 11 01 71 6c 7b 3b d4 23 8d 37 f0 83 99 3e 00 c8 48 c0 ff
2026-07-10 01:53:19.872 RX func=0x80 payload=00 00 00 00 00 00 00 00 00 00 00 00 00 00 00 00 b2 52 02 00 frame=55 aa 80 14 00 00 00 00 00 00 00 00 00 00 00 00 00 00 00 00 b2 52 02 00 99
2026-07-10 01:53:19.914 RX func=0x81 payload=0e 00 01 03 00 da ac be 00 00 00 00 frame=55 aa 81 0c 0e 00 01 03 00 da ac be 00 00 00 00 e2
2026-07-10 01:53:19.935 RX arm_feedback state=1 end=(0.0038,0.0000,0.2998) theta1=-3.1372 frame=55 aa 86 11 01 71 6c 7b 3b d4 23 8d 37 f0 83 99 3e 00 c8 48 c0 ff
2026-07-10 01:53:19.957 RX arm_feedback state=1 end=(0.0038,0.0000,0.2998) theta1=-3.1372 frame=55 aa 86 11 01 71 6c 7b 3b d4 23 8d 37 f0 83 99 3e 00 c8 48 c0 ff
2026-07-10 01:53:19.963 RX arm_feedback state=1 end=(0.0038,0.0000,0.2998) theta1=-3.1372 frame=55 aa 86 11 01 71 6c 7b 3b d4 23 8d 37 f0 83 99 3e 00 c8 48 c0 ff
2026-07-10 01:53:20.012 RX arm_feedback state=1 end=(0.0038,0.0000,0.2998) theta1=-3.1372 frame=55 aa 86 11 01 71 6c 7b 3b d4 23 8d 37 f0 83 99 3e 00 c8 48 c0 ff
2026-07-10 01:53:20.024 RX arm_feedback state=1 end=(0.0038,0.0000,0.2998) theta1=-3.1372 frame=55 aa 86 11 01 71 6c 7b 3b d4 23 8d 37 f0 83 99 3e 00 c8 48 c0 ff
2026-07-10 01:53:20.026 RX func=0x80 payload=00 00 00 00 00 00 00 00 00 00 00 00 00 00 00 00 16 53 02 00 frame=55 aa 80 14 00 00 00 00 00 00 00 00 00 00 00 00 00 00 00 00 16 53 02 00 fe
2026-07-10 01:53:20.034 RX arm_feedback state=1 end=(0.0038,0.0000,0.2998) theta1=-3.1372 frame=55 aa 86 11 01 71 6c 7b 3b d4 23 8d 37 f0 83 99 3e 00 c8 48 c0 ff
2026-07-10 01:53:20.044 TX mode:IDLE frame=55 aa 15 01 00 15
2026-07-10 01:53:20.045 TX chassis mode=IDLE vx=+0.000 vy=+0.000 wz=+0.000 frame=55 aa 10 0c 00 00 00 00 00 00 00 00 00 00 00 00 1b
2026-07-10 01:53:20.046 RX arm_feedback state=1 end=(0.0038,0.0000,0.2998) theta1=-3.1372 frame=55 aa 86 11 01 71 6c 7b 3b d4 23 8d 37 f0 83 99 3e 00 c8 48 c0 ff
2026-07-10 01:53:20.068 RX arm_feedback state=1 end=(0.0038,0.0000,0.2998) theta1=-3.1372 frame=55 aa 86 11 01 71 6c 7b 3b d4 23 8d 37 f0 83 99 3e 00 c8 48 c0 ff
2026-07-10 01:53:20.084 RX arm_feedback state=1 end=(0.0038,0.0000,0.2998) theta1=-3.1372 frame=55 aa 86 11 01 71 6c 7b 3b d4 23 8d 37 f0 83 99 3e 00 c8 48 c0 ff
2026-07-10 01:53:20.096 RX arm_feedback state=1 end=(0.0038,0.0000,0.2998) theta1=-3.1372 frame=55 aa 86 11 01 71 6c 7b 3b d4 23 8d 37 f0 83 99 3e 00 c8 48 c0 ff
2026-07-10 01:53:20.101 RX func=0x80 payload=00 00 00 00 00 00 00 00 00 00 00 00 00 00 00 00 7a 53 02 00 frame=55 aa 80 14 00 00 00 00 00 00 00 00 00 00 00 00 00 00 00 00 7a 53 02 00 62
2026-07-10 01:53:20.102 RX func=0x81 payload=0f 00 01 03 80 5f e8 bf 00 00 00 00 frame=55 aa 81 0c 0f 00 01 03 80 5f e8 bf 00 00 00 00 25
2026-07-10 01:53:20.126 RX arm_feedback state=1 end=(0.0038,0.0000,0.2998) theta1=-3.1372 frame=55 aa 86 11 01 71 6c 7b 3b d4 23 8d 37 f0 83 99 3e 00 c8 48 c0 ff
2026-07-10 01:53:20.127 RX arm_feedback state=1 end=(0.0038,0.0000,0.2998) theta1=-3.1372 frame=55 aa 86 11 01 71 6c 7b 3b d4 23 8d 37 f0 83 99 3e 00 c8 48 c0 ff
2026-07-10 01:53:20.171 RX arm_feedback state=1 end=(0.0038,0.0000,0.2998) theta1=-3.1372 frame=55 aa 86 11 01 71 6c 7b 3b d4 23 8d 37 f0 83 99 3e 00 c8 48 c0 ff
2026-07-10 01:53:20.194 RX arm_feedback state=1 end=(0.0038,0.0000,0.2998) theta1=-3.1372 frame=55 aa 86 11 01 71 6c 7b 3b d4 23 8d 37 f0 83 99 3e 00 c8 48 c0 ff
2026-07-10 01:53:20.213 RX arm_feedback state=1 end=(0.0038,0.0000,0.2998) theta1=-3.1372 frame=55 aa 86 11 01 71 6c 7b 3b d4 23 8d 37 f0 83 99 3e 00 c8 48 c0 ff
2026-07-10 01:53:20.240 RX func=0x80 payload=00 00 00 00 00 00 00 00 00 00 00 00 00 00 00 00 de 53 02 00 frame=55 aa 80 14 00 00 00 00 00 00 00 00 00 00 00 00 00 00 00 00 de 53 02 00 c6
2026-07-10 01:53:20.268 RX arm_feedback state=1 end=(0.0038,0.0000,0.2998) theta1=-3.1372 frame=55 aa 86 11 01 71 6c 7b 3b d4 23 8d 37 f0 83 99 3e 00 c8 48 c0 ff
2026-07-10 01:53:20.279 RX arm_feedback state=1 end=(0.0038,0.0000,0.2998) theta1=-3.1372 frame=55 aa 86 11 01 71 6c 7b 3b d4 23 8d 37 f0 83 99 3e 00 c8 48 c0 ff
2026-07-10 01:53:20.309 RX arm_feedback state=1 end=(0.0038,0.0000,0.2998) theta1=-3.1372 frame=55 aa 86 11 01 71 6c 7b 3b d4 23 8d 37 f0 83 99 3e 00 c8 48 c0 ff
2026-07-10 01:53:20.354 RX arm_feedback state=1 end=(0.0038,0.0000,0.2998) theta1=-3.1372 frame=55 aa 86 11 01 71 6c 7b 3b d4 23 8d 37 f0 83 99 3e 00 c8 48 c0 ff
2026-07-10 01:53:20.377 RX arm_feedback state=1 end=(0.0038,0.0000,0.2998) theta1=-3.1372 frame=55 aa 86 11 01 71 6c 7b 3b d4 23 8d 37 f0 83 99 3e 00 c8 48 c0 ff
2026-07-10 01:53:20.397 RX func=0x80 payload=00 00 00 00 00 00 00 00 00 00 00 00 00 00 00 00 45 54 02 00 frame=55 aa 80 14 00 00 00 00 00 00 00 00 00 00 00 00 00 00 00 00 45 54 02 00 2e
2026-07-10 01:53:20.433 RX arm_feedback state=1 end=(0.0038,0.0000,0.2998) theta1=-3.1372 frame=55 aa 86 11 01 71 6c 7b 3b d4 23 8d 37 f0 83 99 3e 00 c8 48 c0 ff
2026-07-10 01:53:20.458 RX arm_feedback state=1 end=(0.0038,0.0000,0.2998) theta1=-3.1372 frame=55 aa 86 11 01 71 6c 7b 3b d4 23 8d 37 f0 83 99 3e 00 c8 48 c0 ff
2026-07-10 01:53:20.459 RX arm_feedback state=1 end=(0.0038,0.0000,0.2998) theta1=-3.1372 frame=55 aa 86 11 01 71 6c 7b 3b d4 23 8d 37 f0 83 99 3e 00 c8 48 c0 ff
2026-07-10 01:53:20.503 RX arm_feedback state=1 end=(0.0038,0.0000,0.2998) theta1=-3.1372 frame=55 aa 86 11 01 71 6c 7b 3b d4 23 8d 37 f0 83 99 3e 00 c8 48 c0 ff
2026-07-10 01:53:20.521 RX arm_feedback state=1 end=(0.0038,0.0000,0.2998) theta1=-3.1372 frame=55 aa 86 11 01 71 6c 7b 3b d4 23 8d 37 f0 83 99 3e 00 c8 48 c0 ff
2026-07-10 01:53:20.523 TX mode:IDLE frame=55 aa 15 01 00 15
2026-07-10 01:53:20.536 TX chassis mode=IDLE vx=+0.000 vy=+0.000 wz=+0.000 frame=55 aa 10 0c 00 00 00 00 00 00 00 00 00 00 00 00 1b
2026-07-10 01:53:20.546 RX func=0x80 payload=00 00 00 00 00 00 00 00 00 00 00 00 00 00 00 00 ab 54 02 00 frame=55 aa 80 14 00 00 00 00 00 00 00 00 00 00 00 00 00 00 00 00 ab 54 02 00 94
2026-07-10 01:53:20.551 RX arm_feedback state=1 end=(0.0038,0.0000,0.2998) theta1=-3.1372 frame=55 aa 86 11 01 71 6c 7b 3b d4 23 8d 37 f0 83 99 3e 00 c8 48 c0 ff
2026-07-10 01:53:20.577 RX arm_feedback state=1 end=(0.0038,0.0000,0.2998) theta1=-3.1372 frame=55 aa 86 11 01 71 6c 7b 3b d4 23 8d 37 f0 83 99 3e 00 c8 48 c0 ff
2026-07-10 01:53:20.592 RX arm_feedback state=1 end=(0.0038,0.0000,0.2998) theta1=-3.1372 frame=55 aa 86 11 01 71 6c 7b 3b d4 23 8d 37 f0 83 99 3e 00 c8 48 c0 ff
2026-07-10 01:53:20.613 RX arm_feedback state=1 end=(0.0038,0.0000,0.2998) theta1=-3.1372 frame=55 aa 86 11 01 71 6c 7b 3b d4 23 8d 37 f0 83 99 3e 00 c8 48 c0 ff
2026-07-10 01:53:20.619 RX arm_feedback state=1 end=(0.0038,0.0000,0.2998) theta1=-3.1372 frame=55 aa 86 11 01 71 6c 7b 3b d4 23 8d 37 f0 83 99 3e 00 c8 48 c0 ff
2026-07-10 01:53:20.620 RX func=0x80 payload=00 00 00 00 00 00 00 00 00 00 00 00 00 00 00 00 14 55 02 00 frame=55 aa 80 14 00 00 00 00 00 00 00 00 00 00 00 00 00 00 00 00 14 55 02 00 fe
2026-07-10 01:53:20.639 RX arm_feedback state=1 end=(0.0038,0.0000,0.2998) theta1=-3.1372 frame=55 aa 86 11 01 71 6c 7b 3b d4 23 8d 37 f0 83 99 3e 00 c8 48 c0 ff
2026-07-10 01:53:20.658 RX arm_feedback state=1 end=(0.0038,0.0000,0.2998) theta1=-3.1372 frame=55 aa 86 11 01 71 6c 7b 3b d4 23 8d 37 f0 83 99 3e 00 c8 48 c0 ff
2026-07-10 01:53:20.663 RX arm_feedback state=1 end=(0.0038,0.0000,0.2998) theta1=-3.1372 frame=55 aa 86 11 01 71 6c 7b 3b d4 23 8d 37 f0 83 99 3e 00 c8 48 c0 ff
2026-07-10 01:53:20.674 RX arm_feedback state=1 end=(0.0038,0.0000,0.2998) theta1=-3.1372 frame=55 aa 86 11 01 71 6c 7b 3b d4 23 8d 37 f0 83 99 3e 00 c8 48 c0 ff
2026-07-10 01:53:20.675 RX arm_feedback state=1 end=(0.0038,0.0000,0.2998) theta1=-3.1372 frame=55 aa 86 11 01 71 6c 7b 3b d4 23 8d 37 f0 83 99 3e 00 c8 48 c0 ff
2026-07-10 01:53:20.696 RX func=0x80 payload=00 00 00 00 00 00 00 00 00 00 00 00 00 00 00 00 7a 55 02 00 frame=55 aa 80 14 00 00 00 00 00 00 00 00 00 00 00 00 00 00 00 00 7a 55 02 00 64
2026-07-10 01:53:20.724 RX arm_feedback state=1 end=(0.0038,0.0000,0.2998) theta1=-3.1372 frame=55 aa 86 11 01 71 6c 7b 3b d4 23 8d 37 f0 83 99 3e 00 c8 48 c0 ff
2026-07-10 01:53:20.730 RX arm_feedback state=1 end=(0.0038,0.0000,0.2998) theta1=-3.1372 frame=55 aa 86 11 01 71 6c 7b 3b d4 23 8d 37 f0 83 99 3e 00 c8 48 c0 ff
2026-07-10 01:53:20.745 RX arm_feedback state=1 end=(0.0038,0.0000,0.2998) theta1=-3.1372 frame=55 aa 86 11 01 71 6c 7b 3b d4 23 8d 37 f0 83 99 3e 00 c8 48 c0 ff
2026-07-10 01:53:20.765 RX arm_feedback state=1 end=(0.0038,0.0000,0.2998) theta1=-3.1372 frame=55 aa 86 11 01 71 6c 7b 3b d4 23 8d 37 f0 83 99 3e 00 c8 48 c0 ff
2026-07-10 01:53:20.796 RX arm_feedback state=1 end=(0.0038,0.0000,0.2998) theta1=-3.1372 frame=55 aa 86 11 01 71 6c 7b 3b d4 23 8d 37 f0 83 99 3e 00 c8 48 c0 ff
2026-07-10 01:53:20.797 RX func=0x80 payload=00 00 00 00 00 00 00 00 00 00 00 00 00 00 00 00 de 55 02 00 frame=55 aa 80 14 00 00 00 00 00 00 00 00 00 00 00 00 00 00 00 00 de 55 02 00 c8
2026-07-10 01:53:20.821 RX func=0x81 payload=00 00 01 02 71 93 33 bf 0a d1 9e bd frame=55 aa 81 0c 00 00 01 02 71 93 33 bf 0a d1 9e bd bb
2026-07-10 01:53:20.822 RX arm_feedback state=1 end=(0.0038,0.0000,0.2998) theta1=-3.1372 frame=55 aa 86 11 01 71 6c 7b 3b d4 23 8d 37 f0 83 99 3e 00 c8 48 c0 ff
2026-07-10 01:53:20.853 RX arm_feedback state=1 end=(0.0038,0.0000,0.2998) theta1=-3.1372 frame=55 aa 86 11 01 71 6c 7b 3b d4 23 8d 37 f0 83 99 3e 00 c8 48 c0 ff
2026-07-10 01:53:20.854 RX arm_feedback state=1 end=(0.0038,0.0000,0.2998) theta1=-3.1372 frame=55 aa 86 11 01 71 6c 7b 3b d4 23 8d 37 f0 83 99 3e 00 c8 48 c0 ff
2026-07-10 01:53:20.864 TX mode:IDLE frame=55 aa 15 01 00 15
2026-07-10 01:53:20.864 TX chassis mode=IDLE vx=+0.000 vy=+0.000 wz=+0.000 frame=55 aa 10 0c 00 00 00 00 00 00 00 00 00 00 00 00 1b
2026-07-10 01:53:20.882 RX arm_feedback state=1 end=(0.0038,0.0000,0.2998) theta1=-3.1372 frame=55 aa 86 11 01 71 6c 7b 3b d4 23 8d 37 f0 83 99 3e 00 c8 48 c0 ff
2026-07-10 01:53:20.890 RX arm_feedback state=1 end=(0.0038,0.0000,0.2998) theta1=-3.1372 frame=55 aa 86 11 01 71 6c 7b 3b d4 23 8d 37 f0 83 99 3e 00 c8 48 c0 ff
2026-07-10 01:53:20.891 RX func=0x80 payload=00 00 00 00 00 00 00 00 00 00 00 00 00 00 00 00 42 56 02 00 frame=55 aa 80 14 00 00 00 00 00 00 00 00 00 00 00 00 00 00 00 00 42 56 02 00 2d
2026-07-10 01:53:20.913 RX arm_feedback state=1 end=(0.0038,0.0000,0.2998) theta1=-3.1372 frame=55 aa 86 11 01 71 6c 7b 3b d4 23 8d 37 f0 83 99 3e 00 c8 48 c0 ff
2026-07-10 01:53:20.928 RX arm_feedback state=1 end=(0.0038,0.0000,0.2998) theta1=-3.1372 frame=55 aa 86 11 01 71 6c 7b 3b d4 23 8d 37 f0 83 99 3e 00 c8 48 c0 ff
2026-07-10 01:53:20.929 RX arm_feedback state=1 end=(0.0038,0.0000,0.2998) theta1=-3.1372 frame=55 aa 86 11 01 71 6c 7b 3b d4 23 8d 37 f0 83 99 3e 00 c8 48 c0 ff
2026-07-10 01:53:20.944 RX arm_feedback state=1 end=(0.0038,0.0000,0.2998) theta1=-3.1372 frame=55 aa 86 11 01 71 6c 7b 3b d4 23 8d 37 f0 83 99 3e 00 c8 48 c0 ff
2026-07-10 01:53:20.956 RX arm_feedback state=1 end=(0.0038,0.0000,0.2998) theta1=-3.1372 frame=55 aa 86 11 01 71 6c 7b 3b d4 23 8d 37 f0 83 99 3e 00 c8 48 c0 ff
2026-07-10 01:53:20.966 RX func=0x80 payload=00 00 00 00 00 00 00 00 00 00 00 00 00 00 00 00 aa 56 02 00 frame=55 aa 80 14 00 00 00 00 00 00 00 00 00 00 00 00 00 00 00 00 aa 56 02 00 95
2026-07-10 01:53:20.975 RX func=0x81 payload=01 00 01 02 98 52 09 c0 db 57 de 3c frame=55 aa 81 0c 01 00 01 02 98 52 09 c0 db 57 de 3c 8f
2026-07-10 01:53:20.994 RX arm_feedback state=1 end=(0.0038,0.0000,0.2998) theta1=-3.1372 frame=55 aa 86 11 01 71 6c 7b 3b d4 23 8d 37 f0 83 99 3e 00 c8 48 c0 ff
2026-07-10 01:53:20.995 RX arm_feedback state=1 end=(0.0038,0.0000,0.2998) theta1=-3.1372 frame=55 aa 86 11 01 71 6c 7b 3b d4 23 8d 37 f0 83 99 3e 00 c8 48 c0 ff
2026-07-10 01:53:20.996 RX arm_feedback state=1 end=(0.0038,0.0000,0.2998) theta1=-3.1372 frame=55 aa 86 11 01 71 6c 7b 3b d4 23 8d 37 f0 83 99 3e 00 c8 48 c0 ff
2026-07-10 01:53:21.022 RX arm_feedback state=1 end=(0.0038,0.0000,0.2998) theta1=-3.1372 frame=55 aa 86 11 01 71 6c 7b 3b d4 23 8d 37 f0 83 99 3e 00 c8 48 c0 ff
2026-07-10 01:53:21.035 RX arm_feedback state=1 end=(0.0038,0.0000,0.2998) theta1=-3.1372 frame=55 aa 86 11 01 71 6c 7b 3b d4 23 8d 37 f0 83 99 3e 00 c8 48 c0 ff
2026-07-10 01:53:21.044 RX func=0x80 payload=00 00 00 00 00 00 00 00 00 00 00 00 00 00 00 00 0e 57 02 00 frame=55 aa 80 14 00 00 00 00 00 00 00 00 00 00 00 00 00 00 00 00 0e 57 02 00 fa
2026-07-10 01:53:21.056 RX arm_feedback state=1 end=(0.0038,0.0000,0.2998) theta1=-3.1372 frame=55 aa 86 11 01 71 6c 7b 3b d4 23 8d 37 f0 83 99 3e 00 c8 48 c0 ff
2026-07-10 01:53:21.070 RX arm_feedback state=1 end=(0.0038,0.0000,0.2998) theta1=-3.1372 frame=55 aa 86 11 01 71 6c 7b 3b d4 23 8d 37 f0 83 99 3e 00 c8 48 c0 ff
2026-07-10 01:53:21.077 RX arm_feedback state=1 end=(0.0038,0.0000,0.2998) theta1=-3.1372 frame=55 aa 86 11 01 71 6c 7b 3b d4 23 8d 37 f0 83 99 3e 00 c8 48 c0 ff
2026-07-10 01:53:21.091 RX arm_feedback state=1 end=(0.0038,0.0000,0.2998) theta1=-3.1372 frame=55 aa 86 11 01 71 6c 7b 3b d4 23 8d 37 f0 83 99 3e 00 c8 48 c0 ff
2026-07-10 01:53:21.099 RX arm_feedback state=1 end=(0.0038,0.0000,0.2998) theta1=-3.1372 frame=55 aa 86 11 01 71 6c 7b 3b d4 23 8d 37 f0 83 99 3e 00 c8 48 c0 ff
2026-07-10 01:53:21.104 RX func=0x80 payload=00 00 00 00 00 00 00 00 00 00 00 00 00 00 00 00 74 57 02 00 frame=55 aa 80 14 00 00 00 00 00 00 00 00 00 00 00 00 00 00 00 00 74 57 02 00 60
2026-07-10 01:53:21.105 RX func=0x81 payload=02 00 01 01 62 67 dc 3c 00 00 00 80 frame=55 aa 81 0c 02 00 01 01 62 67 dc 3c 00 00 00 80 f1
2026-07-10 01:53:21.129 TX mode:IDLE frame=55 aa 15 01 00 15
2026-07-10 01:53:21.130 TX chassis mode=IDLE vx=+0.000 vy=+0.000 wz=+0.000 frame=55 aa 10 0c 00 00 00 00 00 00 00 00 00 00 00 00 1b
2026-07-10 01:53:21.140 RX arm_feedback state=1 end=(0.0038,0.0000,0.2998) theta1=-3.1372 frame=55 aa 86 11 01 71 6c 7b 3b d4 23 8d 37 f0 83 99 3e 00 c8 48 c0 ff
2026-07-10 01:53:21.161 RX arm_feedback state=1 end=(0.0038,0.0000,0.2998) theta1=-3.1372 frame=55 aa 86 11 01 71 6c 7b 3b d4 23 8d 37 f0 83 99 3e 00 c8 48 c0 ff
2026-07-10 01:53:21.175 RX arm_feedback state=1 end=(0.0038,0.0000,0.2998) theta1=-3.1372 frame=55 aa 86 11 01 71 6c 7b 3b d4 23 8d 37 f0 83 99 3e 00 c8 48 c0 ff
2026-07-10 01:53:21.185 RX arm_feedback state=1 end=(0.0038,0.0000,0.2998) theta1=-3.1372 frame=55 aa 86 11 01 71 6c 7b 3b d4 23 8d 37 f0 83 99 3e 00 c8 48 c0 ff
2026-07-10 01:53:21.198 RX arm_feedback state=1 end=(0.0038,0.0000,0.2998) theta1=-3.1372 frame=55 aa 86 11 01 71 6c 7b 3b d4 23 8d 37 f0 83 99 3e 00 c8 48 c0 ff
2026-07-10 01:53:21.199 RX func=0x80 payload=00 00 00 00 00 00 00 00 00 00 00 00 00 00 00 00 d9 57 02 00 frame=55 aa 80 14 00 00 00 00 00 00 00 00 00 00 00 00 00 00 00 00 d9 57 02 00 c5
2026-07-10 01:53:21.200 RX arm_feedback state=1 end=(0.0038,0.0000,0.2998) theta1=-3.1372 frame=55 aa 86 11 01 71 6c 7b 3b d4 23 8d 37 f0 83 99 3e 00 c8 48 c0 ff
2026-07-10 01:53:21.225 RX arm_feedback state=1 end=(0.0038,0.0000,0.2998) theta1=-3.1372 frame=55 aa 86 11 01 71 6c 7b 3b d4 23 8d 37 f0 83 99 3e 00 c8 48 c0 ff
2026-07-10 01:53:21.236 RX arm_feedback state=1 end=(0.0038,0.0000,0.2998) theta1=-3.1372 frame=55 aa 86 11 01 71 6c 7b 3b d4 23 8d 37 f0 83 99 3e 00 c8 48 c0 ff
2026-07-10 01:53:21.247 RX arm_feedback state=1 end=(0.0038,0.0000,0.2998) theta1=-3.1372 frame=55 aa 86 11 01 71 6c 7b 3b d4 23 8d 37 f0 83 99 3e 00 c8 48 c0 ff
2026-07-10 01:53:21.256 RX arm_feedback state=1 end=(0.0038,0.0000,0.2998) theta1=-3.1372 frame=55 aa 86 11 01 71 6c 7b 3b d4 23 8d 37 f0 83 99 3e 00 c8 48 c0 ff
2026-07-10 01:53:21.257 RX func=0x80 payload=00 00 00 00 00 00 00 00 00 00 00 00 00 00 00 00 40 58 02 00 frame=55 aa 80 14 00 00 00 00 00 00 00 00 00 00 00 00 00 00 00 00 40 58 02 00 2d
2026-07-10 01:53:21.258 RX func=0x81 payload=03 00 01 02 bf 82 1b c0 56 ef 0e bd frame=55 aa 81 0c 03 00 01 02 bf 82 1b c0 56 ef 0e bd be
2026-07-10 01:53:21.279 RX arm_feedback state=1 end=(0.0038,0.0000,0.2998) theta1=-3.1372 frame=55 aa 86 11 01 71 6c 7b 3b d4 23 8d 37 f0 83 99 3e 00 c8 48 c0 ff
2026-07-10 01:53:21.296 RX arm_feedback state=1 end=(0.0038,0.0000,0.2998) theta1=-3.1372 frame=55 aa 86 11 01 71 6c 7b 3b d4 23 8d 37 f0 83 99 3e 00 c8 48 c0 ff
2026-07-10 01:53:21.302 RX arm_feedback state=1 end=(0.0038,0.0000,0.2998) theta1=-3.1372 frame=55 aa 86 11 01 71 6c 7b 3b d4 23 8d 37 f0 83 99 3e 00 c8 48 c0 ff
2026-07-10 01:53:21.313 RX arm_feedback state=1 end=(0.0038,0.0000,0.2998) theta1=-3.1372 frame=55 aa 86 11 01 71 6c 7b 3b d4 23 8d 37 f0 83 99 3e 00 c8 48 c0 ff
2026-07-10 01:53:21.329 RX arm_feedback state=1 end=(0.0038,0.0000,0.2998) theta1=-3.1372 frame=55 aa 86 11 01 71 6c 7b 3b d4 23 8d 37 f0 83 99 3e 00 c8 48 c0 ff
2026-07-10 01:53:21.340 RX func=0x80 payload=00 00 00 00 00 00 00 00 00 00 00 00 00 00 00 00 a7 58 02 00 frame=55 aa 80 14 00 00 00 00 00 00 00 00 00 00 00 00 00 00 00 00 a7 58 02 00 94
2026-07-10 01:53:21.350 RX arm_feedback state=1 end=(0.0038,0.0000,0.2998) theta1=-3.1372 frame=55 aa 86 11 01 71 6c 7b 3b d4 23 8d 37 f0 83 99 3e 00 c8 48 c0 ff
2026-07-10 01:53:21.361 RX arm_feedback state=1 end=(0.0038,0.0000,0.2998) theta1=-3.1372 frame=55 aa 86 11 01 71 6c 7b 3b d4 23 8d 37 f0 83 99 3e 00 c8 48 c0 ff
2026-07-10 01:53:21.373 RX arm_feedback state=1 end=(0.0038,0.0000,0.2998) theta1=-3.1372 frame=55 aa 86 11 01 71 6c 7b 3b d4 23 8d 37 f0 83 99 3e 00 c8 48 c0 ff
2026-07-10 01:53:21.374 RX arm_feedback state=1 end=(0.0038,0.0000,0.2998) theta1=-3.1372 frame=55 aa 86 11 01 71 6c 7b 3b d4 23 8d 37 f0 83 99 3e 00 c8 48 c0 ff
2026-07-10 01:53:21.392 TX mode:IDLE frame=55 aa 15 01 00 15
2026-07-10 01:53:21.392 TX chassis mode=IDLE vx=+0.000 vy=+0.000 wz=+0.000 frame=55 aa 10 0c 00 00 00 00 00 00 00 00 00 00 00 00 1b
2026-07-10 01:53:21.393 RX arm_feedback state=1 end=(0.0038,0.0000,0.2998) theta1=-3.1372 frame=55 aa 86 11 01 71 6c 7b 3b d4 23 8d 37 f0 83 99 3e 00 c8 48 c0 ff
2026-07-10 01:53:21.408 RX func=0x80 payload=00 00 00 00 00 00 00 00 00 00 00 00 00 00 00 00 0d 59 02 00 frame=55 aa 80 14 00 00 00 00 00 00 00 00 00 00 00 00 00 00 00 00 0d 59 02 00 fb
2026-07-10 01:53:21.409 RX func=0x81 payload=04 00 01 02 87 86 80 bf 7c fe 86 bd frame=55 aa 81 0c 04 00 01 02 87 86 80 bf 7c fe 86 bd 9c
2026-07-10 01:53:21.410 RX arm_feedback state=1 end=(0.0038,0.0000,0.2998) theta1=-3.1372 frame=55 aa 86 11 01 71 6c 7b 3b d4 23 8d 37 f0 83 99 3e 00 c8 48 c0 ff
2026-07-10 01:53:21.426 RX arm_feedback state=1 end=(0.0038,0.0000,0.2998) theta1=-3.1372 frame=55 aa 86 11 01 71 6c 7b 3b d4 23 8d 37 f0 83 99 3e 00 c8 48 c0 ff
2026-07-10 01:53:21.435 RX arm_feedback state=1 end=(0.0038,0.0000,0.2998) theta1=-3.1372 frame=55 aa 86 11 01 71 6c 7b 3b d4 23 8d 37 f0 83 99 3e 00 c8 48 c0 ff
2026-07-10 01:53:21.436 RX arm_feedback state=1 end=(0.0038,0.0000,0.2998) theta1=-3.1372 frame=55 aa 86 11 01 71 6c 7b 3b d4 23 8d 37 f0 83 99 3e 00 c8 48 c0 ff
2026-07-10 01:53:21.452 RX arm_feedback state=1 end=(0.0038,0.0000,0.2998) theta1=-3.1372 frame=55 aa 86 11 01 71 6c 7b 3b d4 23 8d 37 f0 83 99 3e 00 c8 48 c0 ff
2026-07-10 01:53:21.464 RX func=0x80 payload=00 00 00 00 00 00 00 00 00 00 00 00 00 00 00 00 71 59 02 00 frame=55 aa 80 14 00 00 00 00 00 00 00 00 00 00 00 00 00 00 00 00 71 59 02 00 5f
2026-07-10 01:53:21.472 RX arm_feedback state=1 end=(0.0038,0.0000,0.2998) theta1=-3.1372 frame=55 aa 86 11 01 71 6c 7b 3b d4 23 8d 37 f0 83 99 3e 00 c8 48 c0 ff
2026-07-10 01:53:21.483 RX arm_feedback state=1 end=(0.0038,0.0000,0.2998) theta1=-3.1372 frame=55 aa 86 11 01 71 6c 7b 3b d4 23 8d 37 f0 83 99 3e 00 c8 48 c0 ff
2026-07-10 01:53:21.490 RX arm_feedback state=1 end=(0.0038,0.0000,0.2998) theta1=-3.1372 frame=55 aa 86 11 01 71 6c 7b 3b d4 23 8d 37 f0 83 99 3e 00 c8 48 c0 ff
2026-07-10 01:53:21.491 RX arm_feedback state=1 end=(0.0038,0.0000,0.2998) theta1=-3.1372 frame=55 aa 86 11 01 71 6c 7b 3b d4 23 8d 37 f0 83 99 3e 00 c8 48 c0 ff
2026-07-10 01:53:21.511 RX arm_feedback state=1 end=(0.0038,0.0000,0.2998) theta1=-3.1372 frame=55 aa 86 11 01 71 6c 7b 3b d4 23 8d 37 f0 83 99 3e 00 c8 48 c0 ff
2026-07-10 01:53:21.511 RX func=0x80 payload=00 00 00 00 00 00 00 00 00 00 00 00 00 00 00 00 d8 59 02 00 frame=55 aa 80 14 00 00 00 00 00 00 00 00 00 00 00 00 00 00 00 00 d8 59 02 00 c6
2026-07-10 01:53:21.512 RX func=0x81 payload=05 00 01 01 ba c9 60 bc 00 00 00 80 frame=55 aa 81 0c 05 00 01 01 ba c9 60 bc 00 00 00 80 b2
2026-07-10 01:53:21.524 RX arm_feedback state=1 end=(0.0038,0.0000,0.2998) theta1=-3.1372 frame=55 aa 86 11 01 71 6c 7b 3b d4 23 8d 37 f0 83 99 3e 00 c8 48 c0 ff
2026-07-10 01:53:21.535 RX arm_feedback state=1 end=(0.0038,0.0000,0.2998) theta1=-3.1372 frame=55 aa 86 11 01 71 6c 7b 3b d4 23 8d 37 f0 83 99 3e 00 c8 48 c0 ff
2026-07-10 01:53:21.542 RX arm_feedback state=1 end=(0.0038,0.0000,0.2998) theta1=-3.1372 frame=55 aa 86 11 01 71 6c 7b 3b d4 23 8d 37 f0 83 99 3e 00 c8 48 c0 ff
2026-07-10 01:53:21.542 RX arm_feedback state=1 end=(0.0038,0.0000,0.2998) theta1=-3.1372 frame=55 aa 86 11 01 71 6c 7b 3b d4 23 8d 37 f0 83 99 3e 00 c8 48 c0 ff
2026-07-10 01:53:21.543 TX mode:IDLE frame=55 aa 15 01 00 15
2026-07-10 01:53:21.560 TX chassis mode=IDLE vx=+0.000 vy=+0.000 wz=+0.000 frame=55 aa 10 0c 00 00 00 00 00 00 00 00 00 00 00 00 1b
2026-07-10 01:53:21.560 RX arm_feedback state=1 end=(0.0038,0.0000,0.2998) theta1=-3.1372 frame=55 aa 86 11 01 71 6c 7b 3b d4 23 8d 37 f0 83 99 3e 00 c8 48 c0 ff
2026-07-10 01:53:21.573 RX func=0x80 payload=00 00 00 00 00 00 00 00 00 00 00 00 00 00 00 00 3c 5a 02 00 frame=55 aa 80 14 00 00 00 00 00 00 00 00 00 00 00 00 00 00 00 00 3c 5a 02 00 2b
2026-07-10 01:53:21.576 RX arm_feedback state=1 end=(0.0038,0.0000,0.2998) theta1=-3.1372 frame=55 aa 86 11 01 71 6c 7b 3b d4 23 8d 37 f0 83 99 3e 00 c8 48 c0 ff
2026-07-10 01:53:21.577 RX arm_feedback state=1 end=(0.0038,0.0000,0.2998) theta1=-3.1372 frame=55 aa 86 11 01 71 6c 7b 3b d4 23 8d 37 f0 83 99 3e 00 c8 48 c0 ff
2026-07-10 01:53:21.591 RX arm_feedback state=1 end=(0.0038,0.0000,0.2998) theta1=-3.1372 frame=55 aa 86 11 01 71 6c 7b 3b d4 23 8d 37 f0 83 99 3e 00 c8 48 c0 ff
2026-07-10 01:53:21.612 RX arm_feedback state=1 end=(0.0038,0.0000,0.2998) theta1=-3.1372 frame=55 aa 86 11 01 71 6c 7b 3b d4 23 8d 37 f0 83 99 3e 00 c8 48 c0 ff
2026-07-10 01:53:21.613 RX arm_feedback state=1 end=(0.0038,0.0000,0.2998) theta1=-3.1372 frame=55 aa 86 11 01 71 6c 7b 3b d4 23 8d 37 f0 83 99 3e 00 c8 48 c0 ff
2026-07-10 01:53:21.614 RX func=0x80 payload=00 00 00 00 00 00 00 00 00 00 00 00 00 00 00 00 a6 5a 02 00 frame=55 aa 80 14 00 00 00 00 00 00 00 00 00 00 00 00 00 00 00 00 a6 5a 02 00 95
2026-07-10 01:53:21.629 RX arm_feedback state=1 end=(0.0038,0.0000,0.2998) theta1=-3.1372 frame=55 aa 86 11 01 71 6c 7b 3b d4 23 8d 37 f0 83 99 3e 00 c8 48 c0 ff
2026-07-10 01:53:21.638 RX arm_feedback state=1 end=(0.0038,0.0000,0.2998) theta1=-3.1372 frame=55 aa 86 11 01 71 6c 7b 3b d4 23 8d 37 f0 83 99 3e 00 c8 48 c0 ff
2026-07-10 01:53:21.653 TX chassis mode=IDLE vx=+0.000 vy=+0.000 wz=+0.000 frame=55 aa 10 0c 00 00 00 00 00 00 00 00 00 00 00 00 1b
2026-07-10 01:53:21.662 RX arm_feedback state=1 end=(0.0038,0.0000,0.2998) theta1=-3.1372 frame=55 aa 86 11 01 71 6c 7b 3b d4 23 8d 37 f0 83 99 3e 00 c8 48 c0 ff
2026-07-10 01:53:21.663 RX arm_feedback state=1 end=(0.0038,0.0000,0.2998) theta1=-3.1372 frame=55 aa 86 11 01 71 6c 7b 3b d4 23 8d 37 f0 83 99 3e 00 c8 48 c0 ff
2026-07-10 01:53:21.677 RX arm_feedback state=1 end=(0.0038,0.0000,0.2998) theta1=-3.1372 frame=55 aa 86 11 01 71 6c 7b 3b d4 23 8d 37 f0 83 99 3e 00 c8 48 c0 ff
2026-07-10 01:53:21.684 RX func=0x80 payload=00 00 00 00 00 00 00 00 00 00 00 00 00 00 00 00 0a 5b 02 00 frame=55 aa 80 14 00 00 00 00 00 00 00 00 00 00 00 00 00 00 00 00 0a 5b 02 00 fa
2026-07-10 01:53:21.685 RX arm_feedback state=1 end=(0.0038,0.0000,0.2998) theta1=-3.1372 frame=55 aa 86 11 01 71 6c 7b 3b d4 23 8d 37 f0 83 99 3e 00 c8 48 c0 ff
2026-07-10 01:53:21.698 RX arm_feedback state=1 end=(0.0038,0.0000,0.2998) theta1=-3.1372 frame=55 aa 86 11 01 71 6c 7b 3b d4 23 8d 37 f0 83 99 3e 00 c8 48 c0 ff
2026-07-10 01:53:21.710 TX mode:IDLE frame=55 aa 15 01 00 15
2026-07-10 01:53:21.710 TX chassis mode=IDLE vx=+0.000 vy=+0.000 wz=+0.000 frame=55 aa 10 0c 00 00 00 00 00 00 00 00 00 00 00 00 1b
2026-07-10 01:53:21.711 RX arm_feedback state=1 end=(0.0038,0.0000,0.2998) theta1=-3.1372 frame=55 aa 86 11 01 71 6c 7b 3b d4 23 8d 37 f0 83 99 3e 00 c8 48 c0 ff
2026-07-10 01:53:21.711 RX arm_feedback state=1 end=(0.0038,0.0000,0.2998) theta1=-3.1372 frame=55 aa 86 11 01 71 6c 7b 3b d4 23 8d 37 f0 83 99 3e 00 c8 48 c0 ff
2026-07-10 01:53:21.719 RX arm_feedback state=1 end=(0.0038,0.0000,0.2998) theta1=-3.1372 frame=55 aa 86 11 01 71 6c 7b 3b d4 23 8d 37 f0 83 99 3e 00 c8 48 c0 ff
2026-07-10 01:53:21.720 TX chassis mode=IDLE vx=+0.000 vy=+0.000 wz=+0.000 frame=55 aa 10 0c 00 00 00 00 00 00 00 00 00 00 00 00 1b
2026-07-10 01:53:21.730 RX func=0x80 payload=00 00 00 00 00 00 00 00 00 00 00 00 00 00 00 00 71 5b 02 00 frame=55 aa 80 14 00 00 00 00 00 00 00 00 00 00 00 00 00 00 00 00 71 5b 02 00 61
2026-07-10 01:53:21.735 TX chassis mode=IDLE vx=+0.000 vy=+0.000 wz=+0.000 frame=55 aa 10 0c 00 00 00 00 00 00 00 00 00 00 00 00 1b
2026-07-10 01:53:21.743 RX arm_feedback state=1 end=(0.0038,0.0000,0.2998) theta1=-3.1372 frame=55 aa 86 11 01 71 6c 7b 3b d4 23 8d 37 f0 83 99 3e 00 c8 48 c0 ff
2026-07-10 01:53:21.754 TX chassis mode=IDLE vx=+0.000 vy=+0.000 wz=+0.000 frame=55 aa 10 0c 00 00 00 00 00 00 00 00 00 00 00 00 1b
2026-07-10 01:53:21.762 RX arm_feedback state=1 end=(0.0038,0.0000,0.2998) theta1=-3.1372 frame=55 aa 86 11 01 71 6c 7b 3b d4 23 8d 37 f0 83 99 3e 00 c8 48 c0 ff
2026-07-10 01:53:21.793 TX chassis mode=IDLE vx=+0.000 vy=+0.000 wz=+0.000 frame=55 aa 10 0c 00 00 00 00 00 00 00 00 00 00 00 00 1b
2026-07-10 01:53:21.794 RX arm_feedback state=1 end=(0.0038,0.0000,0.2998) theta1=-3.1372 frame=55 aa 86 11 01 71 6c 7b 3b d4 23 8d 37 f0 83 99 3e 00 c8 48 c0 ff
2026-07-10 01:53:21.807 RX arm_feedback state=1 end=(0.0038,0.0000,0.2998) theta1=-3.1372 frame=55 aa 86 11 01 71 6c 7b 3b d4 23 8d 37 f0 83 99 3e 00 c8 48 c0 ff
2026-07-10 01:53:21.818 TX chassis mode=IDLE vx=+0.000 vy=+0.000 wz=+0.000 frame=55 aa 10 0c 00 00 00 00 00 00 00 00 00 00 00 00 1b
2026-07-10 01:53:21.834 RX arm_feedback state=1 end=(0.0038,0.0000,0.2998) theta1=-3.1372 frame=55 aa 86 11 01 71 6c 7b 3b d4 23 8d 37 f0 83 99 3e 00 c8 48 c0 ff
2026-07-10 01:53:21.835 RX func=0x80 payload=00 00 00 00 00 00 00 00 00 00 00 00 00 00 00 00 d6 5b 02 00 frame=55 aa 80 14 00 00 00 00 00 00 00 00 00 00 00 00 00 00 00 00 d6 5b 02 00 c6
2026-07-10 01:53:21.860 RX arm_feedback state=1 end=(0.0038,0.0000,0.2998) theta1=-3.1372 frame=55 aa 86 11 01 71 6c 7b 3b d4 23 8d 37 f0 83 99 3e 00 c8 48 c0 ff
2026-07-10 01:53:21.861 TX chassis mode=IDLE vx=+0.000 vy=+0.000 wz=+0.000 frame=55 aa 10 0c 00 00 00 00 00 00 00 00 00 00 00 00 1b
2026-07-10 01:53:21.880 RX arm_feedback state=1 end=(0.0038,0.0000,0.2999) theta1=-3.1372 frame=55 aa 86 11 01 62 69 76 3b 92 53 8a 37 48 92 99 3e 00 c8 48 c0 3a
2026-07-10 01:53:21.895 TX mode:IDLE frame=55 aa 15 01 00 15
2026-07-10 01:53:21.911 TX chassis mode=IDLE vx=+0.000 vy=+0.000 wz=+0.000 frame=55 aa 10 0c 00 00 00 00 00 00 00 00 00 00 00 00 1b
2026-07-10 01:53:21.921 RX arm_feedback state=1 end=(0.0038,0.0000,0.2999) theta1=-3.1372 frame=55 aa 86 11 01 62 69 76 3b 92 53 8a 37 48 92 99 3e 00 c8 48 c0 3a
2026-07-10 01:53:21.936 RX arm_feedback state=1 end=(0.0038,0.0000,0.3001) theta1=-3.1372 frame=55 aa 86 11 01 47 e5 78 3b 8a b8 8b 37 6e a0 99 3e 00 c8 48 c0 2f
2026-07-10 01:53:21.951 RX arm_feedback state=1 end=(0.0038,0.0000,0.3001) theta1=-3.1372 frame=55 aa 86 11 01 47 e5 78 3b 8a b8 8b 37 6e a0 99 3e 00 c8 48 c0 2f
2026-07-10 01:53:21.958 TX chassis mode=IDLE vx=+0.000 vy=+0.000 wz=+0.000 frame=55 aa 10 0c 00 00 00 00 00 00 00 00 00 00 00 00 1b
2026-07-10 01:53:21.977 RX func=0x80 payload=00 00 00 00 00 00 00 00 00 00 00 00 00 00 00 00 3c 5c 02 00 frame=55 aa 80 14 00 00 00 00 00 00 00 00 00 00 00 00 00 00 00 00 3c 5c 02 00 2d
2026-07-10 01:53:21.984 RX arm_feedback state=1 end=(0.0037,0.0000,0.3002) theta1=-3.1372 frame=55 aa 86 11 01 32 e1 73 3b b4 e7 88 37 c5 ae 99 3e 00 c8 48 c0 cc
2026-07-10 01:53:21.991 RX arm_feedback state=1 end=(0.0035,0.0000,0.3005) theta1=-3.1372 frame=55 aa 86 11 01 d9 d0 64 3b e4 72 80 37 c4 d9 99 3e 00 c8 48 c0 30
2026-07-10 01:53:22.007 RX arm_feedback state=1 end=(0.0033,0.0000,0.3008) theta1=-3.1372 frame=55 aa 86 11 01 5c ba 55 3b 42 f5 6f 37 ba 04 9a 3e 00 c8 48 c0 80
2026-07-10 01:53:22.031 TX chassis mode=IDLE vx=+0.000 vy=+0.000 wz=+0.000 frame=55 aa 10 0c 00 00 00 00 00 00 00 00 00 00 00 00 1b
2026-07-10 01:53:22.048 RX arm_feedback state=1 end=(0.0028,0.0000,0.3015) theta1=-3.1372 frame=55 aa 86 11 01 6e 7a 37 3b f2 fe 4d 37 8b 5a 9a 3e 00 c8 48 c0 f2
2026-07-10 01:53:22.071 RX arm_feedback state=1 end=(0.0024,0.0000,0.3022) theta1=-3.1372 frame=55 aa 86 11 01 d3 9d 1b 3b fc b6 2e 37 60 be 9a 3e 00 c8 48 c0 3a
2026-07-10 01:53:22.084 RX func=0x80 payload=00 00 00 00 00 00 00 00 00 00 00 00 00 00 00 00 a0 5c 02 00 frame=55 aa 80 14 00 00 00 00 00 00 00 00 00 00 00 00 00 00 00 00 a0 5c 02 00 91
2026-07-10 01:53:22.428 RX arm_feedback state=1 end=(0.0022,0.0000,0.3034) theta1=-3.1372 frame=55 aa 86 11 01 16 3d 11 3b 31 10 23 37 88 5a 9b 3e 00 c8 48 c0 5c
2026-07-10 01:53:22.430 TX chassis mode=IDLE vx=+0.000 vy=+0.000 wz=+0.000 frame=55 aa 10 0c 00 00 00 00 00 00 00 00 00 00 00 00 1b
2026-07-10 01:53:22.438 RX arm_feedback state=1 end=(0.0021,0.0000,0.3048) theta1=-3.1372 frame=55 aa 86 11 01 4c f0 0b 3b e4 1c 1d 37 c5 12 9c 3e 00 c8 48 c0 ee
2026-07-10 01:53:22.444 RX arm_feedback state=1 end=(0.0017,0.0000,0.3063) theta1=-3.1372 frame=55 aa 86 11 01 42 a2 e4 3a bc 58 00 37 2f d9 9c 3e 00 c8 48 c0 96
2026-07-10 01:53:22.445 RX arm_feedback state=1 end=(0.0012,0.0000,0.3079) theta1=-3.1372 frame=55 aa 86 11 01 ac d7 a1 3a 6e b4 b5 36 57 9f 9d 3e 00 c8 48 c0 a3
2026-07-10 01:53:22.456 RX arm_feedback state=1 end=(0.0007,0.0000,0.3093) theta1=-3.1372 frame=55 aa 86 11 01 f4 3a 33 3a 02 3a 49 36 09 57 9e 3e 00 c8 48 c0 f9
2026-07-10 01:53:22.462 RX func=0x80 payload=00 00 00 00 00 00 00 00 00 00 00 00 00 00 00 00 05 5d 02 00 frame=55 aa 80 14 00 00 00 00 00 00 00 00 00 00 00 00 00 00 00 00 05 5d 02 00 f7
2026-07-10 01:53:22.469 RX arm_feedback state=1 end=(0.0004,0.0000,0.3107) theta1=-3.1372 frame=55 aa 86 11 01 ee 65 c0 39 b1 02 d8 35 5d 0e 9f 3e 00 c8 48 c0 bb
2026-07-10 01:53:22.473 RX arm_feedback state=1 end=(0.0002,0.0000,0.3118) theta1=-3.1372 frame=55 aa 86 11 01 71 7e 5a 39 14 4f 75 35 44 a9 9f 3e 00 c8 48 c0 c0
2026-07-10 01:53:22.480 RX arm_feedback state=1 end=(0.0001,0.0000,0.3131) theta1=-3.1372 frame=55 aa 86 11 01 e0 0d bd 38 93 41 d4 34 0f 52 a0 3e 00 c8 48 c0 64
2026-07-10 01:53:22.487 RX arm_feedback state=1 end=(-0.0002,-0.0000,0.3139) theta1=-3.1372 frame=55 aa 86 11 01 e3 e8 6e b9 79 1d 86 b5 6b b4 a0 3e 00 c8 48 c0 27
2026-07-10 01:53:22.493 RX arm_feedback state=1 end=(-0.0003,-0.0000,0.3140) theta1=-3.1372 frame=55 aa 86 11 01 18 3f a1 b9 21 09 b5 b5 75 c2 a0 3e 00 c8 48 c0 c1
2026-07-10 01:53:22.496 RX func=0x80 payload=00 00 00 00 00 00 00 00 00 00 00 00 00 00 00 00 6b 5d 02 00 frame=55 aa 80 14 00 00 00 00 00 00 00 00 00 00 00 00 00 00 00 00 6b 5d 02 00 5d
2026-07-10 01:53:22.502 RX arm_feedback state=1 end=(-0.0003,-0.0000,0.3140) theta1=-3.1372 frame=55 aa 86 11 01 18 3f a1 b9 21 09 b5 b5 75 c2 a0 3e 00 c8 48 c0 c1
2026-07-10 01:53:22.513 RX arm_feedback state=1 end=(-0.0003,-0.0000,0.3140) theta1=-3.1372 frame=55 aa 86 11 01 18 3f a1 b9 21 09 b5 b5 75 c2 a0 3e 00 c8 48 c0 c1
2026-07-10 01:53:22.524 RX arm_feedback state=1 end=(-0.0003,-0.0000,0.3140) theta1=-3.1372 frame=55 aa 86 11 01 18 3f a1 b9 21 09 b5 b5 75 c2 a0 3e 00 c8 48 c0 c1
2026-07-10 01:53:22.529 RX arm_feedback state=1 end=(-0.0003,-0.0000,0.3140) theta1=-3.1372 frame=55 aa 86 11 01 18 3f a1 b9 21 09 b5 b5 75 c2 a0 3e 00 c8 48 c0 c1
2026-07-10 01:53:22.535 RX arm_feedback state=1 end=(-0.0003,-0.0000,0.3140) theta1=-3.1372 frame=55 aa 86 11 01 18 3f a1 b9 21 09 b5 b5 75 c2 a0 3e 00 c8 48 c0 c1
2026-07-10 01:53:22.541 RX func=0x80 payload=00 00 00 00 00 00 00 00 00 00 00 00 00 00 00 00 d0 5d 02 00 frame=55 aa 80 14 00 00 00 00 00 00 00 00 00 00 00 00 00 00 00 00 d0 5d 02 00 c2
2026-07-10 01:53:22.549 RX arm_feedback state=1 end=(-0.0003,-0.0000,0.3140) theta1=-3.1372 frame=55 aa 86 11 01 18 3f a1 b9 21 09 b5 b5 75 c2 a0 3e 00 c8 48 c0 c1
2026-07-10 01:53:22.553 RX arm_feedback state=1 end=(-0.0003,-0.0000,0.3140) theta1=-3.1372 frame=55 aa 86 11 01 18 3f a1 b9 21 09 b5 b5 75 c2 a0 3e 00 c8 48 c0 c1
2026-07-10 01:53:22.558 RX arm_feedback state=1 end=(-0.0003,-0.0000,0.3140) theta1=-3.1372 frame=55 aa 86 11 01 18 3f a1 b9 21 09 b5 b5 75 c2 a0 3e 00 c8 48 c0 c1
2026-07-10 01:53:22.563 RX arm_feedback state=1 end=(-0.0002,-0.0000,0.3139) theta1=-3.1372 frame=55 aa 86 11 01 e3 e8 6e b9 79 1d 86 b5 6b b4 a0 3e 00 c8 48 c0 27
2026-07-10 01:53:22.564 RX arm_feedback state=1 end=(-0.0002,-0.0000,0.3139) theta1=-3.1372 frame=55 aa 86 11 01 e3 e8 6e b9 79 1d 86 b5 6b b4 a0 3e 00 c8 48 c0 27
2026-07-10 01:53:22.573 TX mode:IDLE frame=55 aa 15 01 00 15
2026-07-10 01:53:22.577 TX chassis mode=IDLE vx=+0.000 vy=+0.000 wz=+0.000 frame=55 aa 10 0c 00 00 00 00 00 00 00 00 00 00 00 00 1b
2026-07-10 01:53:22.578 RX func=0x80 payload=00 00 00 00 00 00 00 00 00 00 00 00 00 00 00 00 37 5e 02 00 frame=55 aa 80 14 00 00 00 00 00 00 00 00 00 00 00 00 00 00 00 00 37 5e 02 00 2a
2026-07-10 01:53:22.584 RX arm_feedback state=1 end=(-0.0002,-0.0000,0.3139) theta1=-3.1372 frame=55 aa 86 11 01 e3 e8 6e b9 79 1d 86 b5 6b b4 a0 3e 00 c8 48 c0 27
2026-07-10 01:53:22.591 RX arm_feedback state=1 end=(-0.0002,-0.0000,0.3139) theta1=-3.1372 frame=55 aa 86 11 01 e3 e8 6e b9 79 1d 86 b5 6b b4 a0 3e 00 c8 48 c0 27
2026-07-10 01:53:22.595 RX arm_feedback state=1 end=(-0.0002,-0.0000,0.3139) theta1=-3.1372 frame=55 aa 86 11 01 e3 e8 6e b9 79 1d 86 b5 6b b4 a0 3e 00 c8 48 c0 27
2026-07-10 01:53:22.598 RX arm_feedback state=1 end=(-0.0003,-0.0000,0.3138) theta1=-3.1372 frame=55 aa 86 11 01 59 72 8c b9 e5 ae 9d b5 5e a6 a0 3e 00 c8 48 c0 3e
2026-07-10 01:53:22.599 RX arm_feedback state=1 end=(-0.0003,-0.0000,0.3138) theta1=-3.1372 frame=55 aa 86 11 01 59 72 8c b9 e5 ae 9d b5 5e a6 a0 3e 00 c8 48 c0 3e
2026-07-10 01:53:22.603 RX func=0x80 payload=00 00 00 00 00 00 00 00 00 00 00 00 00 00 00 00 9c 5e 02 00 frame=55 aa 80 14 00 00 00 00 00 00 00 00 00 00 00 00 00 00 00 00 9c 5e 02 00 8f
2026-07-10 01:53:22.606 RX arm_feedback state=1 end=(-0.0002,-0.0000,0.3137) theta1=-3.1372 frame=55 aa 86 11 01 95 57 45 b9 ac 8f 5d b5 52 98 a0 3e 00 c8 48 c0 66
2026-07-10 01:53:22.608 RX arm_feedback state=1 end=(-0.0001,-0.0000,0.3136) theta1=-3.1372 frame=55 aa 86 11 01 55 a5 e3 b8 81 95 ff b4 46 8a a0 3e 00 c8 48 c0 73
2026-07-10 01:53:22.616 TX chassis mode=IDLE vx=+0.000 vy=+0.000 wz=+0.000 frame=55 aa 10 0c 00 00 00 00 00 00 00 00 00 00 00 00 1b
2026-07-10 01:53:22.617 RX arm_feedback state=1 end=(-0.0001,-0.0000,0.3136) theta1=-3.1372 frame=55 aa 86 11 01 55 a5 e3 b8 81 95 ff b4 46 8a a0 3e 00 c8 48 c0 73
2026-07-10 01:53:22.621 RX arm_feedback state=1 end=(-0.0000,-0.0000,0.3134) theta1=-3.1372 frame=55 aa 86 11 01 9b 32 f3 b7 b2 85 08 b4 3a 7c a0 3e 00 c8 48 c0 65
2026-07-10 01:53:22.622 TX chassis mode=IDLE vx=+0.000 vy=+0.000 wz=+0.000 frame=55 aa 10 0c 00 00 00 00 00 00 00 00 00 00 00 00 1b
2026-07-10 01:53:22.623 RX arm_feedback state=1 end=(-0.0000,-0.0000,0.3134) theta1=-3.1372 frame=55 aa 86 11 01 9b 32 f3 b7 b2 85 08 b4 3a 7c a0 3e 00 c8 48 c0 65
2026-07-10 01:53:22.628 TX chassis mode=IDLE vx=+0.000 vy=+0.000 wz=+0.000 frame=55 aa 10 0c 00 00 00 00 00 00 00 00 00 00 00 00 1b
2026-07-10 01:53:22.639 TX mode:IDLE frame=55 aa 15 01 00 15
2026-07-10 01:53:22.640 TX chassis mode=IDLE vx=+0.000 vy=+0.000 wz=+0.000 frame=55 aa 10 0c 00 00 00 00 00 00 00 00 00 00 00 00 1b
2026-07-10 01:53:22.659 RX func=0x80 payload=00 00 00 00 00 00 00 00 00 00 00 00 00 00 00 00 04 5f 02 00 frame=55 aa 80 14 00 00 00 00 00 00 00 00 00 00 00 00 00 00 00 00 04 5f 02 00 f8
2026-07-10 01:53:22.663 RX arm_feedback state=1 end=(0.0001,0.0000,0.3132) theta1=-3.1372 frame=55 aa 86 11 01 29 6a 08 39 0a 28 19 35 1d 60 a0 3e 00 c8 48 c0 16
2026-07-10 01:53:22.670 TX chassis mode=IDLE vx=+0.000 vy=+0.000 wz=+0.000 frame=55 aa 10 0c 00 00 00 00 00 00 00 00 00 00 00 00 1b
2026-07-10 01:53:22.679 RX arm_feedback state=1 end=(0.0001,0.0000,0.3133) theta1=-3.1372 frame=55 aa 86 11 01 0f 18 54 38 9f 1f 6e 34 2c 6e a0 3e 00 c8 48 c0 f2
2026-07-10 01:53:22.682 TX chassis mode=IDLE vx=+0.000 vy=+0.000 wz=+0.000 frame=55 aa 10 0c 00 00 00 00 00 00 00 00 00 00 00 00 1b
2026-07-10 01:53:22.707 RX arm_feedback state=1 end=(0.0001,0.0000,0.3132) theta1=-3.1372 frame=55 aa 86 11 01 29 6a 08 39 0a 28 19 35 1d 60 a0 3e 00 c8 48 c0 16
2026-07-10 01:53:22.709 TX chassis mode=IDLE vx=+0.000 vy=+0.000 wz=+0.000 frame=55 aa 10 0c 00 00 00 00 00 00 00 00 00 00 00 00 1b
2026-07-10 01:53:22.719 RX arm_feedback state=1 end=(0.0001,0.0000,0.3132) theta1=-3.1372 frame=55 aa 86 11 01 29 6a 08 39 0a 28 19 35 1d 60 a0 3e 00 c8 48 c0 16
2026-07-10 01:53:22.720 TX chassis mode=IDLE vx=+0.000 vy=+0.000 wz=+0.000 frame=55 aa 10 0c 00 00 00 00 00 00 00 00 00 00 00 00 1b
2026-07-10 01:53:22.740 RX arm_feedback state=1 end=(0.0001,0.0000,0.3132) theta1=-3.1372 frame=55 aa 86 11 01 29 6a 08 39 0a 28 19 35 1d 60 a0 3e 00 c8 48 c0 16
2026-07-10 01:53:22.743 RX func=0x81 payload=0c 00 01 03 00 c8 48 c0 00 00 a0 bb frame=55 aa 81 0c 0c 00 01 03 00 c8 48 c0 00 00 a0 bb c7
2026-07-10 01:53:22.746 TX chassis mode=IDLE vx=+0.000 vy=+0.000 wz=+0.000 frame=55 aa 10 0c 00 00 00 00 00 00 00 00 00 00 00 00 1b
2026-07-10 01:53:22.763 RX arm_feedback state=1 end=(0.0001,0.0000,0.3132) theta1=-3.1372 frame=55 aa 86 11 01 29 6a 08 39 0a 28 19 35 1d 60 a0 3e 00 c8 48 c0 16
2026-07-10 01:53:22.764 RX func=0x80 payload=00 00 00 00 00 00 00 00 00 00 00 00 00 00 00 00 6a 5f 02 00 frame=55 aa 80 14 00 00 00 00 00 00 00 00 00 00 00 00 00 00 00 00 6a 5f 02 00 5e
2026-07-10 01:53:22.773 RX arm_feedback state=1 end=(0.0001,0.0000,0.3132) theta1=-3.1372 frame=55 aa 86 11 01 29 6a 08 39 0a 28 19 35 1d 60 a0 3e 00 c8 48 c0 16
2026-07-10 01:53:22.785 TX chassis mode=IDLE vx=+0.000 vy=+0.000 wz=+0.000 frame=55 aa 10 0c 00 00 00 00 00 00 00 00 00 00 00 00 1b
2026-07-10 01:53:22.794 RX arm_feedback state=1 end=(0.0001,0.0000,0.3132) theta1=-3.1372 frame=55 aa 86 11 01 29 6a 08 39 0a 28 19 35 1d 60 a0 3e 00 c8 48 c0 16
2026-07-10 01:53:22.795 TX chassis mode=IDLE vx=+0.000 vy=+0.000 wz=+0.000 frame=55 aa 10 0c 00 00 00 00 00 00 00 00 00 00 00 00 1b
2026-07-10 01:53:22.800 TX chassis mode=IDLE vx=+0.000 vy=+0.000 wz=+0.000 frame=55 aa 10 0c 00 00 00 00 00 00 00 00 00 00 00 00 1b
2026-07-10 01:53:22.819 RX arm_feedback state=1 end=(0.0001,0.0000,0.3132) theta1=-3.1372 frame=55 aa 86 11 01 29 6a 08 39 0a 28 19 35 1d 60 a0 3e 00 c8 48 c0 16
2026-07-10 01:53:22.820 TX chassis mode=IDLE vx=+0.000 vy=+0.000 wz=+0.000 frame=55 aa 10 0c 00 00 00 00 00 00 00 00 00 00 00 00 1b
2026-07-10 01:53:22.839 RX arm_feedback state=1 end=(0.0001,0.0000,0.3132) theta1=-3.1372 frame=55 aa 86 11 01 29 6a 08 39 0a 28 19 35 1d 60 a0 3e 00 c8 48 c0 16
2026-07-10 01:53:22.842 TX chassis mode=IDLE vx=+0.000 vy=+0.000 wz=+0.000 frame=55 aa 10 0c 00 00 00 00 00 00 00 00 00 00 00 00 1b
2026-07-10 01:53:22.861 RX arm_feedback state=1 end=(0.0001,0.0000,0.3132) theta1=-3.1372 frame=55 aa 86 11 01 29 6a 08 39 0a 28 19 35 1d 60 a0 3e 00 c8 48 c0 16
2026-07-10 01:53:22.863 RX func=0x80 payload=00 00 00 00 00 00 00 00 00 00 00 00 00 00 00 00 ce 5f 02 00 frame=55 aa 80 14 00 00 00 00 00 00 00 00 00 00 00 00 00 00 00 00 ce 5f 02 00 c2
2026-07-10 01:53:22.867 TX mode:IDLE frame=55 aa 15 01 00 15
2026-07-10 01:53:22.868 TX chassis mode=IDLE vx=+0.000 vy=+0.000 wz=+0.000 frame=55 aa 10 0c 00 00 00 00 00 00 00 00 00 00 00 00 1b
2026-07-10 01:53:22.879 RX arm_feedback state=1 end=(0.0001,0.0000,0.3133) theta1=-3.1372 frame=55 aa 86 11 01 0f 18 54 38 9f 1f 6e 34 2c 6e a0 3e 00 c8 48 c0 f2
2026-07-10 01:53:22.880 TX chassis mode=IDLE vx=+0.000 vy=+0.000 wz=+0.000 frame=55 aa 10 0c 00 00 00 00 00 00 00 00 00 00 00 00 1b
2026-07-10 01:53:22.901 RX arm_feedback state=1 end=(0.0001,0.0000,0.3132) theta1=-3.1372 frame=55 aa 86 11 01 29 6a 08 39 0a 28 19 35 1d 60 a0 3e 00 c8 48 c0 16
2026-07-10 01:53:22.904 TX chassis mode=IDLE vx=+0.000 vy=+0.000 wz=+0.000 frame=55 aa 10 0c 00 00 00 00 00 00 00 00 00 00 00 00 1b
2026-07-10 01:53:22.922 RX arm_feedback state=1 end=(0.0001,0.0000,0.3132) theta1=-3.1372 frame=55 aa 86 11 01 29 6a 08 39 0a 28 19 35 1d 60 a0 3e 00 c8 48 c0 16
2026-07-10 01:53:22.926 TX chassis mode=IDLE vx=+0.000 vy=+0.000 wz=+0.000 frame=55 aa 10 0c 00 00 00 00 00 00 00 00 00 00 00 00 1b
2026-07-10 01:53:22.939 RX arm_feedback state=1 end=(0.0001,0.0000,0.3132) theta1=-3.1372 frame=55 aa 86 11 01 29 6a 08 39 0a 28 19 35 1d 60 a0 3e 00 c8 48 c0 16
2026-07-10 01:53:22.940 RX func=0x81 payload=0d 00 01 03 00 de 6e 3f 00 00 a0 bb frame=55 aa 81 0c 0d 00 01 03 00 de 6e 3f 00 00 a0 bb 83
2026-07-10 01:53:22.949 TX chassis mode=IDLE vx=+0.000 vy=+0.000 wz=+0.000 frame=55 aa 10 0c 00 00 00 00 00 00 00 00 00 00 00 00 1b
2026-07-10 01:53:22.962 RX func=0x80 payload=00 00 00 00 00 00 00 00 00 00 00 00 00 00 00 00 32 60 02 00 frame=55 aa 80 14 00 00 00 00 00 00 00 00 00 00 00 00 00 00 00 00 32 60 02 00 27
2026-07-10 01:53:22.971 RX arm_feedback state=1 end=(0.0001,0.0000,0.3132) theta1=-3.1372 frame=55 aa 86 11 01 29 6a 08 39 0a 28 19 35 1d 60 a0 3e 00 c8 48 c0 16
2026-07-10 01:53:22.978 TX chassis mode=IDLE vx=+0.000 vy=+0.000 wz=+0.000 frame=55 aa 10 0c 00 00 00 00 00 00 00 00 00 00 00 00 1b
2026-07-10 01:53:22.983 RX arm_feedback state=1 end=(0.0001,0.0000,0.3132) theta1=-3.1372 frame=55 aa 86 11 01 29 6a 08 39 0a 28 19 35 1d 60 a0 3e 00 c8 48 c0 16
2026-07-10 01:53:22.995 TX chassis mode=IDLE vx=+0.000 vy=+0.000 wz=+0.000 frame=55 aa 10 0c 00 00 00 00 00 00 00 00 00 00 00 00 1b
2026-07-10 01:53:23.021 RX arm_feedback state=1 end=(0.0001,0.0000,0.3132) theta1=-3.1372 frame=55 aa 86 11 01 29 6a 08 39 0a 28 19 35 1d 60 a0 3e 00 c8 48 c0 16
2026-07-10 01:53:23.026 RX arm_feedback state=1 end=(0.0001,0.0000,0.3132) theta1=-3.1372 frame=55 aa 86 11 01 29 6a 08 39 0a 28 19 35 1d 60 a0 3e 00 c8 48 c0 16
2026-07-10 01:53:23.055 TX chassis mode=IDLE vx=+0.000 vy=+0.000 wz=+0.000 frame=55 aa 10 0c 00 00 00 00 00 00 00 00 00 00 00 00 1b
2026-07-10 01:53:23.056 RX arm_feedback state=1 end=(0.0001,0.0000,0.3132) theta1=-3.1372 frame=55 aa 86 11 01 29 6a 08 39 0a 28 19 35 1d 60 a0 3e 00 c8 48 c0 16
2026-07-10 01:53:23.078 RX func=0x80 payload=00 00 00 00 00 00 00 00 00 00 00 00 00 00 00 00 99 60 02 00 frame=55 aa 80 14 00 00 00 00 00 00 00 00 00 00 00 00 00 00 00 00 99 60 02 00 8e
2026-07-10 01:53:23.087 RX arm_feedback state=1 end=(0.0001,0.0000,0.3132) theta1=-3.1372 frame=55 aa 86 11 01 29 6a 08 39 0a 28 19 35 1d 60 a0 3e 00 c8 48 c0 16
2026-07-10 01:53:23.088 TX chassis mode=IDLE vx=+0.000 vy=+0.000 wz=+0.000 frame=55 aa 10 0c 00 00 00 00 00 00 00 00 00 00 00 00 1b
2026-07-10 01:53:23.113 RX arm_feedback state=1 end=(0.0002,0.0000,0.3133) theta1=-3.1372 frame=55 aa 86 11 01 f6 65 32 39 e1 4a 48 35 2a 6e a0 3e 00 c8 48 c0 4b
2026-07-10 01:53:23.114 RX arm_feedback state=1 end=(0.0001,0.0000,0.3134) theta1=-3.1372 frame=55 aa 86 11 01 a1 03 be 38 7f 55 d5 34 3a 7c a0 3e 00 c8 48 c0 72
2026-07-10 01:53:23.146 RX arm_feedback state=1 end=(0.0001,0.0000,0.3134) theta1=-3.1372 frame=55 aa 86 11 01 a1 03 be 38 7f 55 d5 34 3a 7c a0 3e 00 c8 48 c0 72
2026-07-10 01:53:23.156 TX mode:IDLE frame=55 aa 15 01 00 15
2026-07-10 01:53:23.163 TX chassis mode=IDLE vx=+0.000 vy=+0.000 wz=+0.000 frame=55 aa 10 0c 00 00 00 00 00 00 00 00 00 00 00 00 1b
2026-07-10 01:53:23.164 RX arm_feedback state=1 end=(0.0001,0.0000,0.3134) theta1=-3.1372 frame=55 aa 86 11 01 a1 03 be 38 7f 55 d5 34 3a 7c a0 3e 00 c8 48 c0 72
2026-07-10 01:53:23.165 RX func=0x81 payload=0e 00 01 03 00 02 b7 be 00 00 a0 bb frame=55 aa 81 0c 0e 00 01 03 00 02 b7 be 00 00 a0 bb 70
2026-07-10 01:53:23.190 RX func=0x80 payload=00 00 00 00 00 00 00 00 00 00 00 00 00 00 00 00 fe 60 02 00 frame=55 aa 80 14 00 00 00 00 00 00 00 00 00 00 00 00 00 00 00 00 fe 60 02 00 f3
2026-07-10 01:53:23.191 RX arm_feedback state=1 end=(0.0001,0.0000,0.3134) theta1=-3.1372 frame=55 aa 86 11 01 a1 03 be 38 7f 55 d5 34 3a 7c a0 3e 00 c8 48 c0 72
2026-07-10 01:53:23.205 TX chassis mode=IDLE vx=+0.000 vy=+0.000 wz=+0.000 frame=55 aa 10 0c 00 00 00 00 00 00 00 00 00 00 00 00 1b
2026-07-10 01:53:23.206 RX arm_feedback state=1 end=(0.0001,0.0000,0.3134) theta1=-3.1372 frame=55 aa 86 11 01 a1 03 be 38 7f 55 d5 34 3a 7c a0 3e 00 c8 48 c0 72
2026-07-10 01:53:23.212 RX arm_feedback state=1 end=(0.0001,0.0000,0.3134) theta1=-3.1372 frame=55 aa 86 11 01 a1 03 be 38 7f 55 d5 34 3a 7c a0 3e 00 c8 48 c0 72
2026-07-10 01:53:23.224 TX chassis mode=IDLE vx=+0.000 vy=+0.000 wz=+0.000 frame=55 aa 10 0c 00 00 00 00 00 00 00 00 00 00 00 00 1b
2026-07-10 01:53:23.238 RX arm_feedback state=1 end=(0.0002,0.0000,0.3137) theta1=-3.1372 frame=55 aa 86 11 01 cd 09 33 39 d3 02 49 35 53 98 a0 3e 00 c8 48 c0 c5
2026-07-10 01:53:23.249 RX arm_feedback state=1 end=(0.0003,0.0000,0.3139) theta1=-3.1372 frame=55 aa 86 11 01 78 a1 83 39 0b c9 93 35 6b b4 a0 3e 00 c8 48 c0 d5
2026-07-10 01:53:23.252 TX chassis mode=IDLE vx=+0.000 vy=+0.000 wz=+0.000 frame=55 aa 10 0c 00 00 00 00 00 00 00 00 00 00 00 00 1b
2026-07-10 01:53:23.262 RX func=0x80 payload=00 00 00 00 00 00 00 00 00 00 00 00 00 00 00 00 62 61 02 00 frame=55 aa 80 14 00 00 00 00 00 00 00 00 00 00 00 00 00 00 00 00 62 61 02 00 58
2026-07-10 01:53:23.272 RX arm_feedback state=1 end=(0.0003,0.0000,0.3140) theta1=-3.1372 frame=55 aa 86 11 01 0b bc 98 39 a7 7a ab 35 75 c2 a0 3e 00 c8 48 c0 15
2026-07-10 01:53:23.276 TX chassis mode=IDLE vx=+0.000 vy=+0.000 wz=+0.000 frame=55 aa 10 0c 00 00 00 00 00 00 00 00 00 00 00 00 1b
2026-07-10 01:53:23.292 RX arm_feedback state=1 end=(0.0004,0.0000,0.3143) theta1=-3.1372 frame=55 aa 86 11 01 3d 20 d8 39 7b a6 f2 35 94 ec a0 3e 00 c8 48 c0 7b
2026-07-10 01:53:23.302 RX arm_feedback state=1 end=(0.0005,0.0000,0.3144) theta1=-3.1372 frame=55 aa 86 11 01 4a 4f ed 39 8b 37 05 36 9c fa a0 3e 00 c8 48 c0 97
2026-07-10 01:53:23.307 TX chassis mode=IDLE vx=+0.000 vy=+0.000 wz=+0.000 frame=55 aa 10 0c 00 00 00 00 00 00 00 00 00 00 00 00 1b
2026-07-10 01:53:23.308 TX chassis mode=IDLE vx=+0.000 vy=+0.000 wz=+0.000 frame=55 aa 10 0c 00 00 00 00 00 00 00 00 00 00 00 00 1b
2026-07-10 01:53:23.326 RX arm_feedback state=1 end=(0.0005,0.0000,0.3145) theta1=-3.1372 frame=55 aa 86 11 01 2c 3f 01 3a d9 1b 11 36 a4 08 a1 3e 00 c8 48 c0 d3
2026-07-10 01:53:23.330 TX mode:IDLE frame=55 aa 15 01 00 15
2026-07-10 01:53:23.341 TX chassis mode=IDLE vx=+0.000 vy=+0.000 wz=+0.000 frame=55 aa 10 0c 00 00 00 00 00 00 00 00 00 00 00 00 1b
2026-07-10 01:53:23.349 RX arm_feedback state=1 end=(0.0005,0.0000,0.3145) theta1=-3.1372 frame=55 aa 86 11 01 2c 3f 01 3a d9 1b 11 36 a4 08 a1 3e 00 c8 48 c0 d3
2026-07-10 01:53:23.353 RX func=0x81 payload=0f 00 01 03 80 5f e8 bf 00 00 f0 bc frame=55 aa 81 0c 0f 00 01 03 80 5f e8 bf 00 00 f0 bc d1
2026-07-10 01:53:23.364 TX chassis mode=IDLE vx=+0.000 vy=+0.000 wz=+0.000 frame=55 aa 10 0c 00 00 00 00 00 00 00 00 00 00 00 00 1b
2026-07-10 01:53:23.372 RX func=0x80 payload=00 00 00 00 00 00 00 00 00 00 00 00 00 00 00 00 c6 61 02 00 frame=55 aa 80 14 00 00 00 00 00 00 00 00 00 00 00 00 00 00 00 00 c6 61 02 00 bc
2026-07-10 01:53:23.381 RX arm_feedback state=1 end=(0.0004,0.0000,0.3146) theta1=-3.1372 frame=55 aa 86 11 01 2d c8 d8 39 06 63 f3 35 b3 16 a1 3e 00 c8 48 c0 a6
2026-07-10 01:53:23.399 RX arm_feedback state=1 end=(0.0004,0.0000,0.3146) theta1=-3.1372 frame=55 aa 86 11 01 2d c8 d8 39 06 63 f3 35 b3 16 a1 3e 00 c8 48 c0 a6
2026-07-10 01:53:23.399 TX chassis mode=IDLE vx=+0.000 vy=+0.000 wz=+0.000 frame=55 aa 10 0c 00 00 00 00 00 00 00 00 00 00 00 00 1b
2026-07-10 01:53:23.404 RX arm_feedback state=1 end=(0.0003,0.0000,0.3148) theta1=-3.1372 frame=55 aa 86 11 01 8c 4f 85 39 e7 ab 95 35 cb 32 a1 3e 00 c8 48 c0 38
2026-07-10 01:53:23.405 TX chassis mode=IDLE vx=+0.000 vy=+0.000 wz=+0.000 frame=55 aa 10 0c 00 00 00 00 00 00 00 00 00 00 00 00 1b
2026-07-10 01:53:23.421 RX arm_feedback state=1 end=(0.0003,0.0000,0.3148) theta1=-3.1372 frame=55 aa 86 11 01 8c 4f 85 39 e7 ab 95 35 cb 32 a1 3e 00 c8 48 c0 38
2026-07-10 01:53:23.427 TX chassis mode=IDLE vx=+0.000 vy=+0.000 wz=+0.000 frame=55 aa 10 0c 00 00 00 00 00 00 00 00 00 00 00 00 1b
2026-07-10 01:53:23.450 RX arm_feedback state=1 end=(0.0003,0.0000,0.3149) theta1=-3.1372 frame=55 aa 86 11 01 ca 86 9a 39 b4 7d ad 35 d3 40 a1 3e 00 c8 48 c0 8f
2026-07-10 01:53:23.455 TX chassis mode=IDLE vx=+0.000 vy=+0.000 wz=+0.000 frame=55 aa 10 0c 00 00 00 00 00 00 00 00 00 00 00 00 1b
2026-07-10 01:53:23.462 RX func=0x80 payload=00 00 00 00 00 00 00 00 00 00 00 00 00 00 00 00 2d 62 02 00 frame=55 aa 80 14 00 00 00 00 00 00 00 00 00 00 00 00 00 00 00 00 2d 62 02 00 24
2026-07-10 01:53:23.483 RX arm_feedback state=1 end=(0.0004,0.0000,0.3152) theta1=-3.1372 frame=55 aa 86 11 01 aa 05 c5 39 b3 33 dd 35 e2 5c a1 3e 00 c8 48 c0 29
2026-07-10 01:53:23.495 TX chassis mode=IDLE vx=+0.000 vy=+0.000 wz=+0.000 frame=55 aa 10 0c 00 00 00 00 00 00 00 00 00 00 00 00 1b
2026-07-10 01:53:23.509 RX arm_feedback state=1 end=(0.0004,0.0000,0.3152) theta1=-3.1372 frame=55 aa 86 11 01 aa 05 c5 39 b3 33 dd 35 e2 5c a1 3e 00 c8 48 c0 29
2026-07-10 01:53:23.510 RX arm_feedback state=1 end=(0.0004,0.0000,0.3153) theta1=-3.1372 frame=55 aa 86 11 01 4a 4d da 39 e5 17 f5 35 e8 6a a1 3e 00 c8 48 c0 68
2026-07-10 01:53:23.523 TX chassis mode=IDLE vx=+0.000 vy=+0.000 wz=+0.000 frame=55 aa 10 0c 00 00 00 00 00 00 00 00 00 00 00 00 1b
2026-07-10 01:53:23.552 RX arm_feedback state=1 end=(0.0005,0.0000,0.3154) theta1=-3.1372 frame=55 aa 86 11 01 1c 9d ef 39 a5 82 06 36 ee 78 a1 3e 00 c8 48 c0 f0
2026-07-10 01:53:23.561 RX arm_feedback state=1 end=(0.0005,0.0000,0.3154) theta1=-3.1372 frame=55 aa 86 11 01 1c 9d ef 39 a5 82 06 36 ee 78 a1 3e 00 c8 48 c0 f0
2026-07-10 01:53:23.578 TX mode:IDLE frame=55 aa 15 01 00 15
2026-07-10 01:53:23.578 TX chassis mode=IDLE vx=+0.000 vy=+0.000 wz=+0.000 frame=55 aa 10 0c 00 00 00 00 00 00 00 00 00 00 00 00 1b
2026-07-10 01:53:23.588 RX func=0x80 payload=00 00 00 00 00 00 00 00 00 00 00 00 00 00 00 00 91 62 02 00 frame=55 aa 80 14 00 00 00 00 00 00 00 00 00 00 00 00 00 00 00 00 91 62 02 00 88
2026-07-10 01:53:23.608 RX arm_feedback state=1 end=(0.0005,0.0000,0.3154) theta1=-3.1372 frame=55 aa 86 11 01 1c 9d ef 39 a5 82 06 36 ee 78 a1 3e 00 c8 48 c0 f0
2026-07-10 01:53:23.615 RX arm_feedback state=1 end=(0.0005,0.0000,0.3154) theta1=-3.1372 frame=55 aa 86 11 01 1c 9d ef 39 a5 82 06 36 ee 78 a1 3e 00 c8 48 c0 f0
2026-07-10 01:53:23.623 TX chassis mode=IDLE vx=+0.000 vy=+0.000 wz=+0.000 frame=55 aa 10 0c 00 00 00 00 00 00 00 00 00 00 00 00 1b
2026-07-10 01:53:23.635 RX arm_feedback state=1 end=(0.0005,0.0000,0.3154) theta1=-3.1372 frame=55 aa 86 11 01 1c 9d ef 39 a5 82 06 36 ee 78 a1 3e 00 c8 48 c0 f0
2026-07-10 01:53:23.647 RX arm_feedback state=1 end=(0.0005,0.0000,0.3154) theta1=-3.1372 frame=55 aa 86 11 01 1c 9d ef 39 a5 82 06 36 ee 78 a1 3e 00 c8 48 c0 f0
2026-07-10 01:53:23.655 TX chassis mode=IDLE vx=+0.000 vy=+0.000 wz=+0.000 frame=55 aa 10 0c 00 00 00 00 00 00 00 00 00 00 00 00 1b
2026-07-10 01:53:23.669 RX arm_feedback state=1 end=(0.0005,0.0000,0.3154) theta1=-3.1372 frame=55 aa 86 11 01 1c 9d ef 39 a5 82 06 36 ee 78 a1 3e 00 c8 48 c0 f0
2026-07-10 01:53:23.684 RX func=0x80 payload=00 00 00 00 00 00 00 00 00 00 00 00 00 00 00 00 f8 62 02 00 frame=55 aa 80 14 00 00 00 00 00 00 00 00 00 00 00 00 00 00 00 00 f8 62 02 00 ef
2026-07-10 01:53:23.703 RX arm_feedback state=1 end=(0.0005,0.0000,0.3154) theta1=-3.1372 frame=55 aa 86 11 01 1c 9d ef 39 a5 82 06 36 ee 78 a1 3e 00 c8 48 c0 f0
2026-07-10 01:53:23.707 TX chassis mode=IDLE vx=+0.000 vy=+0.000 wz=+0.000 frame=55 aa 10 0c 00 00 00 00 00 00 00 00 00 00 00 00 1b
2026-07-10 01:53:23.708 RX arm_feedback state=1 end=(0.0005,0.0000,0.3154) theta1=-3.1372 frame=55 aa 86 11 01 1c 9d ef 39 a5 82 06 36 ee 78 a1 3e 00 c8 48 c0 f0
2026-07-10 01:53:23.709 RX arm_feedback state=1 end=(0.0005,0.0000,0.3154) theta1=-3.1372 frame=55 aa 86 11 01 1c 9d ef 39 a5 82 06 36 ee 78 a1 3e 00 c8 48 c0 f0
2026-07-10 01:53:23.724 TX chassis mode=IDLE vx=+0.000 vy=+0.000 wz=+0.000 frame=55 aa 10 0c 00 00 00 00 00 00 00 00 00 00 00 00 1b
2026-07-10 01:53:23.734 RX arm_feedback state=1 end=(0.0005,0.0000,0.3154) theta1=-3.1372 frame=55 aa 86 11 01 1c 9d ef 39 a5 82 06 36 ee 78 a1 3e 00 c8 48 c0 f0
2026-07-10 01:53:23.745 TX chassis mode=IDLE vx=+0.000 vy=+0.000 wz=+0.000 frame=55 aa 10 0c 00 00 00 00 00 00 00 00 00 00 00 00 1b
2026-07-10 01:53:23.752 RX arm_feedback state=1 end=(0.0005,0.0000,0.3154) theta1=-3.1372 frame=55 aa 86 11 01 1c 9d ef 39 a5 82 06 36 ee 78 a1 3e 00 c8 48 c0 f0
2026-07-10 01:53:23.753 TX mode:IDLE frame=55 aa 15 01 00 15
2026-07-10 01:53:23.760 TX chassis mode=IDLE vx=+0.000 vy=+0.000 wz=+0.000 frame=55 aa 10 0c 00 00 00 00 00 00 00 00 00 00 00 00 1b
2026-07-10 01:53:23.771 RX arm_feedback state=1 end=(0.0005,0.0000,0.3154) theta1=-3.1372 frame=55 aa 86 11 01 1c 9d ef 39 a5 82 06 36 ee 78 a1 3e 00 c8 48 c0 f0
2026-07-10 01:53:23.775 RX func=0x80 payload=00 00 00 00 00 00 00 00 00 00 00 00 00 00 00 00 62 63 02 00 frame=55 aa 80 14 00 00 00 00 00 00 00 00 00 00 00 00 00 00 00 00 62 63 02 00 5a
2026-07-10 01:53:23.781 TX chassis mode=IDLE vx=+0.000 vy=+0.000 wz=+0.000 frame=55 aa 10 0c 00 00 00 00 00 00 00 00 00 00 00 00 1b
2026-07-10 01:53:23.800 RX arm_feedback state=1 end=(0.0005,0.0000,0.3154) theta1=-3.1372 frame=55 aa 86 11 01 1c 9d ef 39 a5 82 06 36 ee 78 a1 3e 00 c8 48 c0 f0
2026-07-10 01:53:23.813 RX arm_feedback state=1 end=(0.0005,0.0000,0.3154) theta1=-3.1372 frame=55 aa 86 11 01 1c 9d ef 39 a5 82 06 36 ee 78 a1 3e 00 c8 48 c0 f0
2026-07-10 01:53:23.827 TX chassis mode=IDLE vx=+0.000 vy=+0.000 wz=+0.000 frame=55 aa 10 0c 00 00 00 00 00 00 00 00 00 00 00 00 1b
2026-07-10 01:53:23.832 RX arm_feedback state=1 end=(0.0005,0.0000,0.3154) theta1=-3.1372 frame=55 aa 86 11 01 1c 9d ef 39 a5 82 06 36 ee 78 a1 3e 00 c8 48 c0 f0
2026-07-10 01:53:23.843 TX chassis mode=IDLE vx=+0.000 vy=+0.000 wz=+0.000 frame=55 aa 10 0c 00 00 00 00 00 00 00 00 00 00 00 00 1b
2026-07-10 01:53:23.848 RX arm_feedback state=1 end=(0.0005,0.0000,0.3154) theta1=-3.1372 frame=55 aa 86 11 01 1c 9d ef 39 a5 82 06 36 ee 78 a1 3e 00 c8 48 c0 f0
2026-07-10 01:53:23.853 TX chassis mode=IDLE vx=+0.000 vy=+0.000 wz=+0.000 frame=55 aa 10 0c 00 00 00 00 00 00 00 00 00 00 00 00 1b
2026-07-10 01:53:23.866 RX arm_feedback state=1 end=(0.0005,0.0000,0.3154) theta1=-3.1372 frame=55 aa 86 11 01 1c 9d ef 39 a5 82 06 36 ee 78 a1 3e 00 c8 48 c0 f0
2026-07-10 01:53:23.869 RX func=0x80 payload=00 00 00 00 00 00 00 00 00 00 00 00 00 00 00 00 ca 63 02 00 frame=55 aa 80 14 00 00 00 00 00 00 00 00 00 00 00 00 00 00 00 00 ca 63 02 00 c2
2026-07-10 01:53:23.877 TX chassis mode=IDLE vx=+0.000 vy=+0.000 wz=+0.000 frame=55 aa 10 0c 00 00 00 00 00 00 00 00 00 00 00 00 1b
2026-07-10 01:53:23.885 RX arm_feedback state=1 end=(0.0005,0.0000,0.3154) theta1=-3.1372 frame=55 aa 86 11 01 1c 9d ef 39 a5 82 06 36 ee 78 a1 3e 00 c8 48 c0 f0
2026-07-10 01:53:23.895 TX chassis mode=IDLE vx=+0.000 vy=+0.000 wz=+0.000 frame=55 aa 10 0c 00 00 00 00 00 00 00 00 00 00 00 00 1b
2026-07-10 01:53:23.909 RX arm_feedback state=1 end=(0.0005,0.0000,0.3153) theta1=-3.1372 frame=55 aa 86 11 01 c9 af 0c 3a e0 f3 1d 36 e2 6a a1 3e 00 c8 48 c0 76
2026-07-10 01:53:23.910 TX chassis mode=IDLE vx=+0.000 vy=+0.000 wz=+0.000 frame=55 aa 10 0c 00 00 00 00 00 00 00 00 00 00 00 00 1b
2026-07-10 01:53:23.923 RX arm_feedback state=1 end=(0.0005,0.0000,0.3154) theta1=-3.1372 frame=55 aa 86 11 01 1c 9d ef 39 a5 82 06 36 ee 78 a1 3e 00 c8 48 c0 f0
2026-07-10 01:53:23.927 TX chassis mode=IDLE vx=+0.000 vy=+0.000 wz=+0.000 frame=55 aa 10 0c 00 00 00 00 00 00 00 00 00 00 00 00 1b
2026-07-10 01:53:23.942 RX arm_feedback state=1 end=(0.0005,0.0000,0.3153) theta1=-3.1372 frame=55 aa 86 11 01 c9 af 0c 3a e0 f3 1d 36 e2 6a a1 3e 00 c8 48 c0 76
2026-07-10 01:53:23.951 TX chassis mode=IDLE vx=+0.000 vy=+0.000 wz=+0.000 frame=55 aa 10 0c 00 00 00 00 00 00 00 00 00 00 00 00 1b
2026-07-10 01:53:23.960 RX func=0x81 payload=00 00 01 02 18 f3 37 bf 99 a3 b6 bd frame=55 aa 81 0c 00 00 01 02 18 f3 37 bf 99 a3 b6 bd 3f
2026-07-10 01:53:23.967 RX arm_feedback state=1 end=(0.0005,0.0000,0.3154) theta1=-3.1372 frame=55 aa 86 11 01 1c 9d ef 39 a5 82 06 36 ee 78 a1 3e 00 c8 48 c0 f0
2026-07-10 01:53:23.982 TX mode:IDLE frame=55 aa 15 01 00 15
2026-07-10 01:53:23.982 TX chassis mode=IDLE vx=+0.000 vy=+0.000 wz=+0.000 frame=55 aa 10 0c 00 00 00 00 00 00 00 00 00 00 00 00 1b
2026-07-10 01:53:23.997 RX func=0x80 payload=00 00 00 00 00 00 00 00 00 00 00 00 00 00 00 00 30 64 02 00 frame=55 aa 80 14 00 00 00 00 00 00 00 00 00 00 00 00 00 00 00 00 30 64 02 00 29
2026-07-10 01:53:24.005 RX arm_feedback state=1 end=(0.0005,0.0000,0.3153) theta1=-3.1372 frame=55 aa 86 11 01 c9 af 0c 3a e0 f3 1d 36 e2 6a a1 3e 00 c8 48 c0 76
2026-07-10 01:53:24.006 TX chassis mode=IDLE vx=+0.000 vy=+0.000 wz=+0.000 frame=55 aa 10 0c 00 00 00 00 00 00 00 00 00 00 00 00 1b
2026-07-10 01:53:24.023 RX arm_feedback state=1 end=(0.0005,0.0000,0.3153) theta1=-3.1372 frame=55 aa 86 11 01 c9 af 0c 3a e0 f3 1d 36 e2 6a a1 3e 00 c8 48 c0 76
2026-07-10 01:53:24.028 RX arm_feedback state=1 end=(0.0005,0.0000,0.3154) theta1=-3.1372 frame=55 aa 86 11 01 1c 9d ef 39 a5 82 06 36 ee 78 a1 3e 00 c8 48 c0 f0
2026-07-10 01:53:24.033 TX chassis mode=IDLE vx=+0.000 vy=+0.000 wz=+0.000 frame=55 aa 10 0c 00 00 00 00 00 00 00 00 00 00 00 00 1b
2026-07-10 01:53:24.048 RX arm_feedback state=1 end=(0.0005,0.0000,0.3153) theta1=-3.1372 frame=55 aa 86 11 01 c9 af 0c 3a e0 f3 1d 36 e2 6a a1 3e 00 c8 48 c0 76
2026-07-10 01:53:24.049 TX chassis mode=IDLE vx=+0.000 vy=+0.000 wz=+0.000 frame=55 aa 10 0c 00 00 00 00 00 00 00 00 00 00 00 00 1b
2026-07-10 01:53:24.061 RX arm_feedback state=1 end=(0.0005,0.0000,0.3154) theta1=-3.1372 frame=55 aa 86 11 01 1c 9d ef 39 a5 82 06 36 ee 78 a1 3e 00 c8 48 c0 f0
2026-07-10 01:53:24.075 TX chassis mode=IDLE vx=+0.000 vy=+0.000 wz=+0.000 frame=55 aa 10 0c 00 00 00 00 00 00 00 00 00 00 00 00 1b
2026-07-10 01:53:24.082 RX func=0x80 payload=00 00 00 00 00 00 00 00 00 00 00 00 00 00 00 00 94 64 02 00 frame=55 aa 80 14 00 00 00 00 00 00 00 00 00 00 00 00 00 00 00 00 94 64 02 00 8d
2026-07-10 01:53:24.088 RX arm_feedback state=1 end=(0.0005,0.0000,0.3154) theta1=-3.1372 frame=55 aa 86 11 01 1c 9d ef 39 a5 82 06 36 ee 78 a1 3e 00 c8 48 c0 f0
2026-07-10 01:53:24.096 TX chassis mode=IDLE vx=+0.000 vy=+0.000 wz=+0.000 frame=55 aa 10 0c 00 00 00 00 00 00 00 00 00 00 00 00 1b
2026-07-10 01:53:24.106 RX arm_feedback state=1 end=(0.0005,0.0000,0.3154) theta1=-3.1372 frame=55 aa 86 11 01 1c 9d ef 39 a5 82 06 36 ee 78 a1 3e 00 c8 48 c0 f0
2026-07-10 01:53:24.110 TX chassis mode=IDLE vx=+0.000 vy=+0.000 wz=+0.000 frame=55 aa 10 0c 00 00 00 00 00 00 00 00 00 00 00 00 1b
2026-07-10 01:53:24.123 RX arm_feedback state=1 end=(0.0005,0.0000,0.3154) theta1=-3.1372 frame=55 aa 86 11 01 1c 9d ef 39 a5 82 06 36 ee 78 a1 3e 00 c8 48 c0 f0
2026-07-10 01:53:24.130 TX chassis mode=IDLE vx=+0.000 vy=+0.000 wz=+0.000 frame=55 aa 10 0c 00 00 00 00 00 00 00 00 00 00 00 00 1b
2026-07-10 01:53:24.145 RX arm_feedback state=1 end=(0.0005,0.0000,0.3154) theta1=-3.1372 frame=55 aa 86 11 01 1c 9d ef 39 a5 82 06 36 ee 78 a1 3e 00 c8 48 c0 f0
2026-07-10 01:53:24.146 TX chassis mode=IDLE vx=+0.000 vy=+0.000 wz=+0.000 frame=55 aa 10 0c 00 00 00 00 00 00 00 00 00 00 00 00 1b
2026-07-10 01:53:24.161 RX func=0x81 payload=01 00 01 02 cb 6e 08 c0 0a d1 9e bc frame=55 aa 81 0c 01 00 01 02 cb 6e 08 c0 0a d1 9e bc c6
2026-07-10 01:53:24.172 RX arm_feedback state=1 end=(0.0005,0.0000,0.3154) theta1=-3.1372 frame=55 aa 86 11 01 1c 9d ef 39 a5 82 06 36 ee 78 a1 3e 00 c8 48 c0 f0
2026-07-10 01:53:24.181 TX mode:IDLE frame=55 aa 15 01 00 15
2026-07-10 01:53:24.183 TX chassis mode=IDLE vx=+0.000 vy=+0.000 wz=+0.000 frame=55 aa 10 0c 00 00 00 00 00 00 00 00 00 00 00 00 1b
2026-07-10 01:53:24.190 RX func=0x80 payload=00 00 00 00 00 00 00 00 00 00 00 00 00 00 00 00 fa 64 02 00 frame=55 aa 80 14 00 00 00 00 00 00 00 00 00 00 00 00 00 00 00 00 fa 64 02 00 f3
2026-07-10 01:53:24.198 RX arm_feedback state=1 end=(0.0005,0.0000,0.3154) theta1=-3.1372 frame=55 aa 86 11 01 1c 9d ef 39 a5 82 06 36 ee 78 a1 3e 00 c8 48 c0 f0
2026-07-10 01:53:24.207 TX chassis mode=IDLE vx=+0.000 vy=+0.000 wz=+0.000 frame=55 aa 10 0c 00 00 00 00 00 00 00 00 00 00 00 00 1b
2026-07-10 01:53:24.212 RX arm_feedback state=1 end=(0.0005,0.0000,0.3154) theta1=-3.1372 frame=55 aa 86 11 01 1c 9d ef 39 a5 82 06 36 ee 78 a1 3e 00 c8 48 c0 f0
2026-07-10 01:53:24.218 TX chassis mode=IDLE vx=+0.000 vy=+0.000 wz=+0.000 frame=55 aa 10 0c 00 00 00 00 00 00 00 00 00 00 00 00 1b
2026-07-10 01:53:24.227 RX arm_feedback state=1 end=(0.0005,0.0000,0.3153) theta1=-3.1372 frame=55 aa 86 11 01 c9 af 0c 3a e0 f3 1d 36 e2 6a a1 3e 00 c8 48 c0 76
2026-07-10 01:53:24.228 TX chassis mode=IDLE vx=+0.000 vy=+0.000 wz=+0.000 frame=55 aa 10 0c 00 00 00 00 00 00 00 00 00 00 00 00 1b
2026-07-10 01:53:24.248 RX arm_feedback state=1 end=(0.0005,0.0000,0.3154) theta1=-3.1372 frame=55 aa 86 11 01 1c 9d ef 39 a5 82 06 36 ee 78 a1 3e 00 c8 48 c0 f0
2026-07-10 01:53:24.255 TX chassis mode=IDLE vx=+0.000 vy=+0.000 wz=+0.000 frame=55 aa 10 0c 00 00 00 00 00 00 00 00 00 00 00 00 1b
2026-07-10 01:53:24.266 RX arm_feedback state=1 end=(0.0005,0.0000,0.3154) theta1=-3.1372 frame=55 aa 86 11 01 1c 9d ef 39 a5 82 06 36 ee 78 a1 3e 00 c8 48 c0 f0
2026-07-10 01:53:24.277 TX chassis mode=IDLE vx=+0.000 vy=+0.000 wz=+0.000 frame=55 aa 10 0c 00 00 00 00 00 00 00 00 00 00 00 00 1b
2026-07-10 01:53:24.284 RX func=0x80 payload=00 00 00 00 00 00 00 00 00 00 00 00 00 00 00 00 5e 65 02 00 frame=55 aa 80 14 00 00 00 00 00 00 00 00 00 00 00 00 00 00 00 00 5e 65 02 00 58
2026-07-10 01:53:24.299 RX arm_feedback state=1 end=(0.0005,0.0000,0.3154) theta1=-3.1372 frame=55 aa 86 11 01 1c 9d ef 39 a5 82 06 36 ee 78 a1 3e 00 c8 48 c0 f0
2026-07-10 01:53:24.303 TX chassis mode=IDLE vx=+0.000 vy=+0.000 wz=+0.000 frame=55 aa 10 0c 00 00 00 00 00 00 00 00 00 00 00 00 1b
2026-07-10 01:53:24.312 RX arm_feedback state=1 end=(0.0005,0.0000,0.3153) theta1=-3.1372 frame=55 aa 86 11 01 c9 af 0c 3a e0 f3 1d 36 e2 6a a1 3e 00 c8 48 c0 76
2026-07-10 01:53:24.314 TX chassis mode=IDLE vx=+0.000 vy=+0.000 wz=+0.000 frame=55 aa 10 0c 00 00 00 00 00 00 00 00 00 00 00 00 1b
2026-07-10 01:53:24.328 RX arm_feedback state=1 end=(0.0005,0.0000,0.3154) theta1=-3.1372 frame=55 aa 86 11 01 1c 9d ef 39 a5 82 06 36 ee 78 a1 3e 00 c8 48 c0 f0
2026-07-10 01:53:24.338 TX chassis mode=IDLE vx=+0.000 vy=+0.000 wz=+0.000 frame=55 aa 10 0c 00 00 00 00 00 00 00 00 00 00 00 00 1b
2026-07-10 01:53:24.351 RX arm_feedback state=1 end=(0.0005,0.0000,0.3153) theta1=-3.1372 frame=55 aa 86 11 01 c9 af 0c 3a e0 f3 1d 36 e2 6a a1 3e 00 c8 48 c0 76
2026-07-10 01:53:24.352 TX chassis mode=IDLE vx=+0.000 vy=+0.000 wz=+0.000 frame=55 aa 10 0c 00 00 00 00 00 00 00 00 00 00 00 00 1b
2026-07-10 01:53:24.360 RX func=0x81 payload=02 00 01 01 9a 31 5f 3b 00 00 00 80 frame=55 aa 81 0c 02 00 01 01 9a 31 5f 3b 00 00 00 80 75
2026-07-10 01:53:24.361 TX chassis mode=IDLE vx=+0.000 vy=+0.000 wz=+0.000 frame=55 aa 10 0c 00 00 00 00 00 00 00 00 00 00 00 00 1b
2026-07-10 01:53:24.381 RX arm_feedback state=1 end=(0.0005,0.0000,0.3152) theta1=-3.1372 frame=55 aa 86 11 01 e0 07 02 3a 2e fd 11 36 dc 5c a1 3e 00 c8 48 c0 13
2026-07-10 01:53:24.382 RX func=0x80 payload=00 00 00 00 00 00 00 00 00 00 00 00 00 00 00 00 c2 65 02 00 frame=55 aa 80 14 00 00 00 00 00 00 00 00 00 00 00 00 00 00 00 00 c2 65 02 00 bc
2026-07-10 01:53:24.383 TX mode:IDLE frame=55 aa 15 01 00 15
2026-07-10 01:53:24.392 TX chassis mode=IDLE vx=+0.000 vy=+0.000 wz=+0.000 frame=55 aa 10 0c 00 00 00 00 00 00 00 00 00 00 00 00 1b
2026-07-10 01:53:24.402 RX arm_feedback state=1 end=(0.0004,0.0000,0.3153) theta1=-3.1372 frame=55 aa 86 11 01 4a 4d da 39 e5 17 f5 35 e8 6a a1 3e 00 c8 48 c0 68
2026-07-10 01:53:24.410 RX arm_feedback state=1 end=(0.0005,0.0000,0.3152) theta1=-3.1372 frame=55 aa 86 11 01 e0 07 02 3a 2e fd 11 36 dc 5c a1 3e 00 c8 48 c0 13
2026-07-10 01:53:24.411 TX chassis mode=IDLE vx=+0.000 vy=+0.000 wz=+0.000 frame=55 aa 10 0c 00 00 00 00 00 00 00 00 00 00 00 00 1b
2026-07-10 01:53:24.427 RX arm_feedback state=1 end=(0.0005,0.0000,0.3152) theta1=-3.1372 frame=55 aa 86 11 01 e0 07 02 3a 2e fd 11 36 dc 5c a1 3e 00 c8 48 c0 13
2026-07-10 01:53:24.429 TX chassis mode=IDLE vx=+0.000 vy=+0.000 wz=+0.000 frame=55 aa 10 0c 00 00 00 00 00 00 00 00 00 00 00 00 1b
2026-07-10 01:53:24.442 RX arm_feedback state=1 end=(0.0005,0.0000,0.3152) theta1=-3.1372 frame=55 aa 86 11 01 e0 07 02 3a 2e fd 11 36 dc 5c a1 3e 00 c8 48 c0 13
2026-07-10 01:53:24.444 TX chassis mode=IDLE vx=+0.000 vy=+0.000 wz=+0.000 frame=55 aa 10 0c 00 00 00 00 00 00 00 00 00 00 00 00 1b
2026-07-10 01:53:24.459 TX chassis mode=IDLE vx=+0.000 vy=+0.000 wz=+0.000 frame=55 aa 10 0c 00 00 00 00 00 00 00 00 00 00 00 00 1b
2026-07-10 01:53:24.485 RX arm_feedback state=1 end=(0.0005,0.0000,0.3152) theta1=-3.1372 frame=55 aa 86 11 01 e0 07 02 3a 2e fd 11 36 dc 5c a1 3e 00 c8 48 c0 13
2026-07-10 01:53:24.489 RX func=0x80 payload=00 00 00 00 00 00 00 00 00 00 00 00 00 00 00 00 26 66 02 00 frame=55 aa 80 14 00 00 00 00 00 00 00 00 00 00 00 00 00 00 00 00 26 66 02 00 21
2026-07-10 01:53:24.493 TX chassis mode=IDLE vx=+0.000 vy=+0.000 wz=+0.000 frame=55 aa 10 0c 00 00 00 00 00 00 00 00 00 00 00 00 1b
2026-07-10 01:53:24.505 RX arm_feedback state=1 end=(0.0005,0.0000,0.3152) theta1=-3.1372 frame=55 aa 86 11 01 e0 07 02 3a 2e fd 11 36 dc 5c a1 3e 00 c8 48 c0 13
2026-07-10 01:53:24.514 RX arm_feedback state=1 end=(0.0005,0.0000,0.3152) theta1=-3.1372 frame=55 aa 86 11 01 e0 07 02 3a 2e fd 11 36 dc 5c a1 3e 00 c8 48 c0 13
2026-07-10 01:53:24.524 TX chassis mode=IDLE vx=+0.000 vy=+0.000 wz=+0.000 frame=55 aa 10 0c 00 00 00 00 00 00 00 00 00 00 00 00 1b
2026-07-10 01:53:24.530 RX arm_feedback state=1 end=(0.0005,0.0000,0.3152) theta1=-3.1372 frame=55 aa 86 11 01 e0 07 02 3a 2e fd 11 36 dc 5c a1 3e 00 c8 48 c0 13
2026-07-10 01:53:24.536 TX chassis mode=IDLE vx=+0.000 vy=+0.000 wz=+0.000 frame=55 aa 10 0c 00 00 00 00 00 00 00 00 00 00 00 00 1b
2026-07-10 01:53:24.542 TX chassis mode=IDLE vx=+0.000 vy=+0.000 wz=+0.000 frame=55 aa 10 0c 00 00 00 00 00 00 00 00 00 00 00 00 1b
2026-07-10 01:53:24.566 RX arm_feedback state=1 end=(0.0005,0.0000,0.3152) theta1=-3.1372 frame=55 aa 86 11 01 e0 07 02 3a 2e fd 11 36 dc 5c a1 3e 00 c8 48 c0 13
2026-07-10 01:53:24.577 RX func=0x81 payload=03 00 01 02 f3 91 19 c0 73 94 3e 3d frame=55 aa 81 0c 03 00 01 02 f3 91 19 c0 73 94 3e 3d 71
2026-07-10 01:53:24.578 TX chassis mode=IDLE vx=+0.000 vy=+0.000 wz=+0.000 frame=55 aa 10 0c 00 00 00 00 00 00 00 00 00 00 00 00 1b
2026-07-10 01:53:24.594 RX arm_feedback state=1 end=(0.0005,0.0000,0.3152) theta1=-3.1372 frame=55 aa 86 11 01 e0 07 02 3a 2e fd 11 36 dc 5c a1 3e 00 c8 48 c0 13
2026-07-10 01:53:24.607 RX func=0x80 payload=00 00 00 00 00 00 00 00 00 00 00 00 00 00 00 00 8d 66 02 00 frame=55 aa 80 14 00 00 00 00 00 00 00 00 00 00 00 00 00 00 00 00 8d 66 02 00 88
2026-07-10 01:53:24.618 RX arm_feedback state=1 end=(0.0005,0.0000,0.3153) theta1=-3.1372 frame=55 aa 86 11 01 c9 af 0c 3a e0 f3 1d 36 e2 6a a1 3e 00 c8 48 c0 76
2026-07-10 01:53:24.625 TX mode:IDLE frame=55 aa 15 01 00 15
2026-07-10 01:53:24.625 TX chassis mode=IDLE vx=+0.000 vy=+0.000 wz=+0.000 frame=55 aa 10 0c 00 00 00 00 00 00 00 00 00 00 00 00 1b
2026-07-10 01:53:24.637 RX arm_feedback state=1 end=(0.0005,0.0000,0.3154) theta1=-3.1372 frame=55 aa 86 11 01 1c 9d ef 39 a5 82 06 36 ee 78 a1 3e 00 c8 48 c0 f0
2026-07-10 01:53:24.642 RX arm_feedback state=1 end=(0.0005,0.0000,0.3153) theta1=-3.1372 frame=55 aa 86 11 01 c9 af 0c 3a e0 f3 1d 36 e2 6a a1 3e 00 c8 48 c0 76
2026-07-10 01:53:24.656 TX chassis mode=IDLE vx=+0.000 vy=+0.000 wz=+0.000 frame=55 aa 10 0c 00 00 00 00 00 00 00 00 00 00 00 00 1b
2026-07-10 01:53:24.664 RX arm_feedback state=1 end=(0.0005,0.0000,0.3154) theta1=-3.1372 frame=55 aa 86 11 01 1c 9d ef 39 a5 82 06 36 ee 78 a1 3e 00 c8 48 c0 f0
2026-07-10 01:53:24.671 TX chassis mode=IDLE vx=+0.000 vy=+0.000 wz=+0.000 frame=55 aa 10 0c 00 00 00 00 00 00 00 00 00 00 00 00 1b
2026-07-10 01:53:24.682 RX arm_feedback state=1 end=(0.0005,0.0000,0.3154) theta1=-3.1372 frame=55 aa 86 11 01 1c 9d ef 39 a5 82 06 36 ee 78 a1 3e 00 c8 48 c0 f0
2026-07-10 01:53:24.690 RX func=0x80 payload=00 00 00 00 00 00 00 00 00 00 00 00 00 00 00 00 f4 66 02 00 frame=55 aa 80 14 00 00 00 00 00 00 00 00 00 00 00 00 00 00 00 00 f4 66 02 00 ef
2026-07-10 01:53:24.691 TX chassis mode=IDLE vx=+0.000 vy=+0.000 wz=+0.000 frame=55 aa 10 0c 00 00 00 00 00 00 00 00 00 00 00 00 1b
2026-07-10 01:53:24.705 RX arm_feedback state=1 end=(0.0003,0.0000,0.3156) theta1=-3.1372 frame=55 aa 86 11 01 e8 0b 9c 39 93 32 af 35 03 95 a1 3e 00 c8 48 c0 4f
2026-07-10 01:53:24.724 TX chassis mode=IDLE vx=+0.000 vy=+0.000 wz=+0.000 frame=55 aa 10 0c 00 00 00 00 00 00 00 00 00 00 00 00 1b
2026-07-10 01:53:24.738 RX arm_feedback state=1 end=(0.0003,0.0000,0.3156) theta1=-3.1372 frame=55 aa 86 11 01 e8 0b 9c 39 93 32 af 35 03 95 a1 3e 00 c8 48 c0 4f
2026-07-10 01:53:24.751 RX arm_feedback state=1 end=(0.0002,0.0000,0.3159) theta1=-3.1372 frame=55 aa 86 11 01 47 74 3b 39 b6 75 52 35 19 bf a1 3e 00 c8 48 c0 ff
2026-07-10 01:53:24.768 TX chassis mode=IDLE vx=+0.000 vy=+0.000 wz=+0.000 frame=55 aa 10 0c 00 00 00 00 00 00 00 00 00 00 00 00 1b
2026-07-10 01:53:24.771 RX arm_feedback state=1 end=(-0.0001,-0.0000,0.3162) theta1=-3.1372 frame=55 aa 86 11 01 89 5b 7f b8 2e 59 8f b4 29 e9 a1 3e 00 c8 48 c0 3d
2026-07-10 01:53:24.785 RX func=0x81 payload=04 00 01 02 04 83 85 bf 4c 85 c6 bd frame=55 aa 81 0c 04 00 01 02 04 83 85 bf 4c 85 c6 bd b2
2026-07-10 01:53:24.796 RX arm_feedback state=1 end=(-0.0000,-0.0000,0.3163) theta1=-3.1372 frame=55 aa 86 11 01 e2 36 a9 b7 42 fb bd b3 30 f7 a1 3e 00 c8 48 c0 92
2026-07-10 01:53:24.813 TX chassis mode=IDLE vx=+0.000 vy=+0.000 wz=+0.000 frame=55 aa 10 0c 00 00 00 00 00 00 00 00 00 00 00 00 1b
2026-07-10 01:53:24.824 RX func=0x80 payload=00 00 00 00 00 00 00 00 00 00 00 00 00 00 00 00 58 67 02 00 frame=55 aa 80 14 00 00 00 00 00 00 00 00 00 00 00 00 00 00 00 00 58 67 02 00 54
2026-07-10 01:53:24.834 RX arm_feedback state=1 end=(0.0000,0.0000,0.3164) theta1=-3.1372 frame=55 aa 86 11 01 d8 8a ac 37 c6 b7 c1 33 34 05 a2 3e 00 c8 48 c0 36
2026-07-10 01:53:24.847 RX arm_feedback state=1 end=(0.0000,0.0000,0.3164) theta1=-3.1372 frame=55 aa 86 11 01 d8 8a ac 37 c6 b7 c1 33 34 05 a2 3e 00 c8 48 c0 36
2026-07-10 01:53:24.865 TX mode:IDLE frame=55 aa 15 01 00 15
2026-07-10 01:53:24.871 TX chassis mode=IDLE vx=+0.000 vy=+0.000 wz=+0.000 frame=55 aa 10 0c 00 00 00 00 00 00 00 00 00 00 00 00 1b
2026-07-10 01:53:24.873 RX arm_feedback state=1 end=(0.0001,0.0000,0.3166) theta1=-3.1372 frame=55 aa 86 11 01 e9 b3 80 38 7d 7f 90 34 37 13 a2 3e 00 c8 48 c0 a5
2026-07-10 01:53:24.896 RX arm_feedback state=1 end=(0.0001,0.0000,0.3167) theta1=-3.1372 frame=55 aa 86 11 01 7e 55 d6 38 6e a3 f0 34 3a 21 a2 3e 00 c8 48 c0 b8
2026-07-10 01:53:24.899 RX arm_feedback state=1 end=(0.0001,0.0000,0.3167) theta1=-3.1372 frame=55 aa 86 11 01 7e 55 d6 38 6e a3 f0 34 3a 21 a2 3e 00 c8 48 c0 b8
2026-07-10 01:53:24.920 TX chassis mode=IDLE vx=+0.000 vy=+0.000 wz=+0.000 frame=55 aa 10 0c 00 00 00 00 00 00 00 00 00 00 00 00 1b
2026-07-10 01:53:24.934 RX func=0x80 payload=00 00 00 00 00 00 00 00 00 00 00 00 00 00 00 00 bd 67 02 00 frame=55 aa 80 14 00 00 00 00 00 00 00 00 00 00 00 00 00 00 00 00 bd 67 02 00 b9
2026-07-10 01:53:24.940 RX arm_feedback state=1 end=(0.0001,0.0000,0.3167) theta1=-3.1372 frame=55 aa 86 11 01 7e 55 d6 38 6e a3 f0 34 3a 21 a2 3e 00 c8 48 c0 b8
2026-07-10 01:53:24.964 RX arm_feedback state=1 end=(0.0001,0.0000,0.3167) theta1=-3.1372 frame=55 aa 86 11 01 7e 55 d6 38 6e a3 f0 34 3a 21 a2 3e 00 c8 48 c0 b8
2026-07-10 01:53:24.972 RX arm_feedback state=1 end=(0.0001,0.0000,0.3167) theta1=-3.1372 frame=55 aa 86 11 01 7e 55 d6 38 6e a3 f0 34 3a 21 a2 3e 00 c8 48 c0 b8
2026-07-10 01:53:24.985 TX chassis mode=IDLE vx=+0.000 vy=+0.000 wz=+0.000 frame=55 aa 10 0c 00 00 00 00 00 00 00 00 00 00 00 00 1b
2026-07-10 01:53:24.997 RX arm_feedback state=1 end=(0.0001,0.0000,0.3167) theta1=-3.1372 frame=55 aa 86 11 01 7e 55 d6 38 6e a3 f0 34 3a 21 a2 3e 00 c8 48 c0 b8
2026-07-10 01:53:25.006 RX func=0x81 payload=05 00 01 01 f0 b2 0a bc 00 00 00 80 frame=55 aa 81 0c 05 00 01 01 f0 b2 0a bc 00 00 00 80 7b
2026-07-10 01:53:25.017 RX arm_feedback state=1 end=(0.0001,0.0000,0.3167) theta1=-3.1372 frame=55 aa 86 11 01 7e 55 d6 38 6e a3 f0 34 3a 21 a2 3e 00 c8 48 c0 b8
2026-07-10 01:53:25.027 RX func=0x80 payload=00 00 00 00 00 00 00 00 00 00 00 00 00 00 00 00 25 68 02 00 frame=55 aa 80 14 00 00 00 00 00 00 00 00 00 00 00 00 00 00 00 00 25 68 02 00 22
2026-07-10 01:53:25.045 RX arm_feedback state=1 end=(0.0001,0.0000,0.3167) theta1=-3.1372 frame=55 aa 86 11 01 7e 55 d6 38 6e a3 f0 34 3a 21 a2 3e 00 c8 48 c0 b8
2026-07-10 01:53:25.055 TX chassis mode=IDLE vx=+0.000 vy=+0.000 wz=+0.000 frame=55 aa 10 0c 00 00 00 00 00 00 00 00 00 00 00 00 1b
2026-07-10 01:53:25.065 RX arm_feedback state=1 end=(0.0001,0.0000,0.3167) theta1=-3.1372 frame=55 aa 86 11 01 7e 55 d6 38 6e a3 f0 34 3a 21 a2 3e 00 c8 48 c0 b8
2026-07-10 01:53:25.083 RX arm_feedback state=1 end=(0.0001,0.0000,0.3167) theta1=-3.1372 frame=55 aa 86 11 01 7e 55 d6 38 6e a3 f0 34 3a 21 a2 3e 00 c8 48 c0 b8
2026-07-10 01:53:25.100 RX arm_feedback state=1 end=(0.0001,0.0000,0.3167) theta1=-3.1372 frame=55 aa 86 11 01 7e 55 d6 38 6e a3 f0 34 3a 21 a2 3e 00 c8 48 c0 b8
2026-07-10 01:53:25.111 TX mode:IDLE frame=55 aa 15 01 00 15
2026-07-10 01:53:25.122 TX chassis mode=IDLE vx=+0.000 vy=+0.000 wz=+0.000 frame=55 aa 10 0c 00 00 00 00 00 00 00 00 00 00 00 00 1b
2026-07-10 01:53:25.134 RX arm_feedback state=1 end=(0.0001,0.0000,0.3167) theta1=-3.1372 frame=55 aa 86 11 01 7e 55 d6 38 6e a3 f0 34 3a 21 a2 3e 00 c8 48 c0 b8
2026-07-10 01:53:25.148 RX func=0x80 payload=00 00 00 00 00 00 00 00 00 00 00 00 00 00 00 00 8a 68 02 00 frame=55 aa 80 14 00 00 00 00 00 00 00 00 00 00 00 00 00 00 00 00 8a 68 02 00 87
2026-07-10 01:53:25.149 RX arm_feedback state=1 end=(0.0001,0.0000,0.3167) theta1=-3.1372 frame=55 aa 86 11 01 7e 55 d6 38 6e a3 f0 34 3a 21 a2 3e 00 c8 48 c0 b8
2026-07-10 01:53:25.154 RX arm_feedback state=1 end=(0.0001,0.0000,0.3167) theta1=-3.1372 frame=55 aa 86 11 01 7e 55 d6 38 6e a3 f0 34 3a 21 a2 3e 00 c8 48 c0 b8
2026-07-10 01:53:25.155 RX arm_feedback state=1 end=(0.0001,0.0000,0.3167) theta1=-3.1372 frame=55 aa 86 11 01 7e 55 d6 38 6e a3 f0 34 3a 21 a2 3e 00 c8 48 c0 b8
2026-07-10 01:53:25.161 TX chassis mode=IDLE vx=+0.000 vy=+0.000 wz=+0.000 frame=55 aa 10 0c 00 00 00 00 00 00 00 00 00 00 00 00 1b
2026-07-10 01:53:25.162 RX arm_feedback state=1 end=(0.0001,0.0000,0.3167) theta1=-3.1372 frame=55 aa 86 11 01 7e 55 d6 38 6e a3 f0 34 3a 21 a2 3e 00 c8 48 c0 b8
2026-07-10 01:53:25.163 RX func=0x81 payload=06 00 01 02 78 78 3c bf db 57 5e 3d frame=55 aa 81 0c 06 00 01 02 78 78 3c bf db 57 5e 3d 4d
2026-07-10 01:53:25.172 TX chassis mode=IDLE vx=+0.000 vy=+0.000 wz=+0.000 frame=55 aa 10 0c 00 00 00 00 00 00 00 00 00 00 00 00 1b
2026-07-10 01:53:25.181 RX arm_feedback state=1 end=(0.0001,0.0000,0.3167) theta1=-3.1372 frame=55 aa 86 11 01 7e 55 d6 38 6e a3 f0 34 3a 21 a2 3e 00 c8 48 c0 b8
2026-07-10 01:53:25.185 TX chassis mode=IDLE vx=+0.000 vy=+0.000 wz=+0.000 frame=55 aa 10 0c 00 00 00 00 00 00 00 00 00 00 00 00 1b
2026-07-10 01:53:25.199 RX func=0x80 payload=00 00 00 00 00 00 00 00 00 00 00 00 00 00 00 00 f1 68 02 00 frame=55 aa 80 14 00 00 00 00 00 00 00 00 00 00 00 00 00 00 00 00 f1 68 02 00 ee
2026-07-10 01:53:25.202 RX arm_feedback state=1 end=(0.0001,0.0000,0.3168) theta1=-3.1372 frame=55 aa 86 11 01 bb 03 16 39 e2 6c 28 35 3d 2f a2 3e 00 c8 48 c0 6b
2026-07-10 01:53:25.213 TX chassis mode=IDLE vx=+0.000 vy=+0.000 wz=+0.000 frame=55 aa 10 0c 00 00 00 00 00 00 00 00 00 00 00 00 1b
2026-07-10 01:53:25.219 RX arm_feedback state=1 end=(0.0001,0.0000,0.3168) theta1=-3.1372 frame=55 aa 86 11 01 bb 03 16 39 e2 6c 28 35 3d 2f a2 3e 00 c8 48 c0 6b
2026-07-10 01:53:25.231 TX chassis mode=IDLE vx=+0.000 vy=+0.000 wz=+0.000 frame=55 aa 10 0c 00 00 00 00 00 00 00 00 00 00 00 00 1b
2026-07-10 01:53:25.254 RX arm_feedback state=1 end=(0.0001,0.0000,0.3167) theta1=-3.1372 frame=55 aa 86 11 01 7e 55 d6 38 6e a3 f0 34 3a 21 a2 3e 00 c8 48 c0 b8
2026-07-10 01:53:25.263 TX chassis mode=IDLE vx=+0.000 vy=+0.000 wz=+0.000 frame=55 aa 10 0c 00 00 00 00 00 00 00 00 00 00 00 00 1b
2026-07-10 01:53:25.273 RX arm_feedback state=1 end=(0.0001,0.0000,0.3167) theta1=-3.1372 frame=55 aa 86 11 01 7e 55 d6 38 6e a3 f0 34 3a 21 a2 3e 00 c8 48 c0 b8
2026-07-10 01:53:25.282 TX chassis mode=IDLE vx=+0.000 vy=+0.000 wz=+0.000 frame=55 aa 10 0c 00 00 00 00 00 00 00 00 00 00 00 00 1b
2026-07-10 01:53:25.305 RX arm_feedback state=1 end=(0.0001,0.0000,0.3167) theta1=-3.1372 frame=55 aa 86 11 01 7e 55 d6 38 6e a3 f0 34 3a 21 a2 3e 00 c8 48 c0 b8
2026-07-10 01:53:25.306 TX mode:IDLE frame=55 aa 15 01 00 15
2026-07-10 01:53:25.307 TX chassis mode=IDLE vx=+0.000 vy=+0.000 wz=+0.000 frame=55 aa 10 0c 00 00 00 00 00 00 00 00 00 00 00 00 1b
2026-07-10 01:53:25.307 RX func=0x80 payload=00 00 00 00 00 00 00 00 00 00 00 00 00 00 00 00 58 69 02 00 frame=55 aa 80 14 00 00 00 00 00 00 00 00 00 00 00 00 00 00 00 00 58 69 02 00 56
2026-07-10 01:53:25.324 RX arm_feedback state=1 end=(0.0001,0.0000,0.3167) theta1=-3.1372 frame=55 aa 86 11 01 7e 55 d6 38 6e a3 f0 34 3a 21 a2 3e 00 c8 48 c0 b8
2026-07-10 01:53:25.330 TX chassis mode=IDLE vx=+0.000 vy=+0.000 wz=+0.000 frame=55 aa 10 0c 00 00 00 00 00 00 00 00 00 00 00 00 1b
2026-07-10 01:53:25.350 RX arm_feedback state=1 end=(0.0001,0.0000,0.3167) theta1=-3.1372 frame=55 aa 86 11 01 7e 55 d6 38 6e a3 f0 34 3a 21 a2 3e 00 c8 48 c0 b8
2026-07-10 01:53:25.362 RX arm_feedback state=1 end=(0.0001,0.0000,0.3167) theta1=-3.1372 frame=55 aa 86 11 01 7e 55 d6 38 6e a3 f0 34 3a 21 a2 3e 00 c8 48 c0 b8
2026-07-10 01:53:25.370 TX chassis mode=IDLE vx=+0.000 vy=+0.000 wz=+0.000 frame=55 aa 10 0c 00 00 00 00 00 00 00 00 00 00 00 00 1b
2026-07-10 01:53:25.383 RX arm_feedback state=1 end=(0.0001,0.0000,0.3167) theta1=-3.1372 frame=55 aa 86 11 01 7e 55 d6 38 6e a3 f0 34 3a 21 a2 3e 00 c8 48 c0 b8
2026-07-10 01:53:25.399 RX func=0x81 payload=07 00 01 02 7b c2 06 c0 44 1b 7e bb frame=55 aa 81 0c 07 00 01 02 7b c2 06 c0 44 1b 7e bb 31
2026-07-10 01:53:25.408 RX arm_feedback state=1 end=(0.0001,0.0000,0.3167) theta1=-3.1372 frame=55 aa 86 11 01 7e 55 d6 38 6e a3 f0 34 3a 21 a2 3e 00 c8 48 c0 b8
2026-07-10 01:53:25.419 TX chassis mode=IDLE vx=+0.000 vy=+0.000 wz=+0.000 frame=55 aa 10 0c 00 00 00 00 00 00 00 00 00 00 00 00 1b
2026-07-10 01:53:25.425 RX func=0x80 payload=00 00 00 00 00 00 00 00 00 00 00 00 00 00 00 00 bc 69 02 00 frame=55 aa 80 14 00 00 00 00 00 00 00 00 00 00 00 00 00 00 00 00 bc 69 02 00 ba
2026-07-10 01:53:25.438 RX arm_feedback state=1 end=(0.0001,0.0000,0.3168) theta1=-3.1372 frame=55 aa 86 11 01 bb 03 16 39 e2 6c 28 35 3d 2f a2 3e 00 c8 48 c0 6b
2026-07-10 01:53:25.454 RX arm_feedback state=1 end=(0.0001,0.0000,0.3167) theta1=-3.1372 frame=55 aa 86 11 01 7e 55 d6 38 6e a3 f0 34 3a 21 a2 3e 00 c8 48 c0 b8
2026-07-10 01:53:25.455 TX chassis mode=IDLE vx=+0.000 vy=+0.000 wz=+0.000 frame=55 aa 10 0c 00 00 00 00 00 00 00 00 00 00 00 00 1b
2026-07-10 01:53:25.474 RX arm_feedback state=1 end=(0.0001,0.0000,0.3167) theta1=-3.1372 frame=55 aa 86 11 01 7e 55 d6 38 6e a3 f0 34 3a 21 a2 3e 00 c8 48 c0 b8
2026-07-10 01:53:25.485 RX arm_feedback state=1 end=(0.0001,0.0000,0.3167) theta1=-3.1372 frame=55 aa 86 11 01 7e 55 d6 38 6e a3 f0 34 3a 21 a2 3e 00 c8 48 c0 b8
2026-07-10 01:53:25.502 TX chassis mode=IDLE vx=+0.000 vy=+0.000 wz=+0.000 frame=55 aa 10 0c 00 00 00 00 00 00 00 00 00 00 00 00 1b
2026-07-10 01:53:25.512 RX arm_feedback state=1 end=(0.0001,0.0000,0.3167) theta1=-3.1372 frame=55 aa 86 11 01 7e 55 d6 38 6e a3 f0 34 3a 21 a2 3e 00 c8 48 c0 b8
2026-07-10 01:53:25.520 RX func=0x80 payload=00 00 00 00 00 00 00 00 00 00 00 00 00 00 00 00 24 6a 02 00 frame=55 aa 80 14 00 00 00 00 00 00 00 00 00 00 00 00 00 00 00 00 24 6a 02 00 23
2026-07-10 01:53:25.539 RX arm_feedback state=1 end=(0.0001,0.0000,0.3168) theta1=-3.1372 frame=55 aa 86 11 01 bb 03 16 39 e2 6c 28 35 3d 2f a2 3e 00 c8 48 c0 6b
2026-07-10 01:53:25.541 TX mode:IDLE frame=55 aa 15 01 00 15
2026-07-10 01:53:25.556 TX chassis mode=IDLE vx=+0.000 vy=+0.000 wz=+0.000 frame=55 aa 10 0c 00 00 00 00 00 00 00 00 00 00 00 00 1b
2026-07-10 01:53:25.565 RX arm_feedback state=1 end=(0.0001,0.0000,0.3167) theta1=-3.1372 frame=55 aa 86 11 01 7e 55 d6 38 6e a3 f0 34 3a 21 a2 3e 00 c8 48 c0 b8
2026-07-10 01:53:25.578 RX arm_feedback state=1 end=(0.0001,0.0000,0.3167) theta1=-3.1372 frame=55 aa 86 11 01 7e 55 d6 38 6e a3 f0 34 3a 21 a2 3e 00 c8 48 c0 b8
2026-07-10 01:53:25.594 RX arm_feedback state=1 end=(0.0001,0.0000,0.3167) theta1=-3.1372 frame=55 aa 86 11 01 7e 55 d6 38 6e a3 f0 34 3a 21 a2 3e 00 c8 48 c0 b8
2026-07-10 01:53:25.602 TX chassis mode=IDLE vx=+0.000 vy=+0.000 wz=+0.000 frame=55 aa 10 0c 00 00 00 00 00 00 00 00 00 00 00 00 1b
2026-07-10 01:53:25.602 RX func=0x81 payload=08 00 01 01 18 10 4c b9 13 40 a3 bc frame=55 aa 81 0c 08 00 01 01 18 10 4c b9 13 40 a3 bc 75
2026-07-10 01:53:25.622 RX arm_feedback state=1 end=(0.0001,0.0000,0.3168) theta1=-3.1372 frame=55 aa 86 11 01 bb 03 16 39 e2 6c 28 35 3d 2f a2 3e 00 c8 48 c0 6b
2026-07-10 01:53:25.623 RX func=0x80 payload=00 00 00 00 00 00 00 00 00 00 00 00 00 00 00 00 8a 6a 02 00 frame=55 aa 80 14 00 00 00 00 00 00 00 00 00 00 00 00 00 00 00 00 8a 6a 02 00 89
2026-07-10 01:53:25.644 RX arm_feedback state=1 end=(0.0001,0.0000,0.3167) theta1=-3.1372 frame=55 aa 86 11 01 7e 55 d6 38 6e a3 f0 34 3a 21 a2 3e 00 c8 48 c0 b8
2026-07-10 01:53:25.647 TX chassis mode=IDLE vx=+0.000 vy=+0.000 wz=+0.000 frame=55 aa 10 0c 00 00 00 00 00 00 00 00 00 00 00 00 1b
2026-07-10 01:53:25.659 RX arm_feedback state=1 end=(0.0001,0.0000,0.3167) theta1=-3.1372 frame=55 aa 86 11 01 7e 55 d6 38 6e a3 f0 34 3a 21 a2 3e 00 c8 48 c0 b8
2026-07-10 01:53:25.660 RX arm_feedback state=1 end=(0.0001,0.0000,0.3168) theta1=-3.1372 frame=55 aa 86 11 01 bb 03 16 39 e2 6c 28 35 3d 2f a2 3e 00 c8 48 c0 6b
2026-07-10 01:53:25.660 TX chassis mode=IDLE vx=+0.000 vy=+0.000 wz=+0.000 frame=55 aa 10 0c 00 00 00 00 00 00 00 00 00 00 00 00 1b
2026-07-10 01:53:25.680 RX arm_feedback state=1 end=(0.0001,0.0000,0.3168) theta1=-3.1372 frame=55 aa 86 11 01 bb 03 16 39 e2 6c 28 35 3d 2f a2 3e 00 c8 48 c0 6b
2026-07-10 01:53:25.681 TX chassis mode=IDLE vx=+0.000 vy=+0.000 wz=+0.000 frame=55 aa 10 0c 00 00 00 00 00 00 00 00 00 00 00 00 1b
2026-07-10 01:53:25.696 RX arm_feedback state=1 end=(0.0002,0.0000,0.3169) theta1=-3.1372 frame=55 aa 86 11 01 49 f5 40 39 a5 a3 58 35 3f 3d a2 3e 00 c8 48 c0 4f
2026-07-10 01:53:25.702 TX chassis mode=IDLE vx=+0.000 vy=+0.000 wz=+0.000 frame=55 aa 10 0c 00 00 00 00 00 00 00 00 00 00 00 00 1b
2026-07-10 01:53:25.703 RX func=0x80 payload=00 00 00 00 00 00 00 00 00 00 00 00 00 00 00 00 f0 6a 02 00 frame=55 aa 80 14 00 00 00 00 00 00 00 00 00 00 00 00 00 00 00 00 f0 6a 02 00 ef
2026-07-10 01:53:25.716 RX arm_feedback state=1 end=(0.0002,0.0000,0.3169) theta1=-3.1372 frame=55 aa 86 11 01 49 f5 40 39 a5 a3 58 35 3f 3d a2 3e 00 c8 48 c0 4f
2026-07-10 01:53:25.723 TX chassis mode=IDLE vx=+0.000 vy=+0.000 wz=+0.000 frame=55 aa 10 0c 00 00 00 00 00 00 00 00 00 00 00 00 1b
2026-07-10 01:53:25.731 RX arm_feedback state=1 end=(0.0002,0.0000,0.3169) theta1=-3.1372 frame=55 aa 86 11 01 49 f5 40 39 a5 a3 58 35 3f 3d a2 3e 00 c8 48 c0 4f
2026-07-10 01:53:25.736 TX mode:IDLE frame=55 aa 15 01 00 15
2026-07-10 01:53:25.744 TX chassis mode=IDLE vx=+0.000 vy=+0.000 wz=+0.000 frame=55 aa 10 0c 00 00 00 00 00 00 00 00 00 00 00 00 1b
2026-07-10 01:53:25.748 RX arm_feedback state=1 end=(0.0002,0.0000,0.3169) theta1=-3.1372 frame=55 aa 86 11 01 49 f5 40 39 a5 a3 58 35 3f 3d a2 3e 00 c8 48 c0 4f
2026-07-10 01:53:25.751 TX chassis mode=IDLE vx=+0.000 vy=+0.000 wz=+0.000 frame=55 aa 10 0c 00 00 00 00 00 00 00 00 00 00 00 00 1b
2026-07-10 01:53:25.770 RX arm_feedback state=1 end=(0.0002,0.0000,0.3169) theta1=-3.1372 frame=55 aa 86 11 01 49 f5 40 39 a5 a3 58 35 3f 3d a2 3e 00 c8 48 c0 4f
2026-07-10 01:53:25.771 RX func=0x81 payload=09 00 01 02 b6 f5 19 c0 bf b2 2e bd frame=55 aa 81 0c 09 00 01 02 b6 f5 19 c0 bf b2 2e bd 78
2026-07-10 01:53:25.779 TX chassis mode=IDLE vx=+0.000 vy=+0.000 wz=+0.000 frame=55 aa 10 0c 00 00 00 00 00 00 00 00 00 00 00 00 1b
2026-07-10 01:53:25.784 RX arm_feedback state=1 end=(0.0002,0.0000,0.3169) theta1=-3.1372 frame=55 aa 86 11 01 49 f5 40 39 a5 a3 58 35 3f 3d a2 3e 00 c8 48 c0 4f
2026-07-10 01:53:25.789 TX chassis mode=IDLE vx=+0.000 vy=+0.000 wz=+0.000 frame=55 aa 10 0c 00 00 00 00 00 00 00 00 00 00 00 00 1b
2026-07-10 01:53:25.799 RX func=0x80 payload=00 00 00 00 00 00 00 00 00 00 00 00 00 00 00 00 55 6b 02 00 frame=55 aa 80 14 00 00 00 00 00 00 00 00 00 00 00 00 00 00 00 00 55 6b 02 00 55
2026-07-10 01:53:25.804 RX arm_feedback state=1 end=(0.0002,0.0000,0.3169) theta1=-3.1372 frame=55 aa 86 11 01 49 f5 40 39 a5 a3 58 35 3f 3d a2 3e 00 c8 48 c0 4f
2026-07-10 01:53:25.813 TX chassis mode=IDLE vx=+0.000 vy=+0.000 wz=+0.000 frame=55 aa 10 0c 00 00 00 00 00 00 00 00 00 00 00 00 1b
2026-07-10 01:53:25.827 RX arm_feedback state=1 end=(0.0002,0.0000,0.3169) theta1=-3.1372 frame=55 aa 86 11 01 49 f5 40 39 a5 a3 58 35 3f 3d a2 3e 00 c8 48 c0 4f
2026-07-10 01:53:25.828 TX chassis mode=IDLE vx=+0.000 vy=+0.000 wz=+0.000 frame=55 aa 10 0c 00 00 00 00 00 00 00 00 00 00 00 00 1b
2026-07-10 01:53:25.845 RX arm_feedback state=1 end=(0.0002,0.0000,0.3169) theta1=-3.1372 frame=55 aa 86 11 01 49 f5 40 39 a5 a3 58 35 3f 3d a2 3e 00 c8 48 c0 4f
2026-07-10 01:53:25.849 TX chassis mode=IDLE vx=+0.000 vy=+0.000 wz=+0.000 frame=55 aa 10 0c 00 00 00 00 00 00 00 00 00 00 00 00 1b
2026-07-10 01:53:25.868 RX arm_feedback state=1 end=(0.0002,0.0000,0.3169) theta1=-3.1372 frame=55 aa 86 11 01 49 f5 40 39 a5 a3 58 35 3f 3d a2 3e 00 c8 48 c0 4f
2026-07-10 01:53:25.869 TX chassis mode=IDLE vx=+0.000 vy=+0.000 wz=+0.000 frame=55 aa 10 0c 00 00 00 00 00 00 00 00 00 00 00 00 1b
2026-07-10 01:53:25.886 RX arm_feedback state=1 end=(0.0002,0.0000,0.3169) theta1=-3.1372 frame=55 aa 86 11 01 49 f5 40 39 a5 a3 58 35 3f 3d a2 3e 00 c8 48 c0 4f
2026-07-10 01:53:25.891 TX chassis mode=IDLE vx=+0.000 vy=+0.000 wz=+0.000 frame=55 aa 10 0c 00 00 00 00 00 00 00 00 00 00 00 00 1b
2026-07-10 01:53:25.902 RX arm_feedback state=1 end=(0.0002,0.0000,0.3169) theta1=-3.1372 frame=55 aa 86 11 01 49 f5 40 39 a5 a3 58 35 3f 3d a2 3e 00 c8 48 c0 4f
2026-07-10 01:53:25.907 RX func=0x80 payload=00 00 00 00 00 00 00 00 00 00 00 00 00 00 00 00 bd 6b 02 00 frame=55 aa 80 14 00 00 00 00 00 00 00 00 00 00 00 00 00 00 00 00 bd 6b 02 00 bd
2026-07-10 01:53:25.908 TX chassis mode=IDLE vx=+0.000 vy=+0.000 wz=+0.000 frame=55 aa 10 0c 00 00 00 00 00 00 00 00 00 00 00 00 1b
2026-07-10 01:53:25.921 RX arm_feedback state=1 end=(0.0002,0.0000,0.3169) theta1=-3.1372 frame=55 aa 86 11 01 49 f5 40 39 a5 a3 58 35 3f 3d a2 3e 00 c8 48 c0 4f
2026-07-10 01:53:25.922 TX chassis mode=IDLE vx=+0.000 vy=+0.000 wz=+0.000 frame=55 aa 10 0c 00 00 00 00 00 00 00 00 00 00 00 00 1b
2026-07-10 01:53:25.945 RX arm_feedback state=1 end=(0.0002,0.0000,0.3169) theta1=-3.1372 frame=55 aa 86 11 01 49 f5 40 39 a5 a3 58 35 3f 3d a2 3e 00 c8 48 c0 4f
2026-07-10 01:53:25.954 TX mode:IDLE frame=55 aa 15 01 00 15
2026-07-10 01:53:25.956 TX chassis mode=IDLE vx=+0.000 vy=+0.000 wz=+0.000 frame=55 aa 10 0c 00 00 00 00 00 00 00 00 00 00 00 00 1b
2026-07-10 01:53:25.967 RX arm_feedback state=1 end=(0.0002,0.0000,0.3169) theta1=-3.1372 frame=55 aa 86 11 01 49 f5 40 39 a5 a3 58 35 3f 3d a2 3e 00 c8 48 c0 4f
2026-07-10 01:53:25.971 TX chassis mode=IDLE vx=+0.000 vy=+0.000 wz=+0.000 frame=55 aa 10 0c 00 00 00 00 00 00 00 00 00 00 00 00 1b
2026-07-10 01:53:25.981 RX func=0x81 payload=0a 00 01 02 b8 78 81 bf 73 94 be 3c frame=55 aa 81 0c 0a 00 01 02 b8 78 81 bf 73 94 be 3c 0a
2026-07-10 01:53:25.988 RX arm_feedback state=1 end=(0.0002,0.0000,0.3169) theta1=-3.1372 frame=55 aa 86 11 01 49 f5 40 39 a5 a3 58 35 3f 3d a2 3e 00 c8 48 c0 4f
2026-07-10 01:53:25.992 TX chassis mode=IDLE vx=+0.000 vy=+0.000 wz=+0.000 frame=55 aa 10 0c 00 00 00 00 00 00 00 00 00 00 00 00 1b
2026-07-10 01:53:26.005 RX arm_feedback state=1 end=(0.0002,0.0000,0.3169) theta1=-3.1372 frame=55 aa 86 11 01 49 f5 40 39 a5 a3 58 35 3f 3d a2 3e 00 c8 48 c0 4f
2026-07-10 01:53:26.009 RX func=0x80 payload=00 00 00 00 00 00 00 00 00 00 00 00 00 00 00 00 24 6c 02 00 frame=55 aa 80 14 00 00 00 00 00 00 00 00 00 00 00 00 00 00 00 00 24 6c 02 00 25
2026-07-10 01:53:26.015 TX chassis mode=IDLE vx=+0.000 vy=+0.000 wz=+0.000 frame=55 aa 10 0c 00 00 00 00 00 00 00 00 00 00 00 00 1b
2026-07-10 01:53:26.022 RX arm_feedback state=1 end=(0.0002,0.0000,0.3169) theta1=-3.1372 frame=55 aa 86 11 01 49 f5 40 39 a5 a3 58 35 3f 3d a2 3e 00 c8 48 c0 4f
2026-07-10 01:53:26.035 TX chassis mode=IDLE vx=+0.000 vy=+0.000 wz=+0.000 frame=55 aa 10 0c 00 00 00 00 00 00 00 00 00 00 00 00 1b
2026-07-10 01:53:26.039 TX chassis mode=IDLE vx=+0.000 vy=+0.000 wz=+0.000 frame=55 aa 10 0c 00 00 00 00 00 00 00 00 00 00 00 00 1b
2026-07-10 01:53:26.061 RX arm_feedback state=1 end=(0.0002,0.0000,0.3169) theta1=-3.1372 frame=55 aa 86 11 01 49 f5 40 39 a5 a3 58 35 3f 3d a2 3e 00 c8 48 c0 4f
2026-07-10 01:53:26.077 RX arm_feedback state=1 end=(0.0002,0.0000,0.3169) theta1=-3.1372 frame=55 aa 86 11 01 49 f5 40 39 a5 a3 58 35 3f 3d a2 3e 00 c8 48 c0 4f
2026-07-10 01:53:26.078 TX chassis mode=IDLE vx=+0.000 vy=+0.000 wz=+0.000 frame=55 aa 10 0c 00 00 00 00 00 00 00 00 00 00 00 00 1b
2026-07-10 01:53:26.099 RX arm_feedback state=1 end=(0.0002,0.0000,0.3169) theta1=-3.1372 frame=55 aa 86 11 01 49 f5 40 39 a5 a3 58 35 3f 3d a2 3e 00 c8 48 c0 4f
2026-07-10 01:53:26.100 TX chassis mode=IDLE vx=+0.000 vy=+0.000 wz=+0.000 frame=55 aa 10 0c 00 00 00 00 00 00 00 00 00 00 00 00 1b
2026-07-10 01:53:26.110 TX mode:NAV frame=55 aa 15 01 01 16
2026-07-10 01:53:26.116 RX arm_feedback state=1 end=(0.0002,0.0000,0.3169) theta1=-3.1372 frame=55 aa 86 11 01 49 f5 40 39 a5 a3 58 35 3f 3d a2 3e 00 c8 48 c0 4f
2026-07-10 01:53:26.122 RX func=0x80 payload=00 00 00 00 00 00 00 00 00 00 00 00 00 00 00 00 8f 6c 02 00 frame=55 aa 80 14 00 00 00 00 00 00 00 00 00 00 00 00 00 00 00 00 8f 6c 02 00 90
2026-07-10 01:53:26.123 TX chassis mode=NAV vx=+0.000 vy=+0.000 wz=+0.000 frame=55 aa 10 0c 00 00 00 00 00 00 00 00 00 00 00 00 1b
2026-07-10 01:53:26.129 RX arm_feedback state=1 end=(0.0002,0.0000,0.3169) theta1=-3.1372 frame=55 aa 86 11 01 49 f5 40 39 a5 a3 58 35 3f 3d a2 3e 00 c8 48 c0 4f
2026-07-10 01:53:26.140 TX chassis mode=NAV vx=+0.000 vy=+0.000 wz=+0.000 frame=55 aa 10 0c 00 00 00 00 00 00 00 00 00 00 00 00 1b
2026-07-10 01:53:26.145 RX arm_feedback state=1 end=(0.0002,0.0000,0.3169) theta1=-3.1372 frame=55 aa 86 11 01 49 f5 40 39 a5 a3 58 35 3f 3d a2 3e 00 c8 48 c0 4f
2026-07-10 01:53:26.148 TX chassis mode=NAV vx=+0.000 vy=+0.000 wz=+0.000 frame=55 aa 10 0c 00 00 00 00 00 00 00 00 00 00 00 00 1b
2026-07-10 01:53:26.160 TX chassis mode=NAV vx=+0.000 vy=+0.000 wz=+0.000 frame=55 aa 10 0c 00 00 00 00 00 00 00 00 00 00 00 00 1b
2026-07-10 01:53:26.191 RX arm_feedback state=1 end=(0.0001,0.0000,0.3170) theta1=-3.1372 frame=55 aa 86 11 01 e8 3c da 38 81 05 f5 34 42 4b a2 3e 00 c8 48 c0 b9
2026-07-10 01:53:26.194 RX func=0x81 payload=0b 00 01 01 13 cd a5 ba 6c 75 3e be frame=55 aa 81 0c 0b 00 01 01 13 cd a5 ba 6c 75 3e be b5
2026-07-10 01:53:26.197 TX chassis mode=NAV vx=+0.000 vy=+0.000 wz=+0.000 frame=55 aa 10 0c 00 00 00 00 00 00 00 00 00 00 00 00 1b
2026-07-10 01:53:26.205 RX arm_feedback state=1 end=(-0.0001,-0.0000,0.3173) theta1=-3.1372 frame=55 aa 86 11 01 96 a7 0e b9 82 29 20 b5 47 75 a2 3e 00 c8 48 c0 87
2026-07-10 01:53:26.213 TX chassis mode=NAV vx=+0.000 vy=+0.000 wz=+0.000 frame=55 aa 10 0c 00 00 00 00 00 00 00 00 00 00 00 00 1b
2026-07-10 01:53:26.230 RX arm_feedback state=1 end=(-0.0002,-0.0000,0.3174) theta1=-3.1372 frame=55 aa 86 11 01 93 af 62 b9 95 81 7e b5 47 83 a2 3e 00 c8 48 c0 b7
2026-07-10 01:53:26.231 RX func=0x80 payload=00 00 00 00 00 00 00 00 00 00 00 00 00 00 00 00 f6 6c 02 00 frame=55 aa 80 14 00 00 00 00 00 00 00 00 00 00 00 00 00 00 00 00 f6 6c 02 00 f7
2026-07-10 01:53:26.234 TX chassis mode=NAV vx=+0.000 vy=+0.000 wz=+0.000 frame=55 aa 10 0c 00 00 00 00 00 00 00 00 00 00 00 00 1b
2026-07-10 01:53:26.246 RX arm_feedback state=1 end=(-0.0003,-0.0000,0.3175) theta1=-3.1372 frame=55 aa 86 11 01 c8 5b 9b b9 d5 6c ae b5 46 91 a2 3e 00 c8 48 c0 39
2026-07-10 01:53:26.260 RX arm_feedback state=1 end=(-0.0006,-0.0000,0.3179) theta1=-3.1372 frame=55 aa 86 11 01 b2 d8 21 ba 95 b5 35 b6 36 c9 a2 3e 00 c8 48 c0 e0
2026-07-10 01:53:26.265 TX chassis mode=NAV vx=+0.000 vy=+0.000 wz=+0.000 frame=55 aa 10 0c 00 00 00 00 00 00 00 00 00 00 00 00 1b
2026-07-10 01:53:26.278 RX arm_feedback state=1 end=(-0.0006,-0.0000,0.3179) theta1=-3.1372 frame=55 aa 86 11 01 b2 d8 21 ba 95 b5 35 b6 36 c9 a2 3e 00 c8 48 c0 e0
2026-07-10 01:53:26.279 TX chassis mode=NAV vx=+0.000 vy=+0.000 wz=+0.000 frame=55 aa 10 0c 00 00 00 00 00 00 00 00 00 00 00 00 1b
2026-07-10 01:53:26.290 RX arm_feedback state=1 end=(-0.0006,-0.0000,0.3179) theta1=-3.1372 frame=55 aa 86 11 01 b2 d8 21 ba 95 b5 35 b6 36 c9 a2 3e 00 c8 48 c0 e0
2026-07-10 01:53:26.296 TX chassis mode=NAV vx=+0.000 vy=+0.000 wz=+0.000 frame=55 aa 10 0c 00 00 00 00 00 00 00 00 00 00 00 00 1b
2026-07-10 01:53:26.302 TX chassis mode=NAV vx=+0.000 vy=+0.000 wz=+0.800 frame=55 aa 10 0c 00 00 00 00 00 00 00 00 cd cc 4c 3f 3f
2026-07-10 01:53:26.321 RX arm_feedback state=1 end=(-0.0006,-0.0000,0.3179) theta1=-3.1372 frame=55 aa 86 11 01 b2 d8 21 ba 95 b5 35 b6 36 c9 a2 3e 00 c8 48 c0 e0
2026-07-10 01:53:26.322 RX func=0x80 payload=00 00 00 00 00 00 00 00 00 00 00 00 cd cc 4c 3f 5c 6d 02 00 frame=55 aa 80 14 00 00 00 00 00 00 00 00 00 00 00 00 cd cc 4c 3f 5c 6d 02 00 82
2026-07-10 01:53:26.341 TX mode:NAV frame=55 aa 15 01 01 16
2026-07-10 01:53:26.344 TX chassis mode=NAV vx=+0.000 vy=+0.000 wz=+0.000 frame=55 aa 10 0c 00 00 00 00 00 00 00 00 00 00 00 00 1b
2026-07-10 01:53:26.351 RX arm_feedback state=1 end=(-0.0007,-0.0000,0.3180) theta1=-3.1372 frame=55 aa 86 11 01 07 e9 36 ba b2 5b 4d b6 30 d7 a2 3e 00 c8 48 c0 3e
2026-07-10 01:53:26.365 RX arm_feedback state=1 end=(-0.0008,-0.0000,0.3182) theta1=-3.1372 frame=55 aa 86 11 01 74 fd 4b ba 69 06 65 b6 27 e5 a2 3e 00 c8 48 c0 53
2026-07-10 01:53:26.366 TX chassis mode=NAV vx=+0.000 vy=+0.000 wz=+0.000 frame=55 aa 10 0c 00 00 00 00 00 00 00 00 00 00 00 00 1b
2026-07-10 01:53:26.372 RX arm_feedback state=1 end=(-0.0008,-0.0000,0.3182) theta1=-3.1372 frame=55 aa 86 11 01 74 fd 4b ba 69 06 65 b6 27 e5 a2 3e 00 c8 48 c0 53
2026-07-10 01:53:26.380 TX chassis mode=NAV vx=+0.000 vy=+0.000 wz=+0.000 frame=55 aa 10 0c 00 00 00 00 00 00 00 00 00 00 00 00 1b
2026-07-10 01:53:26.383 RX func=0x81 payload=0c 00 01 03 00 c8 48 c0 00 00 20 bc frame=55 aa 81 0c 0c 00 01 03 00 c8 48 c0 00 00 20 bc 48
2026-07-10 01:53:26.391 TX chassis mode=NAV vx=+0.000 vy=+0.000 wz=+0.000 frame=55 aa 10 0c 00 00 00 00 00 00 00 00 00 00 00 00 1b
2026-07-10 01:53:26.403 RX arm_feedback state=1 end=(-0.0008,-0.0000,0.3182) theta1=-3.1372 frame=55 aa 86 11 01 74 fd 4b ba 69 06 65 b6 27 e5 a2 3e 00 c8 48 c0 53
2026-07-10 01:53:26.404 TX chassis mode=NAV vx=+0.000 vy=+0.000 wz=+0.800 frame=55 aa 10 0c 00 00 00 00 00 00 00 00 cd cc 4c 3f 3f
2026-07-10 01:53:26.417 TX mode:ERROR frame=55 aa 15 01 04 19
2026-07-10 01:53:26.423 RX arm_feedback state=1 end=(-0.0008,-0.0000,0.3182) theta1=-3.1372 frame=55 aa 86 11 01 74 fd 4b ba 69 06 65 b6 27 e5 a2 3e 00 c8 48 c0 53
2026-07-10 01:53:26.432 RX func=0x80 payload=00 00 00 00 00 00 00 00 00 00 00 00 cd cc 4c 3f c3 6d 02 00 frame=55 aa 80 14 00 00 00 00 00 00 00 00 00 00 00 00 cd cc 4c 3f c3 6d 02 00 e9
2026-07-10 01:53:26.436 TX chassis mode=ERROR vx=+0.000 vy=+0.000 wz=+0.000 frame=55 aa 10 0c 00 00 00 00 00 00 00 00 00 00 00 00 1b
2026-07-10 01:53:26.448 RX arm_feedback state=0 end=(-0.0008,-0.0000,0.3182) theta1=-3.1372 frame=55 aa 86 11 00 74 fd 4b ba 69 06 65 b6 27 e5 a2 3e 00 c8 48 c0 52
2026-07-10 01:53:26.455 RX arm_feedback state=0 end=(-0.0008,-0.0000,0.3182) theta1=-3.1372 frame=55 aa 86 11 00 74 fd 4b ba 69 06 65 b6 27 e5 a2 3e 00 c8 48 c0 52
2026-07-10 01:53:26.460 TX chassis mode=ERROR vx=+0.000 vy=+0.000 wz=+0.000 frame=55 aa 10 0c 00 00 00 00 00 00 00 00 00 00 00 00 1b
2026-07-10 01:53:26.461 TX chassis mode=ERROR vx=+0.000 vy=+0.000 wz=+0.000 frame=55 aa 10 0c 00 00 00 00 00 00 00 00 00 00 00 00 1b
2026-07-10 01:53:26.483 RX arm_feedback state=0 end=(-0.0008,-0.0000,0.3182) theta1=-3.1372 frame=55 aa 86 11 00 74 fd 4b ba 69 06 65 b6 27 e5 a2 3e 00 c8 48 c0 52
2026-07-10 01:53:26.490 TX chassis mode=ERROR vx=+0.000 vy=+0.000 wz=+0.000 frame=55 aa 10 0c 00 00 00 00 00 00 00 00 00 00 00 00 1b
2026-07-10 01:53:26.507 RX arm_feedback state=0 end=(-0.0008,-0.0000,0.3182) theta1=-3.1372 frame=55 aa 86 11 00 74 fd 4b ba 69 06 65 b6 27 e5 a2 3e 00 c8 48 c0 52
2026-07-10 01:53:26.508 RX arm_feedback state=0 end=(-0.0008,-0.0000,0.3182) theta1=-3.1372 frame=55 aa 86 11 00 74 fd 4b ba 69 06 65 b6 27 e5 a2 3e 00 c8 48 c0 52
2026-07-10 01:53:26.519 TX chassis mode=ERROR vx=+0.000 vy=+0.000 wz=+0.000 frame=55 aa 10 0c 00 00 00 00 00 00 00 00 00 00 00 00 1b
2026-07-10 01:53:26.520 RX func=0x80 payload=00 00 01 00 00 00 00 00 00 00 00 00 00 00 00 00 2b 6e 02 00 frame=55 aa 80 14 00 00 01 00 00 00 00 00 00 00 00 00 00 00 00 00 2b 6e 02 00 2f
2026-07-10 01:53:26.525 TX chassis mode=ERROR vx=+0.000 vy=+0.000 wz=+0.000 frame=55 aa 10 0c 00 00 00 00 00 00 00 00 00 00 00 00 1b
2026-07-10 01:53:26.540 RX arm_feedback state=0 end=(-0.0008,-0.0000,0.3182) theta1=-3.1372 frame=55 aa 86 11 00 74 fd 4b ba 69 06 65 b6 27 e5 a2 3e 00 c8 48 c0 52
2026-07-10 01:53:26.550 TX chassis mode=ERROR vx=+0.000 vy=+0.000 wz=+0.000 frame=55 aa 10 0c 00 00 00 00 00 00 00 00 00 00 00 00 1b
2026-07-10 01:53:26.568 RX arm_feedback state=0 end=(-0.0008,-0.0000,0.3182) theta1=-3.1372 frame=55 aa 86 11 00 74 fd 4b ba 69 06 65 b6 27 e5 a2 3e 00 c8 48 c0 52
2026-07-10 01:53:26.569 RX arm_feedback state=0 end=(-0.0008,-0.0000,0.3182) theta1=-3.1372 frame=55 aa 86 11 00 74 fd 4b ba 69 06 65 b6 27 e5 a2 3e 00 c8 48 c0 52
2026-07-10 01:53:26.590 TX chassis mode=ERROR vx=+0.000 vy=+0.000 wz=+0.000 frame=55 aa 10 0c 00 00 00 00 00 00 00 00 00 00 00 00 1b
2026-07-10 01:53:26.590 RX func=0x81 payload=0d 00 00 03 00 9f 6c 3f 00 00 a0 bb frame=55 aa 81 0c 0d 00 00 03 00 9f 6c 3f 00 00 a0 bb 41
2026-07-10 01:53:26.591 RX arm_feedback state=0 end=(-0.0008,-0.0000,0.3182) theta1=-3.1372 frame=55 aa 86 11 00 74 fd 4b ba 69 06 65 b6 27 e5 a2 3e 00 c8 48 c0 52
2026-07-10 01:53:26.609 TX chassis mode=ERROR vx=+0.000 vy=+0.000 wz=+0.000 frame=55 aa 10 0c 00 00 00 00 00 00 00 00 00 00 00 00 1b
2026-07-10 01:53:26.622 RX arm_feedback state=0 end=(-0.0008,-0.0000,0.3182) theta1=-3.1372 frame=55 aa 86 11 00 74 fd 4b ba 69 06 65 b6 27 e5 a2 3e 00 c8 48 c0 52
2026-07-10 01:53:26.627 TX mode:ERROR frame=55 aa 15 01 04 19
2026-07-10 01:53:26.631 TX chassis mode=ERROR vx=+0.000 vy=+0.000 wz=+0.000 frame=55 aa 10 0c 00 00 00 00 00 00 00 00 00 00 00 00 1b
2026-07-10 01:53:26.635 RX func=0x80 payload=00 00 01 00 00 00 00 00 00 00 00 00 00 00 00 00 8f 6e 02 00 frame=55 aa 80 14 00 00 01 00 00 00 00 00 00 00 00 00 00 00 00 00 8f 6e 02 00 93
2026-07-10 01:53:26.641 RX arm_feedback state=0 end=(-0.0008,-0.0000,0.3182) theta1=-3.1372 frame=55 aa 86 11 00 74 fd 4b ba 69 06 65 b6 27 e5 a2 3e 00 c8 48 c0 52
2026-07-10 01:53:26.647 TX chassis mode=ERROR vx=+0.000 vy=+0.000 wz=+0.000 frame=55 aa 10 0c 00 00 00 00 00 00 00 00 00 00 00 00 1b
2026-07-10 01:53:26.648 RX arm_feedback state=0 end=(-0.0008,-0.0000,0.3182) theta1=-3.1372 frame=55 aa 86 11 00 74 fd 4b ba 69 06 65 b6 27 e5 a2 3e 00 c8 48 c0 52
2026-07-10 01:53:26.660 TX chassis mode=ERROR vx=+0.000 vy=+0.000 wz=+0.000 frame=55 aa 10 0c 00 00 00 00 00 00 00 00 00 00 00 00 1b
2026-07-10 01:53:26.661 TX chassis mode=ERROR vx=+0.000 vy=+0.000 wz=+0.000 frame=55 aa 10 0c 00 00 00 00 00 00 00 00 00 00 00 00 1b
2026-07-10 01:53:26.684 RX arm_feedback state=0 end=(-0.0008,-0.0000,0.3182) theta1=-3.1372 frame=55 aa 86 11 00 74 fd 4b ba 69 06 65 b6 27 e5 a2 3e 00 c8 48 c0 52
2026-07-10 01:53:26.699 TX chassis mode=ERROR vx=+0.000 vy=+0.000 wz=+0.000 frame=55 aa 10 0c 00 00 00 00 00 00 00 00 00 00 00 00 1b
2026-07-10 01:53:26.700 RX arm_feedback state=0 end=(-0.0008,-0.0000,0.3182) theta1=-3.1372 frame=55 aa 86 11 00 74 fd 4b ba 69 06 65 b6 27 e5 a2 3e 00 c8 48 c0 52
2026-07-10 01:53:26.709 TX chassis mode=ERROR vx=+0.000 vy=+0.000 wz=+0.000 frame=55 aa 10 0c 00 00 00 00 00 00 00 00 00 00 00 00 1b
2026-07-10 01:53:26.727 RX arm_feedback state=0 end=(-0.0008,-0.0000,0.3182) theta1=-3.1372 frame=55 aa 86 11 00 74 fd 4b ba 69 06 65 b6 27 e5 a2 3e 00 c8 48 c0 52
2026-07-10 01:53:26.741 RX func=0x80 payload=00 00 01 00 00 00 00 00 00 00 00 00 00 00 00 00 f3 6e 02 00 frame=55 aa 80 14 00 00 01 00 00 00 00 00 00 00 00 00 00 00 00 00 f3 6e 02 00 f7
2026-07-10 01:53:26.742 TX chassis mode=ERROR vx=+0.000 vy=+0.000 wz=+0.000 frame=55 aa 10 0c 00 00 00 00 00 00 00 00 00 00 00 00 1b
2026-07-10 01:53:26.750 RX arm_feedback state=0 end=(-0.0008,-0.0000,0.3182) theta1=-3.1372 frame=55 aa 86 11 00 74 fd 4b ba 69 06 65 b6 27 e5 a2 3e 00 c8 48 c0 52
2026-07-10 01:53:26.753 TX chassis mode=ERROR vx=+0.000 vy=+0.000 wz=+0.000 frame=55 aa 10 0c 00 00 00 00 00 00 00 00 00 00 00 00 1b
2026-07-10 01:53:26.763 RX arm_feedback state=0 end=(-0.0008,-0.0000,0.3182) theta1=-3.1372 frame=55 aa 86 11 00 74 fd 4b ba 69 06 65 b6 27 e5 a2 3e 00 c8 48 c0 52
2026-07-10 01:53:26.768 TX chassis mode=ERROR vx=+0.000 vy=+0.000 wz=+0.000 frame=55 aa 10 0c 00 00 00 00 00 00 00 00 00 00 00 00 1b
2026-07-10 01:53:26.788 RX arm_feedback state=0 end=(-0.0008,-0.0000,0.3182) theta1=-3.1372 frame=55 aa 86 11 00 74 fd 4b ba 69 06 65 b6 27 e5 a2 3e 00 c8 48 c0 52
2026-07-10 01:53:26.796 RX func=0x81 payload=0e 00 00 03 00 4e bb be 00 00 a0 bb frame=55 aa 81 0c 0e 00 00 03 00 4e bb be 00 00 a0 bb bf
2026-07-10 01:53:26.807 TX chassis mode=ERROR vx=+0.000 vy=+0.000 wz=+0.000 frame=55 aa 10 0c 00 00 00 00 00 00 00 00 00 00 00 00 1b
2026-07-10 01:53:26.814 RX arm_feedback state=0 end=(-0.0008,-0.0000,0.3182) theta1=-3.1372 frame=55 aa 86 11 00 74 fd 4b ba 69 06 65 b6 27 e5 a2 3e 00 c8 48 c0 52
2026-07-10 01:53:26.828 RX arm_feedback state=0 end=(-0.0008,-0.0000,0.3182) theta1=-3.1372 frame=55 aa 86 11 00 74 fd 4b ba 69 06 65 b6 27 e5 a2 3e 00 c8 48 c0 52
2026-07-10 01:53:26.830 TX chassis mode=ERROR vx=+0.000 vy=+0.000 wz=+0.000 frame=55 aa 10 0c 00 00 00 00 00 00 00 00 00 00 00 00 1b
2026-07-10 01:53:26.845 RX func=0x80 payload=00 00 01 00 00 00 00 00 00 00 00 00 00 00 00 00 57 6f 02 00 frame=55 aa 80 14 00 00 01 00 00 00 00 00 00 00 00 00 00 00 00 00 57 6f 02 00 5c
2026-07-10 01:53:26.846 RX arm_feedback state=0 end=(-0.0008,-0.0000,0.3182) theta1=-3.1372 frame=55 aa 86 11 00 74 fd 4b ba 69 06 65 b6 27 e5 a2 3e 00 c8 48 c0 52
2026-07-10 01:53:26.859 TX mode:ERROR frame=55 aa 15 01 04 19
2026-07-10 01:53:26.860 TX chassis mode=ERROR vx=+0.000 vy=+0.000 wz=+0.000 frame=55 aa 10 0c 00 00 00 00 00 00 00 00 00 00 00 00 1b
2026-07-10 01:53:26.874 RX arm_feedback state=0 end=(-0.0008,-0.0000,0.3182) theta1=-3.1372 frame=55 aa 86 11 00 74 fd 4b ba 69 06 65 b6 27 e5 a2 3e 00 c8 48 c0 52
2026-07-10 01:53:26.877 TX chassis mode=ERROR vx=+0.000 vy=+0.000 wz=+0.000 frame=55 aa 10 0c 00 00 00 00 00 00 00 00 00 00 00 00 1b
2026-07-10 01:53:26.884 RX arm_feedback state=0 end=(-0.0008,-0.0000,0.3182) theta1=-3.1372 frame=55 aa 86 11 00 74 fd 4b ba 69 06 65 b6 27 e5 a2 3e 00 c8 48 c0 52
2026-07-10 01:53:26.896 TX chassis mode=ERROR vx=+0.000 vy=+0.000 wz=+0.000 frame=55 aa 10 0c 00 00 00 00 00 00 00 00 00 00 00 00 1b
2026-07-10 01:53:26.899 RX arm_feedback state=0 end=(-0.0008,-0.0000,0.3182) theta1=-3.1372 frame=55 aa 86 11 00 74 fd 4b ba 69 06 65 b6 27 e5 a2 3e 00 c8 48 c0 52
2026-07-10 01:53:26.911 TX chassis mode=ERROR vx=+0.000 vy=+0.000 wz=+0.000 frame=55 aa 10 0c 00 00 00 00 00 00 00 00 00 00 00 00 1b
2026-07-10 01:53:26.923 RX arm_feedback state=0 end=(-0.0008,-0.0000,0.3182) theta1=-3.1372 frame=55 aa 86 11 00 74 fd 4b ba 69 06 65 b6 27 e5 a2 3e 00 c8 48 c0 52
2026-07-10 01:53:26.938 RX func=0x80 payload=00 00 01 00 00 00 00 00 00 00 00 00 00 00 00 00 bb 6f 02 00 frame=55 aa 80 14 00 00 01 00 00 00 00 00 00 00 00 00 00 00 00 00 bb 6f 02 00 c0
2026-07-10 01:53:26.951 TX chassis mode=ERROR vx=+0.000 vy=+0.000 wz=+0.000 frame=55 aa 10 0c 00 00 00 00 00 00 00 00 00 00 00 00 1b
2026-07-10 01:53:26.955 RX arm_feedback state=0 end=(-0.0008,-0.0000,0.3182) theta1=-3.1372 frame=55 aa 86 11 00 74 fd 4b ba 69 06 65 b6 27 e5 a2 3e 00 c8 48 c0 52
2026-07-10 01:53:26.956 RX arm_feedback state=0 end=(-0.0008,-0.0000,0.3182) theta1=-3.1372 frame=55 aa 86 11 00 74 fd 4b ba 69 06 65 b6 27 e5 a2 3e 00 c8 48 c0 52
2026-07-10 01:53:26.975 TX chassis mode=ERROR vx=+0.000 vy=+0.000 wz=+0.000 frame=55 aa 10 0c 00 00 00 00 00 00 00 00 00 00 00 00 1b
2026-07-10 01:53:26.976 RX arm_feedback state=0 end=(-0.0008,-0.0000,0.3182) theta1=-3.1372 frame=55 aa 86 11 00 74 fd 4b ba 69 06 65 b6 27 e5 a2 3e 00 c8 48 c0 52
2026-07-10 01:53:26.985 TX chassis mode=ERROR vx=+0.000 vy=+0.000 wz=+0.000 frame=55 aa 10 0c 00 00 00 00 00 00 00 00 00 00 00 00 1b
2026-07-10 01:53:26.997 RX func=0x81 payload=0f 00 00 03 00 6c e8 bf 00 00 00 00 frame=55 aa 81 0c 0f 00 00 03 00 6c e8 bf 00 00 00 00 b1
2026-07-10 01:53:26.999 RX arm_feedback state=0 end=(-0.0008,-0.0000,0.3182) theta1=-3.1372 frame=55 aa 86 11 00 74 fd 4b ba 69 06 65 b6 27 e5 a2 3e 00 c8 48 c0 52
2026-07-10 01:53:27.014 TX chassis mode=ERROR vx=+0.000 vy=+0.000 wz=+0.000 frame=55 aa 10 0c 00 00 00 00 00 00 00 00 00 00 00 00 1b
2026-07-10 01:53:27.028 RX arm_feedback state=0 end=(-0.0008,-0.0000,0.3182) theta1=-3.1372 frame=55 aa 86 11 00 74 fd 4b ba 69 06 65 b6 27 e5 a2 3e 00 c8 48 c0 52
2026-07-10 01:53:27.034 TX chassis mode=ERROR vx=+0.000 vy=+0.000 wz=+0.000 frame=55 aa 10 0c 00 00 00 00 00 00 00 00 00 00 00 00 1b
2026-07-10 01:53:27.047 RX func=0x80 payload=00 00 01 00 00 00 00 00 00 00 00 00 00 00 00 00 1f 70 02 00 frame=55 aa 80 14 00 00 01 00 00 00 00 00 00 00 00 00 00 00 00 00 1f 70 02 00 25
2026-07-10 01:53:27.058 RX arm_feedback state=0 end=(-0.0008,-0.0000,0.3182) theta1=-3.1372 frame=55 aa 86 11 00 74 fd 4b ba 69 06 65 b6 27 e5 a2 3e 00 c8 48 c0 52
2026-07-10 01:53:27.081 RX arm_feedback state=0 end=(-0.0008,-0.0000,0.3182) theta1=-3.1372 frame=55 aa 86 11 00 74 fd 4b ba 69 06 65 b6 27 e5 a2 3e 00 c8 48 c0 52
2026-07-10 01:53:27.085 TX mode:ERROR frame=55 aa 15 01 04 19
2026-07-10 01:53:27.088 TX chassis mode=ERROR vx=+0.000 vy=+0.000 wz=+0.000 frame=55 aa 10 0c 00 00 00 00 00 00 00 00 00 00 00 00 1b
2026-07-10 01:53:27.089 RX arm_feedback state=0 end=(-0.0008,-0.0000,0.3182) theta1=-3.1372 frame=55 aa 86 11 00 74 fd 4b ba 69 06 65 b6 27 e5 a2 3e 00 c8 48 c0 52
2026-07-10 01:53:27.113 RX arm_feedback state=0 end=(-0.0008,-0.0000,0.3182) theta1=-3.1372 frame=55 aa 86 11 00 74 fd 4b ba 69 06 65 b6 27 e5 a2 3e 00 c8 48 c0 52
2026-07-10 01:53:27.114 TX chassis mode=ERROR vx=+0.000 vy=+0.000 wz=+0.000 frame=55 aa 10 0c 00 00 00 00 00 00 00 00 00 00 00 00 1b
2026-07-10 01:53:27.129 RX arm_feedback state=0 end=(-0.0008,-0.0000,0.3182) theta1=-3.1372 frame=55 aa 86 11 00 74 fd 4b ba 69 06 65 b6 27 e5 a2 3e 00 c8 48 c0 52
2026-07-10 01:53:27.130 RX func=0x80 payload=00 00 01 00 00 00 00 00 00 00 00 00 00 00 00 00 83 70 02 00 frame=55 aa 80 14 00 00 01 00 00 00 00 00 00 00 00 00 00 00 00 00 83 70 02 00 89
2026-07-10 01:53:27.131 RX arm_feedback state=0 end=(-0.0008,-0.0000,0.3182) theta1=-3.1372 frame=55 aa 86 11 00 74 fd 4b ba 69 06 65 b6 27 e5 a2 3e 00 c8 48 c0 52
2026-07-10 01:53:27.163 TX chassis mode=ERROR vx=+0.000 vy=+0.000 wz=+0.000 frame=55 aa 10 0c 00 00 00 00 00 00 00 00 00 00 00 00 1b
2026-07-10 01:53:27.164 RX arm_feedback state=0 end=(-0.0008,-0.0000,0.3182) theta1=-3.1372 frame=55 aa 86 11 00 74 fd 4b ba 69 06 65 b6 27 e5 a2 3e 00 c8 48 c0 52
2026-07-10 01:53:27.172 TX chassis mode=ERROR vx=+0.000 vy=+0.000 wz=+0.000 frame=55 aa 10 0c 00 00 00 00 00 00 00 00 00 00 00 00 1b
2026-07-10 01:53:27.192 RX arm_feedback state=0 end=(-0.0008,-0.0000,0.3182) theta1=-3.1372 frame=55 aa 86 11 00 74 fd 4b ba 69 06 65 b6 27 e5 a2 3e 00 c8 48 c0 52
2026-07-10 01:53:27.198 TX chassis mode=ERROR vx=+0.000 vy=+0.000 wz=+0.000 frame=55 aa 10 0c 00 00 00 00 00 00 00 00 00 00 00 00 1b
2026-07-10 01:53:27.205 RX arm_feedback state=0 end=(-0.0008,-0.0000,0.3182) theta1=-3.1372 frame=55 aa 86 11 00 74 fd 4b ba 69 06 65 b6 27 e5 a2 3e 00 c8 48 c0 52
2026-07-10 01:53:27.215 TX chassis mode=ERROR vx=+0.000 vy=+0.000 wz=+0.000 frame=55 aa 10 0c 00 00 00 00 00 00 00 00 00 00 00 00 1b
2026-07-10 01:53:27.222 RX arm_feedback state=0 end=(-0.0008,-0.0000,0.3182) theta1=-3.1372 frame=55 aa 86 11 00 74 fd 4b ba 69 06 65 b6 27 e5 a2 3e 00 c8 48 c0 52
2026-07-10 01:53:27.223 RX func=0x80 payload=00 00 01 00 00 00 00 00 00 00 00 00 00 00 00 00 e7 70 02 00 frame=55 aa 80 14 00 00 01 00 00 00 00 00 00 00 00 00 00 00 00 00 e7 70 02 00 ed
2026-07-10 01:53:27.224 TX chassis mode=ERROR vx=+0.000 vy=+0.000 wz=+0.000 frame=55 aa 10 0c 00 00 00 00 00 00 00 00 00 00 00 00 1b
2026-07-10 01:53:27.247 RX arm_feedback state=0 end=(-0.0008,-0.0000,0.3182) theta1=-3.1372 frame=55 aa 86 11 00 74 fd 4b ba 69 06 65 b6 27 e5 a2 3e 00 c8 48 c0 52
2026-07-10 01:53:27.248 RX arm_feedback state=0 end=(-0.0008,-0.0000,0.3182) theta1=-3.1372 frame=55 aa 86 11 00 74 fd 4b ba 69 06 65 b6 27 e5 a2 3e 00 c8 48 c0 52
2026-07-10 01:53:27.255 TX chassis mode=ERROR vx=+0.000 vy=+0.000 wz=+0.000 frame=55 aa 10 0c 00 00 00 00 00 00 00 00 00 00 00 00 1b
2026-07-10 01:53:27.264 TX mode:ERROR frame=55 aa 15 01 04 19
2026-07-10 01:53:27.264 TX chassis mode=ERROR vx=+0.000 vy=+0.000 wz=+0.000 frame=55 aa 10 0c 00 00 00 00 00 00 00 00 00 00 00 00 1b
2026-07-10 01:53:27.290 RX arm_feedback state=0 end=(-0.0008,-0.0000,0.3182) theta1=-3.1372 frame=55 aa 86 11 00 74 fd 4b ba 69 06 65 b6 27 e5 a2 3e 00 c8 48 c0 52
2026-07-10 01:53:27.305 TX chassis mode=ERROR vx=+0.000 vy=+0.000 wz=+0.000 frame=55 aa 10 0c 00 00 00 00 00 00 00 00 00 00 00 00 1b
2026-07-10 01:53:27.307 RX arm_feedback state=0 end=(-0.0008,-0.0000,0.3182) theta1=-3.1372 frame=55 aa 86 11 00 74 fd 4b ba 69 06 65 b6 27 e5 a2 3e 00 c8 48 c0 52
2026-07-10 01:53:27.318 RX arm_feedback state=0 end=(-0.0008,-0.0000,0.3182) theta1=-3.1372 frame=55 aa 86 11 00 74 fd 4b ba 69 06 65 b6 27 e5 a2 3e 00 c8 48 c0 52
2026-07-10 01:53:27.323 TX chassis mode=ERROR vx=+0.000 vy=+0.000 wz=+0.000 frame=55 aa 10 0c 00 00 00 00 00 00 00 00 00 00 00 00 1b
2026-07-10 01:53:27.331 RX func=0x80 payload=00 00 01 00 00 00 00 00 00 00 00 00 00 00 00 00 4b 71 02 00 frame=55 aa 80 14 00 00 01 00 00 00 00 00 00 00 00 00 00 00 00 00 4b 71 02 00 52
2026-07-10 01:53:27.350 RX arm_feedback state=0 end=(-0.0008,-0.0000,0.3182) theta1=-3.1372 frame=55 aa 86 11 00 74 fd 4b ba 69 06 65 b6 27 e5 a2 3e 00 c8 48 c0 52
2026-07-10 01:53:27.352 TX chassis mode=ERROR vx=+0.000 vy=+0.000 wz=+0.000 frame=55 aa 10 0c 00 00 00 00 00 00 00 00 00 00 00 00 1b
2026-07-10 01:53:27.357 RX arm_feedback state=0 end=(-0.0008,-0.0000,0.3182) theta1=-3.1372 frame=55 aa 86 11 00 74 fd 4b ba 69 06 65 b6 27 e5 a2 3e 00 c8 48 c0 52
2026-07-10 01:53:27.376 TX chassis mode=ERROR vx=+0.000 vy=+0.000 wz=+0.000 frame=55 aa 10 0c 00 00 00 00 00 00 00 00 00 00 00 00 1b
2026-07-10 01:53:27.377 RX arm_feedback state=0 end=(-0.0008,-0.0000,0.3182) theta1=-3.1372 frame=55 aa 86 11 00 74 fd 4b ba 69 06 65 b6 27 e5 a2 3e 00 c8 48 c0 52
2026-07-10 01:53:27.385 TX chassis mode=ERROR vx=+0.000 vy=+0.000 wz=+0.000 frame=55 aa 10 0c 00 00 00 00 00 00 00 00 00 00 00 00 1b
2026-07-10 01:53:27.390 RX arm_feedback state=0 end=(-0.0008,-0.0000,0.3182) theta1=-3.1372 frame=55 aa 86 11 00 74 fd 4b ba 69 06 65 b6 27 e5 a2 3e 00 c8 48 c0 52
2026-07-10 01:53:27.400 TX chassis mode=ERROR vx=+0.000 vy=+0.000 wz=+0.000 frame=55 aa 10 0c 00 00 00 00 00 00 00 00 00 00 00 00 1b
2026-07-10 01:53:27.415 RX arm_feedback state=0 end=(-0.0008,-0.0000,0.3182) theta1=-3.1372 frame=55 aa 86 11 00 74 fd 4b ba 69 06 65 b6 27 e5 a2 3e 00 c8 48 c0 52
2026-07-10 01:53:27.417 TX chassis mode=ERROR vx=+0.000 vy=+0.000 wz=+0.000 frame=55 aa 10 0c 00 00 00 00 00 00 00 00 00 00 00 00 1b
2026-07-10 01:53:27.422 RX func=0x80 payload=00 00 01 00 00 00 00 00 00 00 00 00 00 00 00 00 af 71 02 00 frame=55 aa 80 14 00 00 01 00 00 00 00 00 00 00 00 00 00 00 00 00 af 71 02 00 b6
2026-07-10 01:53:27.438 TX chassis mode=ERROR vx=+0.000 vy=+0.000 wz=+0.000 frame=55 aa 10 0c 00 00 00 00 00 00 00 00 00 00 00 00 1b
2026-07-10 01:53:27.451 RX arm_feedback state=0 end=(-0.0008,-0.0000,0.3182) theta1=-3.1372 frame=55 aa 86 11 00 74 fd 4b ba 69 06 65 b6 27 e5 a2 3e 00 c8 48 c0 52
2026-07-10 01:53:27.458 RX arm_feedback state=0 end=(-0.0008,-0.0000,0.3182) theta1=-3.1372 frame=55 aa 86 11 00 74 fd 4b ba 69 06 65 b6 27 e5 a2 3e 00 c8 48 c0 52
2026-07-10 01:53:27.480 TX chassis mode=ERROR vx=+0.000 vy=+0.000 wz=+0.000 frame=55 aa 10 0c 00 00 00 00 00 00 00 00 00 00 00 00 1b
2026-07-10 01:53:27.487 RX arm_feedback state=0 end=(-0.0008,-0.0000,0.3182) theta1=-3.1372 frame=55 aa 86 11 00 74 fd 4b ba 69 06 65 b6 27 e5 a2 3e 00 c8 48 c0 52
2026-07-10 01:53:27.501 RX arm_feedback state=0 end=(-0.0008,-0.0000,0.3182) theta1=-3.1372 frame=55 aa 86 11 00 74 fd 4b ba 69 06 65 b6 27 e5 a2 3e 00 c8 48 c0 52
2026-07-10 01:53:27.514 TX mode:ERROR frame=55 aa 15 01 04 19
2026-07-10 01:53:27.514 TX chassis mode=ERROR vx=+0.000 vy=+0.000 wz=+0.000 frame=55 aa 10 0c 00 00 00 00 00 00 00 00 00 00 00 00 1b
2026-07-10 01:53:27.515 RX arm_feedback state=0 end=(-0.0008,-0.0000,0.3182) theta1=-3.1372 frame=55 aa 86 11 00 74 fd 4b ba 69 06 65 b6 27 e5 a2 3e 00 c8 48 c0 52
2026-07-10 01:53:27.516 TX chassis mode=ERROR vx=+0.000 vy=+0.000 wz=+0.000 frame=55 aa 10 0c 00 00 00 00 00 00 00 00 00 00 00 00 1b
2026-07-10 01:53:27.540 RX func=0x80 payload=00 00 01 00 00 00 00 00 00 00 00 00 00 00 00 00 13 72 02 00 frame=55 aa 80 14 00 00 01 00 00 00 00 00 00 00 00 00 00 00 00 00 13 72 02 00 1b
2026-07-10 01:53:27.541 RX arm_feedback state=0 end=(-0.0008,-0.0000,0.3182) theta1=-3.1372 frame=55 aa 86 11 00 74 fd 4b ba 69 06 65 b6 27 e5 a2 3e 00 c8 48 c0 52
2026-07-10 01:53:27.557 TX chassis mode=ERROR vx=+0.000 vy=+0.000 wz=+0.000 frame=55 aa 10 0c 00 00 00 00 00 00 00 00 00 00 00 00 1b
2026-07-10 01:53:27.560 RX arm_feedback state=0 end=(-0.0008,-0.0000,0.3182) theta1=-3.1372 frame=55 aa 86 11 00 74 fd 4b ba 69 06 65 b6 27 e5 a2 3e 00 c8 48 c0 52
2026-07-10 01:53:27.572 TX chassis mode=ERROR vx=+0.000 vy=+0.000 wz=+0.000 frame=55 aa 10 0c 00 00 00 00 00 00 00 00 00 00 00 00 1b
2026-07-10 01:53:27.584 RX arm_feedback state=0 end=(-0.0008,-0.0000,0.3182) theta1=-3.1372 frame=55 aa 86 11 00 74 fd 4b ba 69 06 65 b6 27 e5 a2 3e 00 c8 48 c0 52
2026-07-10 01:53:27.585 RX func=0x81 payload=00 00 00 02 e6 7c 41 bf 73 94 3e 3c frame=55 aa 81 0c 00 00 00 02 e6 7c 41 bf 73 94 3e 3c 71
2026-07-10 01:53:27.602 TX chassis mode=ERROR vx=+0.000 vy=+0.000 wz=+0.000 frame=55 aa 10 0c 00 00 00 00 00 00 00 00 00 00 00 00 1b
2026-07-10 01:53:27.604 RX arm_feedback state=0 end=(-0.0008,-0.0000,0.3182) theta1=-3.1372 frame=55 aa 86 11 00 74 fd 4b ba 69 06 65 b6 27 e5 a2 3e 00 c8 48 c0 52
2026-07-10 01:53:27.607 TX chassis mode=ERROR vx=+0.000 vy=+0.000 wz=+0.000 frame=55 aa 10 0c 00 00 00 00 00 00 00 00 00 00 00 00 1b
2026-07-10 01:53:27.621 RX arm_feedback state=0 end=(-0.0008,-0.0000,0.3182) theta1=-3.1372 frame=55 aa 86 11 00 74 fd 4b ba 69 06 65 b6 27 e5 a2 3e 00 c8 48 c0 52
2026-07-10 01:53:27.622 RX func=0x80 payload=00 00 01 00 00 00 00 00 00 00 00 00 00 00 00 00 77 72 02 00 frame=55 aa 80 14 00 00 01 00 00 00 00 00 00 00 00 00 00 00 00 00 77 72 02 00 7f
2026-07-10 01:53:27.639 TX chassis mode=ERROR vx=+0.000 vy=+0.000 wz=+0.000 frame=55 aa 10 0c 00 00 00 00 00 00 00 00 00 00 00 00 1b
2026-07-10 01:53:27.640 RX arm_feedback state=0 end=(-0.0008,-0.0000,0.3182) theta1=-3.1372 frame=55 aa 86 11 00 74 fd 4b ba 69 06 65 b6 27 e5 a2 3e 00 c8 48 c0 52
2026-07-10 01:53:27.664 TX chassis mode=ERROR vx=+0.000 vy=+0.000 wz=+0.000 frame=55 aa 10 0c 00 00 00 00 00 00 00 00 00 00 00 00 1b
2026-07-10 01:53:27.667 RX arm_feedback state=0 end=(-0.0008,-0.0000,0.3182) theta1=-3.1372 frame=55 aa 86 11 00 74 fd 4b ba 69 06 65 b6 27 e5 a2 3e 00 c8 48 c0 52
2026-07-10 01:53:27.669 RX arm_feedback state=0 end=(-0.0008,-0.0000,0.3182) theta1=-3.1372 frame=55 aa 86 11 00 74 fd 4b ba 69 06 65 b6 27 e5 a2 3e 00 c8 48 c0 52
2026-07-10 01:53:27.669 TX chassis mode=ERROR vx=+0.000 vy=+0.000 wz=+0.000 frame=55 aa 10 0c 00 00 00 00 00 00 00 00 00 00 00 00 1b
2026-07-10 01:53:27.679 TX chassis mode=ERROR vx=+0.000 vy=+0.000 wz=+0.000 frame=55 aa 10 0c 00 00 00 00 00 00 00 00 00 00 00 00 1b
2026-07-10 01:53:27.703 RX arm_feedback state=0 end=(-0.0008,-0.0000,0.3182) theta1=-3.1372 frame=55 aa 86 11 00 74 fd 4b ba 69 06 65 b6 27 e5 a2 3e 00 c8 48 c0 52
2026-07-10 01:53:27.716 TX mode:ERROR frame=55 aa 15 01 04 19
2026-07-10 01:53:27.734 TX chassis mode=ERROR vx=+0.000 vy=+0.000 wz=+0.000 frame=55 aa 10 0c 00 00 00 00 00 00 00 00 00 00 00 00 1b
2026-07-10 01:53:27.739 RX arm_feedback state=0 end=(-0.0008,-0.0000,0.3182) theta1=-3.1372 frame=55 aa 86 11 00 74 fd 4b ba 69 06 65 b6 27 e5 a2 3e 00 c8 48 c0 52
2026-07-10 01:53:27.766 RX func=0x80 payload=00 00 01 00 00 00 00 00 00 00 00 00 00 00 00 00 db 72 02 00 frame=55 aa 80 14 00 00 01 00 00 00 00 00 00 00 00 00 00 00 00 00 db 72 02 00 e3
2026-07-10 01:53:27.783 RX arm_feedback state=0 end=(-0.0008,-0.0000,0.3182) theta1=-3.1372 frame=55 aa 86 11 00 74 fd 4b ba 69 06 65 b6 27 e5 a2 3e 00 c8 48 c0 52
2026-07-10 01:53:27.784 TX chassis mode=ERROR vx=+0.000 vy=+0.000 wz=+0.000 frame=55 aa 10 0c 00 00 00 00 00 00 00 00 00 00 00 00 1b
2026-07-10 01:53:27.791 RX arm_feedback state=0 end=(-0.0008,-0.0000,0.3182) theta1=-3.1372 frame=55 aa 86 11 00 74 fd 4b ba 69 06 65 b6 27 e5 a2 3e 00 c8 48 c0 52
2026-07-10 01:53:27.797 RX arm_feedback state=0 end=(-0.0008,-0.0000,0.3182) theta1=-3.1372 frame=55 aa 86 11 00 74 fd 4b ba 69 06 65 b6 27 e5 a2 3e 00 c8 48 c0 52
2026-07-10 01:53:27.798 RX func=0x81 payload=01 00 00 02 ce 1d 07 c0 27 76 4e 3d frame=55 aa 81 0c 01 00 00 02 ce 1d 07 c0 27 76 4e 3d 69
2026-07-10 01:53:27.818 RX arm_feedback state=0 end=(-0.0008,-0.0000,0.3182) theta1=-3.1372 frame=55 aa 86 11 00 74 fd 4b ba 69 06 65 b6 27 e5 a2 3e 00 c8 48 c0 52
2026-07-10 01:53:27.827 TX chassis mode=ERROR vx=+0.000 vy=+0.000 wz=+0.000 frame=55 aa 10 0c 00 00 00 00 00 00 00 00 00 00 00 00 1b
2026-07-10 01:53:27.831 RX arm_feedback state=0 end=(-0.0008,-0.0000,0.3182) theta1=-3.1372 frame=55 aa 86 11 00 74 fd 4b ba 69 06 65 b6 27 e5 a2 3e 00 c8 48 c0 52
2026-07-10 01:53:27.835 RX func=0x80 payload=00 00 01 00 00 00 00 00 00 00 00 00 00 00 00 00 3f 73 02 00 frame=55 aa 80 14 00 00 01 00 00 00 00 00 00 00 00 00 00 00 00 00 3f 73 02 00 48
2026-07-10 01:53:27.838 RX arm_feedback state=0 end=(-0.0008,-0.0000,0.3182) theta1=-3.1372 frame=55 aa 86 11 00 74 fd 4b ba 69 06 65 b6 27 e5 a2 3e 00 c8 48 c0 52
2026-07-10 01:53:27.849 TX chassis mode=ERROR vx=+0.000 vy=+0.000 wz=+0.000 frame=55 aa 10 0c 00 00 00 00 00 00 00 00 00 00 00 00 1b
2026-07-10 01:53:27.859 RX arm_feedback state=0 end=(-0.0008,-0.0000,0.3182) theta1=-3.1372 frame=55 aa 86 11 00 74 fd 4b ba 69 06 65 b6 27 e5 a2 3e 00 c8 48 c0 52
2026-07-10 01:53:27.867 TX chassis mode=ERROR vx=+0.000 vy=+0.000 wz=+0.000 frame=55 aa 10 0c 00 00 00 00 00 00 00 00 00 00 00 00 1b
2026-07-10 01:53:27.879 RX arm_feedback state=0 end=(-0.0008,-0.0000,0.3182) theta1=-3.1372 frame=55 aa 86 11 00 74 fd 4b ba 69 06 65 b6 27 e5 a2 3e 00 c8 48 c0 52
2026-07-10 01:53:27.915 TX chassis mode=ERROR vx=+0.000 vy=+0.000 wz=+0.000 frame=55 aa 10 0c 00 00 00 00 00 00 00 00 00 00 00 00 1b
2026-07-10 01:53:27.919 RX arm_feedback state=0 end=(-0.0008,-0.0000,0.3182) theta1=-3.1372 frame=55 aa 86 11 00 74 fd 4b ba 69 06 65 b6 27 e5 a2 3e 00 c8 48 c0 52
2026-07-10 01:53:27.934 RX arm_feedback state=0 end=(-0.0008,-0.0000,0.3182) theta1=-3.1372 frame=55 aa 86 11 00 74 fd 4b ba 69 06 65 b6 27 e5 a2 3e 00 c8 48 c0 52
2026-07-10 01:53:27.938 TX mode:ERROR frame=55 aa 15 01 04 19
2026-07-10 01:53:27.939 TX chassis mode=ERROR vx=+0.000 vy=+0.000 wz=+0.000 frame=55 aa 10 0c 00 00 00 00 00 00 00 00 00 00 00 00 1b
2026-07-10 01:53:27.942 RX func=0x80 payload=00 00 01 00 00 00 00 00 00 00 00 00 00 00 00 00 a3 73 02 00 frame=55 aa 80 14 00 00 01 00 00 00 00 00 00 00 00 00 00 00 00 00 a3 73 02 00 ac
2026-07-10 01:53:27.947 RX arm_feedback state=0 end=(-0.0008,-0.0000,0.3182) theta1=-3.1372 frame=55 aa 86 11 00 74 fd 4b ba 69 06 65 b6 27 e5 a2 3e 00 c8 48 c0 52
2026-07-10 01:53:27.972 TX chassis mode=ERROR vx=+0.000 vy=+0.000 wz=+0.000 frame=55 aa 10 0c 00 00 00 00 00 00 00 00 00 00 00 00 1b
2026-07-10 01:53:27.973 RX arm_feedback state=0 end=(-0.0008,-0.0000,0.3182) theta1=-3.1372 frame=55 aa 86 11 00 74 fd 4b ba 69 06 65 b6 27 e5 a2 3e 00 c8 48 c0 52
2026-07-10 01:53:27.978 RX arm_feedback state=0 end=(-0.0008,-0.0000,0.3182) theta1=-3.1372 frame=55 aa 86 11 00 74 fd 4b ba 69 06 65 b6 27 e5 a2 3e 00 c8 48 c0 52
2026-07-10 01:53:27.988 TX chassis mode=ERROR vx=+0.000 vy=+0.000 wz=+0.000 frame=55 aa 10 0c 00 00 00 00 00 00 00 00 00 00 00 00 1b
2026-07-10 01:53:27.989 RX func=0x81 payload=02 00 01 01 33 ac 2d 3e 13 40 23 bd frame=55 aa 81 0c 02 00 01 01 33 ac 2d 3e 13 40 23 bd 0d
2026-07-10 01:53:28.024 RX arm_feedback state=0 end=(-0.0008,-0.0000,0.3182) theta1=-3.1372 frame=55 aa 86 11 00 74 fd 4b ba 69 06 65 b6 27 e5 a2 3e 00 c8 48 c0 52
2026-07-10 01:53:28.050 TX chassis mode=ERROR vx=+0.000 vy=+0.000 wz=+0.000 frame=55 aa 10 0c 00 00 00 00 00 00 00 00 00 00 00 00 1b
2026-07-10 01:53:28.064 RX arm_feedback state=0 end=(-0.0008,-0.0000,0.3182) theta1=-3.1372 frame=55 aa 86 11 00 74 fd 4b ba 69 06 65 b6 27 e5 a2 3e 00 c8 48 c0 52
2026-07-10 01:53:28.073 RX func=0x80 payload=00 00 01 00 00 00 00 00 00 00 00 00 00 00 00 00 07 74 02 00 frame=55 aa 80 14 00 00 01 00 00 00 00 00 00 00 00 00 00 00 00 00 07 74 02 00 11
2026-07-10 01:53:28.074 RX arm_feedback state=0 end=(-0.0008,-0.0000,0.3182) theta1=-3.1372 frame=55 aa 86 11 00 74 fd 4b ba 69 06 65 b6 27 e5 a2 3e 00 c8 48 c0 52
2026-07-10 01:53:28.095 RX arm_feedback state=0 end=(-0.0008,-0.0000,0.3182) theta1=-3.1372 frame=55 aa 86 11 00 74 fd 4b ba 69 06 65 b6 27 e5 a2 3e 00 c8 48 c0 52
2026-07-10 01:53:28.101 TX chassis mode=ERROR vx=+0.000 vy=+0.000 wz=+0.000 frame=55 aa 10 0c 00 00 00 00 00 00 00 00 00 00 00 00 1b
2026-07-10 01:53:28.107 RX arm_feedback state=0 end=(-0.0008,-0.0000,0.3182) theta1=-3.1372 frame=55 aa 86 11 00 74 fd 4b ba 69 06 65 b6 27 e5 a2 3e 00 c8 48 c0 52
2026-07-10 01:53:28.116 RX arm_feedback state=0 end=(-0.0008,-0.0000,0.3182) theta1=-3.1372 frame=55 aa 86 11 00 74 fd 4b ba 69 06 65 b6 27 e5 a2 3e 00 c8 48 c0 52
2026-07-10 01:53:28.117 TX chassis mode=ERROR vx=+0.000 vy=+0.000 wz=+0.000 frame=55 aa 10 0c 00 00 00 00 00 00 00 00 00 00 00 00 1b
2026-07-10 01:53:28.141 RX arm_feedback state=0 end=(-0.0008,-0.0000,0.3182) theta1=-3.1372 frame=55 aa 86 11 00 74 fd 4b ba 69 06 65 b6 27 e5 a2 3e 00 c8 48 c0 52
2026-07-10 01:53:28.143 RX func=0x80 payload=00 00 01 00 00 00 00 00 00 00 00 00 00 00 00 00 6b 74 02 00 frame=55 aa 80 14 00 00 01 00 00 00 00 00 00 00 00 00 00 00 00 00 6b 74 02 00 75
2026-07-10 01:53:28.165 RX arm_feedback state=0 end=(-0.0008,-0.0000,0.3182) theta1=-3.1372 frame=55 aa 86 11 00 74 fd 4b ba 69 06 65 b6 27 e5 a2 3e 00 c8 48 c0 52
2026-07-10 01:53:28.166 TX mode:ERROR frame=55 aa 15 01 04 19
2026-07-10 01:53:28.180 TX chassis mode=ERROR vx=+0.000 vy=+0.000 wz=+0.000 frame=55 aa 10 0c 00 00 00 00 00 00 00 00 00 00 00 00 1b
2026-07-10 01:53:28.194 RX arm_feedback state=0 end=(-0.0008,-0.0000,0.3182) theta1=-3.1372 frame=55 aa 86 11 00 74 fd 4b ba 69 06 65 b6 27 e5 a2 3e 00 c8 48 c0 52
2026-07-10 01:53:28.202 RX arm_feedback state=0 end=(-0.0008,-0.0000,0.3182) theta1=-3.1372 frame=55 aa 86 11 00 74 fd 4b ba 69 06 65 b6 27 e5 a2 3e 00 c8 48 c0 52
2026-07-10 01:53:28.208 RX func=0x81 payload=03 00 00 02 d6 94 18 c0 56 ef 0e 3d frame=55 aa 81 0c 03 00 00 02 d6 94 18 c0 56 ef 0e 3d 63
2026-07-10 01:53:28.222 RX arm_feedback state=0 end=(-0.0008,-0.0000,0.3182) theta1=-3.1372 frame=55 aa 86 11 00 74 fd 4b ba 69 06 65 b6 27 e5 a2 3e 00 c8 48 c0 52
2026-07-10 01:53:28.240 TX chassis mode=ERROR vx=+0.000 vy=+0.000 wz=+0.000 frame=55 aa 10 0c 00 00 00 00 00 00 00 00 00 00 00 00 1b
2026-07-10 01:53:28.252 RX arm_feedback state=0 end=(-0.0008,-0.0000,0.3182) theta1=-3.1372 frame=55 aa 86 11 00 74 fd 4b ba 69 06 65 b6 27 e5 a2 3e 00 c8 48 c0 52
2026-07-10 01:53:28.264 RX func=0x80 payload=00 00 01 00 00 00 00 00 00 00 00 00 00 00 00 00 cf 74 02 00 frame=55 aa 80 14 00 00 01 00 00 00 00 00 00 00 00 00 00 00 00 00 cf 74 02 00 d9
2026-07-10 01:53:28.294 RX arm_feedback state=0 end=(-0.0008,-0.0000,0.3182) theta1=-3.1372 frame=55 aa 86 11 00 74 fd 4b ba 69 06 65 b6 27 e5 a2 3e 00 c8 48 c0 52
2026-07-10 01:53:28.314 RX arm_feedback state=0 end=(-0.0008,-0.0000,0.3182) theta1=-3.1372 frame=55 aa 86 11 00 74 fd 4b ba 69 06 65 b6 27 e5 a2 3e 00 c8 48 c0 52
2026-07-10 01:53:28.325 TX chassis mode=ERROR vx=+0.000 vy=+0.000 wz=+0.000 frame=55 aa 10 0c 00 00 00 00 00 00 00 00 00 00 00 00 1b
2026-07-10 01:53:28.339 RX arm_feedback state=0 end=(-0.0008,-0.0000,0.3182) theta1=-3.1372 frame=55 aa 86 11 00 74 fd 4b ba 69 06 65 b6 27 e5 a2 3e 00 c8 48 c0 52
2026-07-10 01:53:28.351 RX arm_feedback state=0 end=(-0.0008,-0.0000,0.3182) theta1=-3.1372 frame=55 aa 86 11 00 74 fd 4b ba 69 06 65 b6 27 e5 a2 3e 00 c8 48 c0 52
2026-07-10 01:53:28.369 RX arm_feedback state=0 end=(-0.0008,-0.0000,0.3182) theta1=-3.1372 frame=55 aa 86 11 00 74 fd 4b ba 69 06 65 b6 27 e5 a2 3e 00 c8 48 c0 52
2026-07-10 01:53:28.385 RX func=0x80 payload=00 00 01 00 00 00 00 00 00 00 00 00 00 00 00 00 33 75 02 00 frame=55 aa 80 14 00 00 01 00 00 00 00 00 00 00 00 00 00 00 00 00 33 75 02 00 3e
2026-07-10 01:53:28.402 RX arm_feedback state=0 end=(-0.0008,-0.0000,0.3182) theta1=-3.1372 frame=55 aa 86 11 00 74 fd 4b ba 69 06 65 b6 27 e5 a2 3e 00 c8 48 c0 52
2026-07-10 01:53:28.403 TX chassis mode=ERROR vx=+0.000 vy=+0.000 wz=+0.000 frame=55 aa 10 0c 00 00 00 00 00 00 00 00 00 00 00 00 1b
2026-07-10 01:53:28.431 RX arm_feedback state=0 end=(-0.0008,-0.0000,0.3182) theta1=-3.1372 frame=55 aa 86 11 00 74 fd 4b ba 69 06 65 b6 27 e5 a2 3e 00 c8 48 c0 52
2026-07-10 01:53:28.433 RX arm_feedback state=0 end=(-0.0008,-0.0000,0.3182) theta1=-3.1372 frame=55 aa 86 11 00 74 fd 4b ba 69 06 65 b6 27 e5 a2 3e 00 c8 48 c0 52
2026-07-10 01:53:28.455 RX func=0x81 payload=04 00 00 02 74 da 86 bf 0a d1 9e 3c frame=55 aa 81 0c 04 00 00 02 74 da 86 bf 0a d1 9e 3c da
2026-07-10 01:53:28.479 RX arm_feedback state=0 end=(-0.0008,-0.0000,0.3182) theta1=-3.1372 frame=55 aa 86 11 00 74 fd 4b ba 69 06 65 b6 27 e5 a2 3e 00 c8 48 c0 52
2026-07-10 01:53:28.486 TX mode:ERROR frame=55 aa 15 01 04 19
2026-07-10 01:53:28.487 TX chassis mode=ERROR vx=+0.000 vy=+0.000 wz=+0.000 frame=55 aa 10 0c 00 00 00 00 00 00 00 00 00 00 00 00 1b
2026-07-10 01:53:28.488 RX arm_feedback state=0 end=(-0.0008,-0.0000,0.3182) theta1=-3.1372 frame=55 aa 86 11 00 74 fd 4b ba 69 06 65 b6 27 e5 a2 3e 00 c8 48 c0 52
2026-07-10 01:53:28.519 RX func=0x80 payload=00 00 01 00 00 00 00 00 00 00 00 00 00 00 00 00 97 75 02 00 frame=55 aa 80 14 00 00 01 00 00 00 00 00 00 00 00 00 00 00 00 00 97 75 02 00 a2
2026-07-10 01:53:28.532 RX arm_feedback state=0 end=(-0.0008,-0.0000,0.3182) theta1=-3.1372 frame=55 aa 86 11 00 74 fd 4b ba 69 06 65 b6 27 e5 a2 3e 00 c8 48 c0 52
2026-07-10 01:53:28.552 RX arm_feedback state=0 end=(-0.0008,-0.0000,0.3182) theta1=-3.1372 frame=55 aa 86 11 00 74 fd 4b ba 69 06 65 b6 27 e5 a2 3e 00 c8 48 c0 52
2026-07-10 01:53:28.580 RX arm_feedback state=0 end=(-0.0008,-0.0000,0.3182) theta1=-3.1372 frame=55 aa 86 11 00 74 fd 4b ba 69 06 65 b6 27 e5 a2 3e 00 c8 48 c0 52
2026-07-10 01:53:28.598 RX arm_feedback state=0 end=(-0.0008,-0.0000,0.3182) theta1=-3.1372 frame=55 aa 86 11 00 74 fd 4b ba 69 06 65 b6 27 e5 a2 3e 00 c8 48 c0 52
2026-07-10 01:53:28.613 TX chassis mode=ERROR vx=+0.000 vy=+0.000 wz=+0.000 frame=55 aa 10 0c 00 00 00 00 00 00 00 00 00 00 00 00 1b
2026-07-10 01:53:28.620 RX arm_feedback state=0 end=(-0.0008,-0.0000,0.3182) theta1=-3.1372 frame=55 aa 86 11 00 74 fd 4b ba 69 06 65 b6 27 e5 a2 3e 00 c8 48 c0 52
2026-07-10 01:53:28.640 RX func=0x80 payload=00 00 01 00 00 00 00 00 00 00 00 00 00 00 00 00 fb 75 02 00 frame=55 aa 80 14 00 00 01 00 00 00 00 00 00 00 00 00 00 00 00 00 fb 75 02 00 06
2026-07-10 01:53:28.644 RX arm_feedback state=0 end=(-0.0008,-0.0000,0.3182) theta1=-3.1372 frame=55 aa 86 11 00 74 fd 4b ba 69 06 65 b6 27 e5 a2 3e 00 c8 48 c0 52
2026-07-10 01:53:28.659 RX arm_feedback state=0 end=(-0.0008,-0.0000,0.3182) theta1=-3.1372 frame=55 aa 86 11 00 74 fd 4b ba 69 06 65 b6 27 e5 a2 3e 00 c8 48 c0 52
2026-07-10 01:53:28.675 RX arm_feedback state=0 end=(-0.0008,-0.0000,0.3182) theta1=-3.1372 frame=55 aa 86 11 00 74 fd 4b ba 69 06 65 b6 27 e5 a2 3e 00 c8 48 c0 52
2026-07-10 01:53:28.680 RX func=0x81 payload=05 00 01 01 e2 a7 16 bc 00 00 00 80 frame=55 aa 81 0c 05 00 01 01 e2 a7 16 bc 00 00 00 80 6e
2026-07-10 01:53:28.689 RX arm_feedback state=0 end=(-0.0008,-0.0000,0.3182) theta1=-3.1372 frame=55 aa 86 11 00 74 fd 4b ba 69 06 65 b6 27 e5 a2 3e 00 c8 48 c0 52
2026-07-10 01:53:28.699 RX arm_feedback state=0 end=(-0.0008,-0.0000,0.3182) theta1=-3.1372 frame=55 aa 86 11 00 74 fd 4b ba 69 06 65 b6 27 e5 a2 3e 00 c8 48 c0 52
2026-07-10 01:53:28.701 TX mode:ERROR frame=55 aa 15 01 04 19
2026-07-10 01:53:28.715 TX chassis mode=ERROR vx=+0.000 vy=+0.000 wz=+0.000 frame=55 aa 10 0c 00 00 00 00 00 00 00 00 00 00 00 00 1b
2026-07-10 01:53:28.720 RX func=0x80 payload=00 00 01 00 00 00 00 00 00 00 00 00 00 00 00 00 5f 76 02 00 frame=55 aa 80 14 00 00 01 00 00 00 00 00 00 00 00 00 00 00 00 00 5f 76 02 00 6b
2026-07-10 01:53:28.730 RX arm_feedback state=0 end=(-0.0008,-0.0000,0.3182) theta1=-3.1372 frame=55 aa 86 11 00 74 fd 4b ba 69 06 65 b6 27 e5 a2 3e 00 c8 48 c0 52
2026-07-10 01:53:28.741 RX arm_feedback state=0 end=(-0.0008,-0.0000,0.3182) theta1=-3.1372 frame=55 aa 86 11 00 74 fd 4b ba 69 06 65 b6 27 e5 a2 3e 00 c8 48 c0 52
2026-07-10 01:53:28.752 RX arm_feedback state=0 end=(-0.0008,-0.0000,0.3182) theta1=-3.1372 frame=55 aa 86 11 00 74 fd 4b ba 69 06 65 b6 27 e5 a2 3e 00 c8 48 c0 52
2026-07-10 01:53:28.762 RX arm_feedback state=0 end=(-0.0008,-0.0000,0.3182) theta1=-3.1372 frame=55 aa 86 11 00 74 fd 4b ba 69 06 65 b6 27 e5 a2 3e 00 c8 48 c0 52
2026-07-10 01:53:28.779 RX arm_feedback state=0 end=(-0.0008,-0.0000,0.3182) theta1=-3.1372 frame=55 aa 86 11 00 74 fd 4b ba 69 06 65 b6 27 e5 a2 3e 00 c8 48 c0 52
2026-07-10 01:53:28.787 RX func=0x80 payload=00 00 01 00 00 00 00 00 00 00 00 00 00 00 00 00 c3 76 02 00 frame=55 aa 80 14 00 00 01 00 00 00 00 00 00 00 00 00 00 00 00 00 c3 76 02 00 cf
2026-07-10 01:53:28.795 TX chassis mode=ERROR vx=+0.000 vy=+0.000 wz=+0.000 frame=55 aa 10 0c 00 00 00 00 00 00 00 00 00 00 00 00 1b
2026-07-10 01:53:28.812 RX arm_feedback state=0 end=(-0.0008,-0.0000,0.3182) theta1=-3.1372 frame=55 aa 86 11 00 74 fd 4b ba 69 06 65 b6 27 e5 a2 3e 00 c8 48 c0 52
2026-07-10 01:53:28.829 RX arm_feedback state=0 end=(-0.0008,-0.0000,0.3182) theta1=-3.1372 frame=55 aa 86 11 00 74 fd 4b ba 69 06 65 b6 27 e5 a2 3e 00 c8 48 c0 52
2026-07-10 01:53:28.842 RX arm_feedback state=0 end=(-0.0008,-0.0000,0.3182) theta1=-3.1372 frame=55 aa 86 11 00 74 fd 4b ba 69 06 65 b6 27 e5 a2 3e 00 c8 48 c0 52
2026-07-10 01:53:28.849 RX func=0x81 payload=06 00 00 02 b1 5a 3c bf 44 1b 7e bc frame=55 aa 81 0c 06 00 00 02 b1 5a 3c bf 44 1b 7e bc 33
2026-07-10 01:53:28.864 RX arm_feedback state=0 end=(-0.0008,-0.0000,0.3182) theta1=-3.1372 frame=55 aa 86 11 00 74 fd 4b ba 69 06 65 b6 27 e5 a2 3e 00 c8 48 c0 52
2026-07-10 01:53:28.875 TX chassis mode=ERROR vx=+0.000 vy=+0.000 wz=+0.000 frame=55 aa 10 0c 00 00 00 00 00 00 00 00 00 00 00 00 1b
2026-07-10 01:53:28.881 RX arm_feedback state=0 end=(-0.0008,-0.0000,0.3182) theta1=-3.1372 frame=55 aa 86 11 00 74 fd 4b ba 69 06 65 b6 27 e5 a2 3e 00 c8 48 c0 52
2026-07-10 01:53:28.889 RX func=0x80 payload=00 00 01 00 00 00 00 00 00 00 00 00 00 00 00 00 27 77 02 00 frame=55 aa 80 14 00 00 01 00 00 00 00 00 00 00 00 00 00 00 00 00 27 77 02 00 34
2026-07-10 01:53:28.895 RX arm_feedback state=0 end=(-0.0008,-0.0000,0.3182) theta1=-3.1372 frame=55 aa 86 11 00 74 fd 4b ba 69 06 65 b6 27 e5 a2 3e 00 c8 48 c0 52
2026-07-10 01:53:28.915 RX arm_feedback state=0 end=(-0.0008,-0.0000,0.3182) theta1=-3.1372 frame=55 aa 86 11 00 74 fd 4b ba 69 06 65 b6 27 e5 a2 3e 00 c8 48 c0 52
2026-07-10 01:53:28.930 RX arm_feedback state=0 end=(-0.0008,-0.0000,0.3182) theta1=-3.1372 frame=55 aa 86 11 00 74 fd 4b ba 69 06 65 b6 27 e5 a2 3e 00 c8 48 c0 52
2026-07-10 01:53:28.935 TX mode:ERROR frame=55 aa 15 01 04 19
2026-07-10 01:53:28.941 TX chassis mode=ERROR vx=+0.000 vy=+0.000 wz=+0.000 frame=55 aa 10 0c 00 00 00 00 00 00 00 00 00 00 00 00 1b
2026-07-10 01:53:28.951 RX arm_feedback state=0 end=(-0.0008,-0.0000,0.3182) theta1=-3.1372 frame=55 aa 86 11 00 74 fd 4b ba 69 06 65 b6 27 e5 a2 3e 00 c8 48 c0 52
2026-07-10 01:53:28.965 RX arm_feedback state=0 end=(-0.0008,-0.0000,0.3182) theta1=-3.1372 frame=55 aa 86 11 00 74 fd 4b ba 69 06 65 b6 27 e5 a2 3e 00 c8 48 c0 52
2026-07-10 01:53:28.979 RX func=0x80 payload=00 00 01 00 00 00 00 00 00 00 00 00 00 00 00 00 8b 77 02 00 frame=55 aa 80 14 00 00 01 00 00 00 00 00 00 00 00 00 00 00 00 00 8b 77 02 00 98
2026-07-10 01:53:28.983 RX arm_feedback state=0 end=(-0.0008,-0.0000,0.3182) theta1=-3.1372 frame=55 aa 86 11 00 74 fd 4b ba 69 06 65 b6 27 e5 a2 3e 00 c8 48 c0 52
2026-07-10 01:53:28.995 RX arm_feedback state=0 end=(-0.0008,-0.0000,0.3182) theta1=-3.1372 frame=55 aa 86 11 00 74 fd 4b ba 69 06 65 b6 27 e5 a2 3e 00 c8 48 c0 52
2026-07-10 01:53:28.998 TX chassis mode=ERROR vx=+0.000 vy=+0.000 wz=+0.000 frame=55 aa 10 0c 00 00 00 00 00 00 00 00 00 00 00 00 1b
2026-07-10 01:53:29.012 RX arm_feedback state=0 end=(-0.0008,-0.0000,0.3182) theta1=-3.1372 frame=55 aa 86 11 00 74 fd 4b ba 69 06 65 b6 27 e5 a2 3e 00 c8 48 c0 52
2026-07-10 01:53:29.014 RX func=0x81 payload=07 00 00 02 31 a6 06 c0 44 1b fe 3c frame=55 aa 81 0c 07 00 00 02 31 a6 06 c0 44 1b fe 3c cb
2026-07-10 01:53:29.031 RX arm_feedback state=0 end=(-0.0008,-0.0000,0.3182) theta1=-3.1372 frame=55 aa 86 11 00 74 fd 4b ba 69 06 65 b6 27 e5 a2 3e 00 c8 48 c0 52
2026-07-10 01:53:29.043 RX arm_feedback state=0 end=(-0.0008,-0.0000,0.3182) theta1=-3.1372 frame=55 aa 86 11 00 74 fd 4b ba 69 06 65 b6 27 e5 a2 3e 00 c8 48 c0 52
2026-07-10 01:53:29.046 TX chassis mode=ERROR vx=+0.000 vy=+0.000 wz=+0.000 frame=55 aa 10 0c 00 00 00 00 00 00 00 00 00 00 00 00 1b
2026-07-10 01:53:29.048 RX func=0x80 payload=00 00 01 00 00 00 00 00 00 00 00 00 00 00 00 00 ef 77 02 00 frame=55 aa 80 14 00 00 01 00 00 00 00 00 00 00 00 00 00 00 00 00 ef 77 02 00 fc
2026-07-10 01:53:29.050 RX arm_feedback state=0 end=(-0.0008,-0.0000,0.3182) theta1=-3.1372 frame=55 aa 86 11 00 74 fd 4b ba 69 06 65 b6 27 e5 a2 3e 00 c8 48 c0 52
2026-07-10 01:53:29.057 RX arm_feedback state=0 end=(-0.0008,-0.0000,0.3182) theta1=-3.1372 frame=55 aa 86 11 00 74 fd 4b ba 69 06 65 b6 27 e5 a2 3e 00 c8 48 c0 52
2026-07-10 01:53:29.073 TX chassis mode=ERROR vx=+0.000 vy=+0.000 wz=+0.000 frame=55 aa 10 0c 00 00 00 00 00 00 00 00 00 00 00 00 1b
2026-07-10 01:53:29.079 RX arm_feedback state=0 end=(-0.0008,-0.0000,0.3182) theta1=-3.1372 frame=55 aa 86 11 00 74 fd 4b ba 69 06 65 b6 27 e5 a2 3e 00 c8 48 c0 52
2026-07-10 01:53:29.081 TX chassis mode=ERROR vx=+0.000 vy=+0.000 wz=+0.000 frame=55 aa 10 0c 00 00 00 00 00 00 00 00 00 00 00 00 1b
2026-07-10 01:53:29.082 TX mode:ERROR frame=55 aa 15 01 04 19
2026-07-10 01:53:29.083 TX chassis mode=ERROR vx=+0.000 vy=+0.000 wz=+0.000 frame=55 aa 10 0c 00 00 00 00 00 00 00 00 00 00 00 00 1b
2026-07-10 01:53:29.100 RX arm_feedback state=0 end=(-0.0008,-0.0000,0.3182) theta1=-3.1372 frame=55 aa 86 11 00 74 fd 4b ba 69 06 65 b6 27 e5 a2 3e 00 c8 48 c0 52
2026-07-10 01:53:29.101 TX chassis mode=ERROR vx=+0.000 vy=+0.000 wz=+0.000 frame=55 aa 10 0c 00 00 00 00 00 00 00 00 00 00 00 00 1b
2026-07-10 01:53:29.128 RX arm_feedback state=0 end=(-0.0008,-0.0000,0.3182) theta1=-3.1372 frame=55 aa 86 11 00 74 fd 4b ba 69 06 65 b6 27 e5 a2 3e 00 c8 48 c0 52
2026-07-10 01:53:29.129 TX chassis mode=ERROR vx=+0.000 vy=+0.000 wz=+0.000 frame=55 aa 10 0c 00 00 00 00 00 00 00 00 00 00 00 00 1b
2026-07-10 01:53:29.145 RX func=0x80 payload=00 00 01 00 00 00 00 00 00 00 00 00 00 00 00 00 53 78 02 00 frame=55 aa 80 14 00 00 01 00 00 00 00 00 00 00 00 00 00 00 00 00 53 78 02 00 61
2026-07-10 01:53:29.159 RX arm_feedback state=0 end=(-0.0008,-0.0000,0.3182) theta1=-3.1372 frame=55 aa 86 11 00 74 fd 4b ba 69 06 65 b6 27 e5 a2 3e 00 c8 48 c0 52
2026-07-10 01:53:29.170 RX arm_feedback state=0 end=(-0.0008,-0.0000,0.3182) theta1=-3.1372 frame=55 aa 86 11 00 74 fd 4b ba 69 06 65 b6 27 e5 a2 3e 00 c8 48 c0 52
2026-07-10 01:53:29.195 TX chassis mode=ERROR vx=+0.000 vy=+0.000 wz=+0.000 frame=55 aa 10 0c 00 00 00 00 00 00 00 00 00 00 00 00 1b
2026-07-10 01:53:29.201 RX arm_feedback state=0 end=(-0.0008,-0.0000,0.3182) theta1=-3.1372 frame=55 aa 86 11 00 74 fd 4b ba 69 06 65 b6 27 e5 a2 3e 00 c8 48 c0 52
2026-07-10 01:53:29.218 RX func=0x81 payload=08 00 01 01 53 fd 28 3b 13 40 23 3d frame=55 aa 81 0c 08 00 01 01 53 fd 28 3b 13 40 23 3d fc
2026-07-10 01:53:29.239 RX arm_feedback state=0 end=(-0.0008,-0.0000,0.3182) theta1=-3.1372 frame=55 aa 86 11 00 74 fd 4b ba 69 06 65 b6 27 e5 a2 3e 00 c8 48 c0 52
2026-07-10 01:53:29.267 TX chassis mode=ERROR vx=+0.000 vy=+0.000 wz=+0.000 frame=55 aa 10 0c 00 00 00 00 00 00 00 00 00 00 00 00 1b
2026-07-10 01:53:29.284 RX arm_feedback state=0 end=(-0.0008,-0.0000,0.3182) theta1=-3.1372 frame=55 aa 86 11 00 74 fd 4b ba 69 06 65 b6 27 e5 a2 3e 00 c8 48 c0 52
2026-07-10 01:53:29.310 RX func=0x80 payload=00 00 01 00 00 00 00 00 00 00 00 00 00 00 00 00 b7 78 02 00 frame=55 aa 80 14 00 00 01 00 00 00 00 00 00 00 00 00 00 00 00 00 b7 78 02 00 c5
2026-07-10 01:53:29.317 RX arm_feedback state=0 end=(-0.0008,-0.0000,0.3182) theta1=-3.1372 frame=55 aa 86 11 00 74 fd 4b ba 69 06 65 b6 27 e5 a2 3e 00 c8 48 c0 52
2026-07-10 01:53:29.331 RX arm_feedback state=0 end=(-0.0008,-0.0000,0.3182) theta1=-3.1372 frame=55 aa 86 11 00 74 fd 4b ba 69 06 65 b6 27 e5 a2 3e 00 c8 48 c0 52
2026-07-10 01:53:29.344 RX arm_feedback state=0 end=(-0.0008,-0.0000,0.3182) theta1=-3.1372 frame=55 aa 86 11 00 74 fd 4b ba 69 06 65 b6 27 e5 a2 3e 00 c8 48 c0 52
2026-07-10 01:53:29.346 TX chassis mode=ERROR vx=+0.000 vy=+0.000 wz=+0.000 frame=55 aa 10 0c 00 00 00 00 00 00 00 00 00 00 00 00 1b
2026-07-10 01:53:29.346 RX arm_feedback state=0 end=(-0.0008,-0.0000,0.3182) theta1=-3.1372 frame=55 aa 86 11 00 74 fd 4b ba 69 06 65 b6 27 e5 a2 3e 00 c8 48 c0 52
2026-07-10 01:53:29.355 RX arm_feedback state=0 end=(-0.0008,-0.0000,0.3182) theta1=-3.1372 frame=55 aa 86 11 00 74 fd 4b ba 69 06 65 b6 27 e5 a2 3e 00 c8 48 c0 52
2026-07-10 01:53:29.357 RX func=0x80 payload=00 00 01 00 00 00 00 00 00 00 00 00 00 00 00 00 1b 79 02 00 frame=55 aa 80 14 00 00 01 00 00 00 00 00 00 00 00 00 00 00 00 00 1b 79 02 00 2a
2026-07-10 01:53:29.362 RX arm_feedback state=0 end=(-0.0008,-0.0000,0.3182) theta1=-3.1372 frame=55 aa 86 11 00 74 fd 4b ba 69 06 65 b6 27 e5 a2 3e 00 c8 48 c0 52
2026-07-10 01:53:29.365 RX arm_feedback state=0 end=(-0.0008,-0.0000,0.3182) theta1=-3.1372 frame=55 aa 86 11 00 74 fd 4b ba 69 06 65 b6 27 e5 a2 3e 00 c8 48 c0 52
2026-07-10 01:53:29.369 TX mode:ERROR frame=55 aa 15 01 04 19
2026-07-10 01:53:29.369 TX chassis mode=ERROR vx=+0.000 vy=+0.000 wz=+0.000 frame=55 aa 10 0c 00 00 00 00 00 00 00 00 00 00 00 00 1b
2026-07-10 01:53:29.374 RX arm_feedback state=0 end=(-0.0008,-0.0000,0.3182) theta1=-3.1372 frame=55 aa 86 11 00 74 fd 4b ba 69 06 65 b6 27 e5 a2 3e 00 c8 48 c0 52
2026-07-10 01:53:29.376 TX chassis mode=ERROR vx=+0.000 vy=+0.000 wz=+0.000 frame=55 aa 10 0c 00 00 00 00 00 00 00 00 00 00 00 00 1b
2026-07-10 01:53:29.379 TX chassis mode=ERROR vx=+0.000 vy=+0.000 wz=+0.000 frame=55 aa 10 0c 00 00 00 00 00 00 00 00 00 00 00 00 1b
2026-07-10 01:53:29.399 RX func=0x81 payload=09 00 00 02 e8 da 19 c0 27 76 4e 3d frame=55 aa 81 0c 09 00 00 02 e8 da 19 c0 27 76 4e 3d 5a
2026-07-10 01:53:29.403 RX arm_feedback state=0 end=(-0.0008,-0.0000,0.3182) theta1=-3.1372 frame=55 aa 86 11 00 74 fd 4b ba 69 06 65 b6 27 e5 a2 3e 00 c8 48 c0 52
2026-07-10 01:53:29.408 TX chassis mode=ERROR vx=+0.000 vy=+0.000 wz=+0.000 frame=55 aa 10 0c 00 00 00 00 00 00 00 00 00 00 00 00 1b
2026-07-10 01:53:29.419 RX arm_feedback state=0 end=(-0.0008,-0.0000,0.3182) theta1=-3.1372 frame=55 aa 86 11 00 74 fd 4b ba 69 06 65 b6 27 e5 a2 3e 00 c8 48 c0 52
2026-07-10 01:53:29.421 TX chassis mode=ERROR vx=+0.000 vy=+0.000 wz=+0.000 frame=55 aa 10 0c 00 00 00 00 00 00 00 00 00 00 00 00 1b
2026-07-10 01:53:29.440 RX func=0x80 payload=00 00 01 00 00 00 00 00 00 00 00 00 00 00 00 00 7f 79 02 00 frame=55 aa 80 14 00 00 01 00 00 00 00 00 00 00 00 00 00 00 00 00 7f 79 02 00 8e
2026-07-10 01:53:29.445 RX arm_feedback state=0 end=(-0.0008,-0.0000,0.3182) theta1=-3.1372 frame=55 aa 86 11 00 74 fd 4b ba 69 06 65 b6 27 e5 a2 3e 00 c8 48 c0 52
2026-07-10 01:53:29.451 TX chassis mode=ERROR vx=+0.000 vy=+0.000 wz=+0.000 frame=55 aa 10 0c 00 00 00 00 00 00 00 00 00 00 00 00 1b
2026-07-10 01:53:29.463 RX arm_feedback state=0 end=(-0.0008,-0.0000,0.3182) theta1=-3.1372 frame=55 aa 86 11 00 74 fd 4b ba 69 06 65 b6 27 e5 a2 3e 00 c8 48 c0 52
2026-07-10 01:53:29.465 TX chassis mode=ERROR vx=+0.000 vy=+0.000 wz=+0.000 frame=55 aa 10 0c 00 00 00 00 00 00 00 00 00 00 00 00 1b
2026-07-10 01:53:29.481 RX arm_feedback state=0 end=(-0.0008,-0.0000,0.3182) theta1=-3.1372 frame=55 aa 86 11 00 74 fd 4b ba 69 06 65 b6 27 e5 a2 3e 00 c8 48 c0 52
2026-07-10 01:53:29.485 TX chassis mode=ERROR vx=+0.000 vy=+0.000 wz=+0.000 frame=55 aa 10 0c 00 00 00 00 00 00 00 00 00 00 00 00 1b
2026-07-10 01:53:29.499 RX arm_feedback state=0 end=(-0.0008,-0.0000,0.3182) theta1=-3.1372 frame=55 aa 86 11 00 74 fd 4b ba 69 06 65 b6 27 e5 a2 3e 00 c8 48 c0 52
2026-07-10 01:53:29.500 TX chassis mode=ERROR vx=+0.000 vy=+0.000 wz=+0.000 frame=55 aa 10 0c 00 00 00 00 00 00 00 00 00 00 00 00 1b
2026-07-10 01:53:29.519 RX arm_feedback state=0 end=(-0.0008,-0.0000,0.3182) theta1=-3.1372 frame=55 aa 86 11 00 74 fd 4b ba 69 06 65 b6 27 e5 a2 3e 00 c8 48 c0 52
2026-07-10 01:53:29.521 TX chassis mode=ERROR vx=+0.000 vy=+0.000 wz=+0.000 frame=55 aa 10 0c 00 00 00 00 00 00 00 00 00 00 00 00 1b
2026-07-10 01:53:29.539 RX func=0x80 payload=00 00 01 00 00 00 00 00 00 00 00 00 00 00 00 00 e3 79 02 00 frame=55 aa 80 14 00 00 01 00 00 00 00 00 00 00 00 00 00 00 00 00 e3 79 02 00 f2
2026-07-10 01:53:29.543 RX arm_feedback state=0 end=(-0.0008,-0.0000,0.3182) theta1=-3.1372 frame=55 aa 86 11 00 74 fd 4b ba 69 06 65 b6 27 e5 a2 3e 00 c8 48 c0 52
2026-07-10 01:53:29.545 TX chassis mode=ERROR vx=+0.000 vy=+0.000 wz=+0.000 frame=55 aa 10 0c 00 00 00 00 00 00 00 00 00 00 00 00 1b
2026-07-10 01:53:29.560 RX arm_feedback state=0 end=(-0.0008,-0.0000,0.3182) theta1=-3.1372 frame=55 aa 86 11 00 74 fd 4b ba 69 06 65 b6 27 e5 a2 3e 00 c8 48 c0 52
2026-07-10 01:53:29.561 TX mode:ERROR frame=55 aa 15 01 04 19
2026-07-10 01:53:29.561 TX chassis mode=ERROR vx=+0.000 vy=+0.000 wz=+0.000 frame=55 aa 10 0c 00 00 00 00 00 00 00 00 00 00 00 00 1b
2026-07-10 01:53:29.580 RX arm_feedback state=0 end=(-0.0008,-0.0000,0.3182) theta1=-3.1372 frame=55 aa 86 11 00 74 fd 4b ba 69 06 65 b6 27 e5 a2 3e 00 c8 48 c0 52
2026-07-10 01:53:29.585 TX chassis mode=ERROR vx=+0.000 vy=+0.000 wz=+0.000 frame=55 aa 10 0c 00 00 00 00 00 00 00 00 00 00 00 00 1b
2026-07-10 01:53:29.599 RX func=0x81 payload=0a 00 00 02 a5 82 81 bf 00 00 00 80 frame=55 aa 81 0c 0a 00 00 02 a5 82 81 bf 00 00 00 80 7f
2026-07-10 01:53:29.600 RX arm_feedback state=0 end=(-0.0008,-0.0000,0.3182) theta1=-3.1372 frame=55 aa 86 11 00 74 fd 4b ba 69 06 65 b6 27 e5 a2 3e 00 c8 48 c0 52
2026-07-10 01:53:29.603 TX chassis mode=ERROR vx=+0.000 vy=+0.000 wz=+0.000 frame=55 aa 10 0c 00 00 00 00 00 00 00 00 00 00 00 00 1b
2026-07-10 01:53:29.622 RX arm_feedback state=0 end=(-0.0008,-0.0000,0.3182) theta1=-3.1372 frame=55 aa 86 11 00 74 fd 4b ba 69 06 65 b6 27 e5 a2 3e 00 c8 48 c0 52
2026-07-10 01:53:29.626 RX func=0x80 payload=00 00 01 00 00 00 00 00 00 00 00 00 00 00 00 00 47 7a 02 00 frame=55 aa 80 14 00 00 01 00 00 00 00 00 00 00 00 00 00 00 00 00 47 7a 02 00 57
2026-07-10 01:53:29.631 TX chassis mode=ERROR vx=+0.000 vy=+0.000 wz=+0.000 frame=55 aa 10 0c 00 00 00 00 00 00 00 00 00 00 00 00 1b
2026-07-10 01:53:29.642 RX arm_feedback state=0 end=(-0.0008,-0.0000,0.3182) theta1=-3.1372 frame=55 aa 86 11 00 74 fd 4b ba 69 06 65 b6 27 e5 a2 3e 00 c8 48 c0 52
2026-07-10 01:53:29.646 TX chassis mode=ERROR vx=+0.000 vy=+0.000 wz=+0.000 frame=55 aa 10 0c 00 00 00 00 00 00 00 00 00 00 00 00 1b
2026-07-10 01:53:29.659 RX arm_feedback state=0 end=(-0.0008,-0.0000,0.3182) theta1=-3.1372 frame=55 aa 86 11 00 74 fd 4b ba 69 06 65 b6 27 e5 a2 3e 00 c8 48 c0 52
2026-07-10 01:53:29.667 TX chassis mode=ERROR vx=+0.000 vy=+0.000 wz=+0.000 frame=55 aa 10 0c 00 00 00 00 00 00 00 00 00 00 00 00 1b
2026-07-10 01:53:29.680 RX arm_feedback state=0 end=(-0.0008,-0.0000,0.3182) theta1=-3.1372 frame=55 aa 86 11 00 74 fd 4b ba 69 06 65 b6 27 e5 a2 3e 00 c8 48 c0 52
2026-07-10 01:53:29.686 TX chassis mode=ERROR vx=+0.000 vy=+0.000 wz=+0.000 frame=55 aa 10 0c 00 00 00 00 00 00 00 00 00 00 00 00 1b
2026-07-10 01:53:29.699 RX arm_feedback state=0 end=(-0.0008,-0.0000,0.3182) theta1=-3.1372 frame=55 aa 86 11 00 74 fd 4b ba 69 06 65 b6 27 e5 a2 3e 00 c8 48 c0 52
2026-07-10 01:53:29.702 TX chassis mode=ERROR vx=+0.000 vy=+0.000 wz=+0.000 frame=55 aa 10 0c 00 00 00 00 00 00 00 00 00 00 00 00 1b
2026-07-10 01:53:29.724 RX arm_feedback state=0 end=(-0.0008,-0.0000,0.3182) theta1=-3.1372 frame=55 aa 86 11 00 74 fd 4b ba 69 06 65 b6 27 e5 a2 3e 00 c8 48 c0 52
2026-07-10 01:53:29.725 RX func=0x80 payload=00 00 01 00 00 00 00 00 00 00 00 00 00 00 00 00 ab 7a 02 00 frame=55 aa 80 14 00 00 01 00 00 00 00 00 00 00 00 00 00 00 00 00 ab 7a 02 00 bb
2026-07-10 01:53:29.730 TX chassis mode=ERROR vx=+0.000 vy=+0.000 wz=+0.000 frame=55 aa 10 0c 00 00 00 00 00 00 00 00 00 00 00 00 1b
2026-07-10 01:53:29.740 RX arm_feedback state=0 end=(-0.0008,-0.0000,0.3182) theta1=-3.1372 frame=55 aa 86 11 00 74 fd 4b ba 69 06 65 b6 27 e5 a2 3e 00 c8 48 c0 52
2026-07-10 01:53:29.743 TX chassis mode=ERROR vx=+0.000 vy=+0.000 wz=+0.000 frame=55 aa 10 0c 00 00 00 00 00 00 00 00 00 00 00 00 1b
2026-07-10 01:53:29.760 RX arm_feedback state=0 end=(-0.0008,-0.0000,0.3182) theta1=-3.1372 frame=55 aa 86 11 00 74 fd 4b ba 69 06 65 b6 27 e5 a2 3e 00 c8 48 c0 52
2026-07-10 01:53:29.762 TX chassis mode=ERROR vx=+0.000 vy=+0.000 wz=+0.000 frame=55 aa 10 0c 00 00 00 00 00 00 00 00 00 00 00 00 1b
2026-07-10 01:53:29.779 RX arm_feedback state=0 end=(-0.0008,-0.0000,0.3182) theta1=-3.1372 frame=55 aa 86 11 00 74 fd 4b ba 69 06 65 b6 27 e5 a2 3e 00 c8 48 c0 52
2026-07-10 01:53:29.783 TX mode:ERROR frame=55 aa 15 01 04 19
2026-07-10 01:53:29.784 TX chassis mode=ERROR vx=+0.000 vy=+0.000 wz=+0.000 frame=55 aa 10 0c 00 00 00 00 00 00 00 00 00 00 00 00 1b
2026-07-10 01:53:29.802 RX func=0x81 payload=0b 00 01 01 94 2d 2c 3b 70 45 e7 bd frame=55 aa 81 0c 0b 00 01 01 94 2d 2c 3b 70 45 e7 bd 1a
2026-07-10 01:53:29.803 RX arm_feedback state=0 end=(-0.0008,-0.0000,0.3182) theta1=-3.1372 frame=55 aa 86 11 00 74 fd 4b ba 69 06 65 b6 27 e5 a2 3e 00 c8 48 c0 52
2026-07-10 01:53:29.806 TX chassis mode=ERROR vx=+0.000 vy=+0.000 wz=+0.000 frame=55 aa 10 0c 00 00 00 00 00 00 00 00 00 00 00 00 1b
2026-07-10 01:53:29.820 RX arm_feedback state=0 end=(-0.0008,-0.0000,0.3182) theta1=-3.1372 frame=55 aa 86 11 00 74 fd 4b ba 69 06 65 b6 27 e5 a2 3e 00 c8 48 c0 52
2026-07-10 01:53:29.821 TX chassis mode=ERROR vx=+0.000 vy=+0.000 wz=+0.000 frame=55 aa 10 0c 00 00 00 00 00 00 00 00 00 00 00 00 1b
2026-07-10 01:53:29.845 RX func=0x80 payload=00 00 01 00 00 00 00 00 00 00 00 00 00 00 00 00 0f 7b 02 00 frame=55 aa 80 14 00 00 01 00 00 00 00 00 00 00 00 00 00 00 00 00 0f 7b 02 00 20
2026-07-10 01:53:29.849 RX arm_feedback state=0 end=(-0.0008,-0.0000,0.3182) theta1=-3.1372 frame=55 aa 86 11 00 74 fd 4b ba 69 06 65 b6 27 e5 a2 3e 00 c8 48 c0 52
2026-07-10 01:53:29.855 RX arm_feedback state=0 end=(-0.0008,-0.0000,0.3182) theta1=-3.1372 frame=55 aa 86 11 00 74 fd 4b ba 69 06 65 b6 27 e5 a2 3e 00 c8 48 c0 52
2026-07-10 01:53:29.860 TX chassis mode=ERROR vx=+0.000 vy=+0.000 wz=+0.000 frame=55 aa 10 0c 00 00 00 00 00 00 00 00 00 00 00 00 1b
2026-07-10 01:53:29.862 TX chassis mode=ERROR vx=+0.000 vy=+0.000 wz=+0.000 frame=55 aa 10 0c 00 00 00 00 00 00 00 00 00 00 00 00 1b
2026-07-10 01:53:29.880 RX arm_feedback state=0 end=(-0.0008,-0.0000,0.3182) theta1=-3.1372 frame=55 aa 86 11 00 74 fd 4b ba 69 06 65 b6 27 e5 a2 3e 00 c8 48 c0 52
2026-07-10 01:53:29.881 TX chassis mode=ERROR vx=+0.000 vy=+0.000 wz=+0.000 frame=55 aa 10 0c 00 00 00 00 00 00 00 00 00 00 00 00 1b
2026-07-10 01:53:29.899 RX arm_feedback state=0 end=(-0.0008,-0.0000,0.3182) theta1=-3.1372 frame=55 aa 86 11 00 74 fd 4b ba 69 06 65 b6 27 e5 a2 3e 00 c8 48 c0 52
2026-07-10 01:53:29.900 TX chassis mode=ERROR vx=+0.000 vy=+0.000 wz=+0.000 frame=55 aa 10 0c 00 00 00 00 00 00 00 00 00 00 00 00 1b
2026-07-10 01:53:29.919 RX arm_feedback state=0 end=(-0.0008,-0.0000,0.3182) theta1=-3.1372 frame=55 aa 86 11 00 74 fd 4b ba 69 06 65 b6 27 e5 a2 3e 00 c8 48 c0 52
2026-07-10 01:53:29.920 TX chassis mode=ERROR vx=+0.000 vy=+0.000 wz=+0.000 frame=55 aa 10 0c 00 00 00 00 00 00 00 00 00 00 00 00 1b
2026-07-10 01:53:29.939 RX func=0x80 payload=00 00 01 00 00 00 00 00 00 00 00 00 00 00 00 00 73 7b 02 00 frame=55 aa 80 14 00 00 01 00 00 00 00 00 00 00 00 00 00 00 00 00 73 7b 02 00 84
2026-07-10 01:53:29.940 RX arm_feedback state=0 end=(-0.0008,-0.0000,0.3182) theta1=-3.1372 frame=55 aa 86 11 00 74 fd 4b ba 69 06 65 b6 27 e5 a2 3e 00 c8 48 c0 52
2026-07-10 01:53:29.941 TX chassis mode=ERROR vx=+0.000 vy=+0.000 wz=+0.000 frame=55 aa 10 0c 00 00 00 00 00 00 00 00 00 00 00 00 1b
2026-07-10 01:53:29.960 RX arm_feedback state=0 end=(-0.0008,-0.0000,0.3182) theta1=-3.1372 frame=55 aa 86 11 00 74 fd 4b ba 69 06 65 b6 27 e5 a2 3e 00 c8 48 c0 52
2026-07-10 01:53:29.962 TX chassis mode=ERROR vx=+0.000 vy=+0.000 wz=+0.000 frame=55 aa 10 0c 00 00 00 00 00 00 00 00 00 00 00 00 1b
2026-07-10 01:53:29.979 RX arm_feedback state=0 end=(-0.0008,-0.0000,0.3182) theta1=-3.1372 frame=55 aa 86 11 00 74 fd 4b ba 69 06 65 b6 27 e5 a2 3e 00 c8 48 c0 52
2026-07-10 01:53:29.980 TX chassis mode=ERROR vx=+0.000 vy=+0.000 wz=+0.000 frame=55 aa 10 0c 00 00 00 00 00 00 00 00 00 00 00 00 1b
2026-07-10 01:53:29.999 RX func=0x81 payload=0c 00 00 03 00 c8 48 c0 00 00 00 00 frame=55 aa 81 0c 0c 00 00 03 00 c8 48 c0 00 00 00 00 6b
2026-07-10 01:53:30.003 RX arm_feedback state=0 end=(-0.0008,-0.0000,0.3182) theta1=-3.1372 frame=55 aa 86 11 00 74 fd 4b ba 69 06 65 b6 27 e5 a2 3e 00 c8 48 c0 52
2026-07-10 01:53:30.004 TX mode:ERROR frame=55 aa 15 01 04 19
2026-07-10 01:53:30.006 TX chassis mode=ERROR vx=+0.000 vy=+0.000 wz=+0.000 frame=55 aa 10 0c 00 00 00 00 00 00 00 00 00 00 00 00 1b
2026-07-10 01:53:30.019 RX arm_feedback state=0 end=(-0.0008,-0.0000,0.3182) theta1=-3.1372 frame=55 aa 86 11 00 74 fd 4b ba 69 06 65 b6 27 e5 a2 3e 00 c8 48 c0 52
2026-07-10 01:53:30.020 TX chassis mode=ERROR vx=+0.000 vy=+0.000 wz=+0.000 frame=55 aa 10 0c 00 00 00 00 00 00 00 00 00 00 00 00 1b
2026-07-10 01:53:30.040 RX func=0x80 payload=00 00 01 00 00 00 00 00 00 00 00 00 00 00 00 00 d7 7b 02 00 frame=55 aa 80 14 00 00 01 00 00 00 00 00 00 00 00 00 00 00 00 00 d7 7b 02 00 e8
2026-07-10 01:53:30.042 RX arm_feedback state=0 end=(-0.0008,-0.0000,0.3182) theta1=-3.1372 frame=55 aa 86 11 00 74 fd 4b ba 69 06 65 b6 27 e5 a2 3e 00 c8 48 c0 52
2026-07-10 01:53:30.046 TX chassis mode=ERROR vx=+0.000 vy=+0.000 wz=+0.000 frame=55 aa 10 0c 00 00 00 00 00 00 00 00 00 00 00 00 1b
2026-07-10 01:53:30.062 RX arm_feedback state=0 end=(-0.0008,-0.0000,0.3182) theta1=-3.1372 frame=55 aa 86 11 00 74 fd 4b ba 69 06 65 b6 27 e5 a2 3e 00 c8 48 c0 52
2026-07-10 01:53:30.080 TX chassis mode=ERROR vx=+0.000 vy=+0.000 wz=+0.000 frame=55 aa 10 0c 00 00 00 00 00 00 00 00 00 00 00 00 1b
2026-07-10 01:53:30.084 RX arm_feedback state=0 end=(-0.0008,-0.0000,0.3182) theta1=-3.1372 frame=55 aa 86 11 00 74 fd 4b ba 69 06 65 b6 27 e5 a2 3e 00 c8 48 c0 52
2026-07-10 01:53:30.093 TX chassis mode=ERROR vx=+0.000 vy=+0.000 wz=+0.000 frame=55 aa 10 0c 00 00 00 00 00 00 00 00 00 00 00 00 1b
2026-07-10 01:53:30.120 RX arm_feedback state=0 end=(-0.0008,-0.0000,0.3182) theta1=-3.1372 frame=55 aa 86 11 00 74 fd 4b ba 69 06 65 b6 27 e5 a2 3e 00 c8 48 c0 52
2026-07-10 01:53:30.133 RX arm_feedback state=0 end=(-0.0008,-0.0000,0.3182) theta1=-3.1372 frame=55 aa 86 11 00 74 fd 4b ba 69 06 65 b6 27 e5 a2 3e 00 c8 48 c0 52
2026-07-10 01:53:30.157 TX chassis mode=ERROR vx=+0.000 vy=+0.000 wz=+0.000 frame=55 aa 10 0c 00 00 00 00 00 00 00 00 00 00 00 00 1b
2026-07-10 01:53:30.173 RX func=0x80 payload=00 00 01 00 00 00 00 00 00 00 00 00 00 00 00 00 3b 7c 02 00 frame=55 aa 80 14 00 00 01 00 00 00 00 00 00 00 00 00 00 00 00 00 3b 7c 02 00 4d
2026-07-10 01:53:30.187 RX arm_feedback state=0 end=(-0.0008,-0.0000,0.3182) theta1=-3.1372 frame=55 aa 86 11 00 74 fd 4b ba 69 06 65 b6 27 e5 a2 3e 00 c8 48 c0 52
2026-07-10 01:53:30.222 RX arm_feedback state=0 end=(-0.0008,-0.0000,0.3182) theta1=-3.1372 frame=55 aa 86 11 00 74 fd 4b ba 69 06 65 b6 27 e5 a2 3e 00 c8 48 c0 52
2026-07-10 01:53:30.246 RX arm_feedback state=0 end=(-0.0008,-0.0000,0.3182) theta1=-3.1372 frame=55 aa 86 11 00 74 fd 4b ba 69 06 65 b6 27 e5 a2 3e 00 c8 48 c0 52
2026-07-10 01:53:30.257 TX chassis mode=ERROR vx=+0.000 vy=+0.000 wz=+0.000 frame=55 aa 10 0c 00 00 00 00 00 00 00 00 00 00 00 00 1b
2026-07-10 01:53:30.272 RX func=0x81 payload=0d 00 00 03 00 9f 6c 3f 00 00 a0 bb frame=55 aa 81 0c 0d 00 00 03 00 9f 6c 3f 00 00 a0 bb 41
2026-07-10 01:53:30.296 RX arm_feedback state=0 end=(-0.0008,-0.0000,0.3182) theta1=-3.1372 frame=55 aa 86 11 00 74 fd 4b ba 69 06 65 b6 27 e5 a2 3e 00 c8 48 c0 52
2026-07-10 01:53:30.301 RX arm_feedback state=0 end=(-0.0008,-0.0000,0.3182) theta1=-3.1372 frame=55 aa 86 11 00 74 fd 4b ba 69 06 65 b6 27 e5 a2 3e 00 c8 48 c0 52
2026-07-10 01:53:30.326 RX func=0x80 payload=00 00 01 00 00 00 00 00 00 00 00 00 00 00 00 00 9f 7c 02 00 frame=55 aa 80 14 00 00 01 00 00 00 00 00 00 00 00 00 00 00 00 00 9f 7c 02 00 b1
2026-07-10 01:53:30.342 RX arm_feedback state=0 end=(-0.0008,-0.0000,0.3182) theta1=-3.1372 frame=55 aa 86 11 00 74 fd 4b ba 69 06 65 b6 27 e5 a2 3e 00 c8 48 c0 52
2026-07-10 01:53:30.356 RX arm_feedback state=0 end=(-0.0008,-0.0000,0.3182) theta1=-3.1372 frame=55 aa 86 11 00 74 fd 4b ba 69 06 65 b6 27 e5 a2 3e 00 c8 48 c0 52
2026-07-10 01:53:30.378 RX arm_feedback state=0 end=(-0.0008,-0.0000,0.3182) theta1=-3.1372 frame=55 aa 86 11 00 74 fd 4b ba 69 06 65 b6 27 e5 a2 3e 00 c8 48 c0 52
2026-07-10 01:53:30.383 TX mode:ERROR frame=55 aa 15 01 04 19
2026-07-10 01:53:30.383 TX chassis mode=ERROR vx=+0.000 vy=+0.000 wz=+0.000 frame=55 aa 10 0c 00 00 00 00 00 00 00 00 00 00 00 00 1b
2026-07-10 01:53:30.400 RX arm_feedback state=0 end=(-0.0008,-0.0000,0.3182) theta1=-3.1372 frame=55 aa 86 11 00 74 fd 4b ba 69 06 65 b6 27 e5 a2 3e 00 c8 48 c0 52
2026-07-10 01:53:30.408 RX arm_feedback state=0 end=(-0.0008,-0.0000,0.3182) theta1=-3.1372 frame=55 aa 86 11 00 74 fd 4b ba 69 06 65 b6 27 e5 a2 3e 00 c8 48 c0 52
2026-07-10 01:53:30.409 RX func=0x80 payload=00 00 01 00 00 00 00 00 00 00 00 00 00 00 00 00 03 7d 02 00 frame=55 aa 80 14 00 00 01 00 00 00 00 00 00 00 00 00 00 00 00 00 03 7d 02 00 16
2026-07-10 01:53:30.413 RX arm_feedback state=0 end=(-0.0008,-0.0000,0.3182) theta1=-3.1372 frame=55 aa 86 11 00 74 fd 4b ba 69 06 65 b6 27 e5 a2 3e 00 c8 48 c0 52
2026-07-10 01:53:30.414 RX arm_feedback state=0 end=(-0.0008,-0.0000,0.3182) theta1=-3.1372 frame=55 aa 86 11 00 74 fd 4b ba 69 06 65 b6 27 e5 a2 3e 00 c8 48 c0 52
2026-07-10 01:53:30.416 RX arm_feedback state=0 end=(-0.0008,-0.0000,0.3182) theta1=-3.1372 frame=55 aa 86 11 00 74 fd 4b ba 69 06 65 b6 27 e5 a2 3e 00 c8 48 c0 52
2026-07-10 01:53:30.422 RX func=0x81 payload=0e 00 00 03 00 4e bb be 00 00 a0 bb frame=55 aa 81 0c 0e 00 00 03 00 4e bb be 00 00 a0 bb bf
2026-07-10 01:53:30.438 RX arm_feedback state=0 end=(-0.0008,-0.0000,0.3182) theta1=-3.1372 frame=55 aa 86 11 00 74 fd 4b ba 69 06 65 b6 27 e5 a2 3e 00 c8 48 c0 52
2026-07-10 01:53:30.441 TX chassis mode=ERROR vx=+0.000 vy=+0.000 wz=+0.000 frame=55 aa 10 0c 00 00 00 00 00 00 00 00 00 00 00 00 1b
2026-07-10 01:53:30.451 RX arm_feedback state=0 end=(-0.0008,-0.0000,0.3182) theta1=-3.1372 frame=55 aa 86 11 00 74 fd 4b ba 69 06 65 b6 27 e5 a2 3e 00 c8 48 c0 52
2026-07-10 01:53:30.451 RX func=0x80 payload=00 00 01 00 00 00 00 00 00 00 00 00 00 00 00 00 67 7d 02 00 frame=55 aa 80 14 00 00 01 00 00 00 00 00 00 00 00 00 00 00 00 00 67 7d 02 00 7a
2026-07-10 01:53:30.452 RX arm_feedback state=0 end=(-0.0008,-0.0000,0.3182) theta1=-3.1372 frame=55 aa 86 11 00 74 fd 4b ba 69 06 65 b6 27 e5 a2 3e 00 c8 48 c0 52
2026-07-10 01:53:30.453 TX chassis mode=ERROR vx=+0.000 vy=+0.000 wz=+0.000 frame=55 aa 10 0c 00 00 00 00 00 00 00 00 00 00 00 00 1b
2026-07-10 01:53:30.459 RX arm_feedback state=0 end=(-0.0008,-0.0000,0.3182) theta1=-3.1372 frame=55 aa 86 11 00 74 fd 4b ba 69 06 65 b6 27 e5 a2 3e 00 c8 48 c0 52
2026-07-10 01:53:30.460 TX chassis mode=ERROR vx=+0.000 vy=+0.000 wz=+0.000 frame=55 aa 10 0c 00 00 00 00 00 00 00 00 00 00 00 00 1b
2026-07-10 01:53:30.480 RX arm_feedback state=0 end=(-0.0008,-0.0000,0.3182) theta1=-3.1372 frame=55 aa 86 11 00 74 fd 4b ba 69 06 65 b6 27 e5 a2 3e 00 c8 48 c0 52
2026-07-10 01:53:30.481 TX mode:ERROR frame=55 aa 15 01 04 19
2026-07-10 01:53:30.481 TX chassis mode=ERROR vx=+0.000 vy=+0.000 wz=+0.000 frame=55 aa 10 0c 00 00 00 00 00 00 00 00 00 00 00 00 1b
2026-07-10 01:53:30.499 RX arm_feedback state=0 end=(-0.0008,-0.0000,0.3182) theta1=-3.1372 frame=55 aa 86 11 00 74 fd 4b ba 69 06 65 b6 27 e5 a2 3e 00 c8 48 c0 52
2026-07-10 01:53:30.500 TX chassis mode=ERROR vx=+0.000 vy=+0.000 wz=+0.000 frame=55 aa 10 0c 00 00 00 00 00 00 00 00 00 00 00 00 1b
2026-07-10 01:53:30.519 RX arm_feedback state=0 end=(-0.0008,-0.0000,0.3182) theta1=-3.1372 frame=55 aa 86 11 00 74 fd 4b ba 69 06 65 b6 27 e5 a2 3e 00 c8 48 c0 52
2026-07-10 01:53:30.520 TX chassis mode=ERROR vx=+0.000 vy=+0.000 wz=+0.000 frame=55 aa 10 0c 00 00 00 00 00 00 00 00 00 00 00 00 1b
2026-07-10 01:53:30.544 RX func=0x80 payload=00 00 01 00 00 00 00 00 00 00 00 00 00 00 00 00 cb 7d 02 00 frame=55 aa 80 14 00 00 01 00 00 00 00 00 00 00 00 00 00 00 00 00 cb 7d 02 00 de
2026-07-10 01:53:30.547 RX arm_feedback state=0 end=(-0.0008,-0.0000,0.3182) theta1=-3.1372 frame=55 aa 86 11 00 74 fd 4b ba 69 06 65 b6 27 e5 a2 3e 00 c8 48 c0 52
2026-07-10 01:53:30.550 TX chassis mode=ERROR vx=+0.000 vy=+0.000 wz=+0.000 frame=55 aa 10 0c 00 00 00 00 00 00 00 00 00 00 00 00 1b
2026-07-10 01:53:30.560 RX arm_feedback state=0 end=(-0.0008,-0.0000,0.3182) theta1=-3.1372 frame=55 aa 86 11 00 74 fd 4b ba 69 06 65 b6 27 e5 a2 3e 00 c8 48 c0 52
2026-07-10 01:53:30.566 TX chassis mode=ERROR vx=+0.000 vy=+0.000 wz=+0.000 frame=55 aa 10 0c 00 00 00 00 00 00 00 00 00 00 00 00 1b
2026-07-10 01:53:30.579 RX arm_feedback state=0 end=(-0.0008,-0.0000,0.3182) theta1=-3.1372 frame=55 aa 86 11 00 74 fd 4b ba 69 06 65 b6 27 e5 a2 3e 00 c8 48 c0 52
2026-07-10 01:53:30.581 TX chassis mode=ERROR vx=+0.000 vy=+0.000 wz=+0.000 frame=55 aa 10 0c 00 00 00 00 00 00 00 00 00 00 00 00 1b
2026-07-10 01:53:30.600 RX func=0x81 payload=0f 00 00 03 00 6c e8 bf 00 00 00 00 frame=55 aa 81 0c 0f 00 00 03 00 6c e8 bf 00 00 00 00 b1
2026-07-10 01:53:30.610 RX arm_feedback state=0 end=(-0.0008,-0.0000,0.3182) theta1=-3.1372 frame=55 aa 86 11 00 74 fd 4b ba 69 06 65 b6 27 e5 a2 3e 00 c8 48 c0 52
2026-07-10 01:53:30.622 TX chassis mode=ERROR vx=+0.000 vy=+0.000 wz=+0.000 frame=55 aa 10 0c 00 00 00 00 00 00 00 00 00 00 00 00 1b
2026-07-10 01:53:30.648 RX arm_feedback state=0 end=(-0.0008,-0.0000,0.3182) theta1=-3.1372 frame=55 aa 86 11 00 74 fd 4b ba 69 06 65 b6 27 e5 a2 3e 00 c8 48 c0 52
2026-07-10 01:53:30.653 RX func=0x80 payload=00 00 01 00 00 00 00 00 00 00 00 00 00 00 00 00 2f 7e 02 00 frame=55 aa 80 14 00 00 01 00 00 00 00 00 00 00 00 00 00 00 00 00 2f 7e 02 00 43
2026-07-10 01:53:30.693 RX arm_feedback state=0 end=(-0.0008,-0.0000,0.3182) theta1=-3.1372 frame=55 aa 86 11 00 74 fd 4b ba 69 06 65 b6 27 e5 a2 3e 00 c8 48 c0 52
2026-07-10 01:53:30.707 TX chassis mode=ERROR vx=+0.000 vy=+0.000 wz=+0.000 frame=55 aa 10 0c 00 00 00 00 00 00 00 00 00 00 00 00 1b
2026-07-10 01:53:30.717 RX arm_feedback state=0 end=(-0.0008,-0.0000,0.3182) theta1=-3.1372 frame=55 aa 86 11 00 74 fd 4b ba 69 06 65 b6 27 e5 a2 3e 00 c8 48 c0 52
2026-07-10 01:53:30.732 RX arm_feedback state=0 end=(-0.0008,-0.0000,0.3182) theta1=-3.1372 frame=55 aa 86 11 00 74 fd 4b ba 69 06 65 b6 27 e5 a2 3e 00 c8 48 c0 52
2026-07-10 01:53:30.754 RX arm_feedback state=0 end=(-0.0008,-0.0000,0.3182) theta1=-3.1372 frame=55 aa 86 11 00 74 fd 4b ba 69 06 65 b6 27 e5 a2 3e 00 c8 48 c0 52
2026-07-10 01:53:30.761 RX arm_feedback state=0 end=(-0.0008,-0.0000,0.3182) theta1=-3.1372 frame=55 aa 86 11 00 74 fd 4b ba 69 06 65 b6 27 e5 a2 3e 00 c8 48 c0 52
2026-07-10 01:53:30.786 TX mode:ERROR frame=55 aa 15 01 04 19
2026-07-10 01:53:30.786 TX chassis mode=ERROR vx=+0.000 vy=+0.000 wz=+0.000 frame=55 aa 10 0c 00 00 00 00 00 00 00 00 00 00 00 00 1b
2026-07-10 01:53:30.794 RX func=0x80 payload=00 00 01 00 00 00 00 00 00 00 00 00 00 00 00 00 93 7e 02 00 frame=55 aa 80 14 00 00 01 00 00 00 00 00 00 00 00 00 00 00 00 00 93 7e 02 00 a7
2026-07-10 01:53:30.810 RX arm_feedback state=0 end=(-0.0008,-0.0000,0.3182) theta1=-3.1372 frame=55 aa 86 11 00 74 fd 4b ba 69 06 65 b6 27 e5 a2 3e 00 c8 48 c0 52
2026-07-10 01:53:30.824 RX arm_feedback state=0 end=(-0.0008,-0.0000,0.3182) theta1=-3.1372 frame=55 aa 86 11 00 74 fd 4b ba 69 06 65 b6 27 e5 a2 3e 00 c8 48 c0 52
2026-07-10 01:53:30.831 RX arm_feedback state=0 end=(-0.0008,-0.0000,0.3182) theta1=-3.1372 frame=55 aa 86 11 00 74 fd 4b ba 69 06 65 b6 27 e5 a2 3e 00 c8 48 c0 52
2026-07-10 01:53:30.835 RX arm_feedback state=0 end=(-0.0008,-0.0000,0.3182) theta1=-3.1372 frame=55 aa 86 11 00 74 fd 4b ba 69 06 65 b6 27 e5 a2 3e 00 c8 48 c0 52
2026-07-10 01:53:30.841 TX chassis mode=ERROR vx=+0.000 vy=+0.000 wz=+0.000 frame=55 aa 10 0c 00 00 00 00 00 00 00 00 00 00 00 00 1b
2026-07-10 01:53:30.846 RX arm_feedback state=0 end=(-0.0008,-0.0000,0.3182) theta1=-3.1372 frame=55 aa 86 11 00 74 fd 4b ba 69 06 65 b6 27 e5 a2 3e 00 c8 48 c0 52
2026-07-10 01:53:30.852 RX func=0x80 payload=00 00 01 00 00 00 00 00 00 00 00 00 00 00 00 00 f7 7e 02 00 frame=55 aa 80 14 00 00 01 00 00 00 00 00 00 00 00 00 00 00 00 00 f7 7e 02 00 0b
2026-07-10 01:53:30.870 RX arm_feedback state=0 end=(-0.0008,-0.0000,0.3182) theta1=-3.1372 frame=55 aa 86 11 00 74 fd 4b ba 69 06 65 b6 27 e5 a2 3e 00 c8 48 c0 52
2026-07-10 01:53:30.872 TX chassis mode=ERROR vx=+0.000 vy=+0.000 wz=+0.000 frame=55 aa 10 0c 00 00 00 00 00 00 00 00 00 00 00 00 1b
2026-07-10 01:53:30.879 RX arm_feedback state=0 end=(-0.0008,-0.0000,0.3182) theta1=-3.1372 frame=55 aa 86 11 00 74 fd 4b ba 69 06 65 b6 27 e5 a2 3e 00 c8 48 c0 52
2026-07-10 01:53:30.901 RX arm_feedback state=0 end=(-0.0008,-0.0000,0.3182) theta1=-3.1372 frame=55 aa 86 11 00 74 fd 4b ba 69 06 65 b6 27 e5 a2 3e 00 c8 48 c0 52
2026-07-10 01:53:30.913 TX chassis mode=ERROR vx=+0.000 vy=+0.000 wz=+0.000 frame=55 aa 10 0c 00 00 00 00 00 00 00 00 00 00 00 00 1b
2026-07-10 01:53:30.932 RX arm_feedback state=0 end=(-0.0008,-0.0000,0.3182) theta1=-3.1372 frame=55 aa 86 11 00 74 fd 4b ba 69 06 65 b6 27 e5 a2 3e 00 c8 48 c0 52
2026-07-10 01:53:30.951 RX arm_feedback state=0 end=(-0.0008,-0.0000,0.3182) theta1=-3.1372 frame=55 aa 86 11 00 74 fd 4b ba 69 06 65 b6 27 e5 a2 3e 00 c8 48 c0 52
2026-07-10 01:53:30.970 RX func=0x80 payload=00 00 01 00 00 00 00 00 00 00 00 00 00 00 00 00 5b 7f 02 00 frame=55 aa 80 14 00 00 01 00 00 00 00 00 00 00 00 00 00 00 00 00 5b 7f 02 00 70
2026-07-10 01:53:30.990 RX arm_feedback state=0 end=(-0.0008,-0.0000,0.3182) theta1=-3.1372 frame=55 aa 86 11 00 74 fd 4b ba 69 06 65 b6 27 e5 a2 3e 00 c8 48 c0 52
2026-07-10 01:53:31.007 TX mode:ERROR frame=55 aa 15 01 04 19
2026-07-10 01:53:31.018 TX chassis mode=ERROR vx=+0.000 vy=+0.000 wz=+0.000 frame=55 aa 10 0c 00 00 00 00 00 00 00 00 00 00 00 00 1b
2026-07-10 01:53:31.031 RX arm_feedback state=0 end=(-0.0008,-0.0000,0.3182) theta1=-3.1372 frame=55 aa 86 11 00 74 fd 4b ba 69 06 65 b6 27 e5 a2 3e 00 c8 48 c0 52
2026-07-10 01:53:31.044 RX arm_feedback state=0 end=(-0.0008,-0.0000,0.3182) theta1=-3.1372 frame=55 aa 86 11 00 74 fd 4b ba 69 06 65 b6 27 e5 a2 3e 00 c8 48 c0 52
2026-07-10 01:53:31.057 RX arm_feedback state=0 end=(-0.0008,-0.0000,0.3182) theta1=-3.1372 frame=55 aa 86 11 00 74 fd 4b ba 69 06 65 b6 27 e5 a2 3e 00 c8 48 c0 52
2026-07-10 01:53:31.087 RX arm_feedback state=0 end=(-0.0008,-0.0000,0.3182) theta1=-3.1372 frame=55 aa 86 11 00 74 fd 4b ba 69 06 65 b6 27 e5 a2 3e 00 c8 48 c0 52
2026-07-10 01:53:31.096 RX func=0x80 payload=00 00 01 00 00 00 00 00 00 00 00 00 00 00 00 00 bf 7f 02 00 frame=55 aa 80 14 00 00 01 00 00 00 00 00 00 00 00 00 00 00 00 00 bf 7f 02 00 d4
2026-07-10 01:53:31.111 TX chassis mode=ERROR vx=+0.000 vy=+0.000 wz=+0.000 frame=55 aa 10 0c 00 00 00 00 00 00 00 00 00 00 00 00 1b
2026-07-10 01:53:31.117 RX arm_feedback state=0 end=(-0.0008,-0.0000,0.3182) theta1=-3.1372 frame=55 aa 86 11 00 74 fd 4b ba 69 06 65 b6 27 e5 a2 3e 00 c8 48 c0 52
2026-07-10 01:53:31.121 RX arm_feedback state=0 end=(-0.0008,-0.0000,0.3182) theta1=-3.1372 frame=55 aa 86 11 00 74 fd 4b ba 69 06 65 b6 27 e5 a2 3e 00 c8 48 c0 52
2026-07-10 01:53:31.149 RX arm_feedback state=0 end=(-0.0008,-0.0000,0.3182) theta1=-3.1372 frame=55 aa 86 11 00 74 fd 4b ba 69 06 65 b6 27 e5 a2 3e 00 c8 48 c0 52
2026-07-10 01:53:31.151 RX arm_feedback state=0 end=(-0.0008,-0.0000,0.3182) theta1=-3.1372 frame=55 aa 86 11 00 74 fd 4b ba 69 06 65 b6 27 e5 a2 3e 00 c8 48 c0 52
2026-07-10 01:53:31.182 RX arm_feedback state=0 end=(-0.0008,-0.0000,0.3182) theta1=-3.1372 frame=55 aa 86 11 00 74 fd 4b ba 69 06 65 b6 27 e5 a2 3e 00 c8 48 c0 52
2026-07-10 01:53:31.204 TX chassis mode=ERROR vx=+0.000 vy=+0.000 wz=+0.000 frame=55 aa 10 0c 00 00 00 00 00 00 00 00 00 00 00 00 1b
2026-07-10 01:53:31.222 RX func=0x80 payload=00 00 01 00 00 00 00 00 00 00 00 00 00 00 00 00 23 80 02 00 frame=55 aa 80 14 00 00 01 00 00 00 00 00 00 00 00 00 00 00 00 00 23 80 02 00 39
2026-07-10 01:53:31.247 RX arm_feedback state=0 end=(-0.0008,-0.0000,0.3182) theta1=-3.1372 frame=55 aa 86 11 00 74 fd 4b ba 69 06 65 b6 27 e5 a2 3e 00 c8 48 c0 52
2026-07-10 01:53:31.264 RX arm_feedback state=0 end=(-0.0008,-0.0000,0.3182) theta1=-3.1372 frame=55 aa 86 11 00 74 fd 4b ba 69 06 65 b6 27 e5 a2 3e 00 c8 48 c0 52
2026-07-10 01:53:31.272 RX arm_feedback state=0 end=(-0.0008,-0.0000,0.3182) theta1=-3.1372 frame=55 aa 86 11 00 74 fd 4b ba 69 06 65 b6 27 e5 a2 3e 00 c8 48 c0 52
2026-07-10 01:53:31.273 RX func=0x81 payload=00 00 00 02 e6 7c 41 bf 73 94 3e 3c frame=55 aa 81 0c 00 00 00 02 e6 7c 41 bf 73 94 3e 3c 71
2026-07-10 01:53:31.284 RX arm_feedback state=0 end=(-0.0008,-0.0000,0.3182) theta1=-3.1372 frame=55 aa 86 11 00 74 fd 4b ba 69 06 65 b6 27 e5 a2 3e 00 c8 48 c0 52
2026-07-10 01:53:31.299 RX arm_feedback state=0 end=(-0.0008,-0.0000,0.3182) theta1=-3.1372 frame=55 aa 86 11 00 74 fd 4b ba 69 06 65 b6 27 e5 a2 3e 00 c8 48 c0 52
2026-07-10 01:53:31.311 TX mode:ERROR frame=55 aa 15 01 04 19
2026-07-10 01:53:31.313 TX chassis mode=ERROR vx=+0.000 vy=+0.000 wz=+0.000 frame=55 aa 10 0c 00 00 00 00 00 00 00 00 00 00 00 00 1b
2026-07-10 01:53:31.326 RX func=0x80 payload=00 00 01 00 00 00 00 00 00 00 00 00 00 00 00 00 87 80 02 00 frame=55 aa 80 14 00 00 01 00 00 00 00 00 00 00 00 00 00 00 00 00 87 80 02 00 9d
2026-07-10 01:53:31.327 RX arm_feedback state=0 end=(-0.0008,-0.0000,0.3182) theta1=-3.1372 frame=55 aa 86 11 00 74 fd 4b ba 69 06 65 b6 27 e5 a2 3e 00 c8 48 c0 52
2026-07-10 01:53:31.336 RX arm_feedback state=0 end=(-0.0008,-0.0000,0.3182) theta1=-3.1372 frame=55 aa 86 11 00 74 fd 4b ba 69 06 65 b6 27 e5 a2 3e 00 c8 48 c0 52
2026-07-10 01:53:31.347 RX arm_feedback state=0 end=(-0.0008,-0.0000,0.3182) theta1=-3.1372 frame=55 aa 86 11 00 74 fd 4b ba 69 06 65 b6 27 e5 a2 3e 00 c8 48 c0 52
2026-07-10 01:53:31.360 RX arm_feedback state=0 end=(-0.0008,-0.0000,0.3182) theta1=-3.1372 frame=55 aa 86 11 00 74 fd 4b ba 69 06 65 b6 27 e5 a2 3e 00 c8 48 c0 52
2026-07-10 01:53:31.372 RX arm_feedback state=0 end=(-0.0008,-0.0000,0.3182) theta1=-3.1372 frame=55 aa 86 11 00 74 fd 4b ba 69 06 65 b6 27 e5 a2 3e 00 c8 48 c0 52
2026-07-10 01:53:31.374 RX func=0x80 payload=00 00 01 00 00 00 00 00 00 00 00 00 00 00 00 00 eb 80 02 00 frame=55 aa 80 14 00 00 01 00 00 00 00 00 00 00 00 00 00 00 00 00 eb 80 02 00 01
2026-07-10 01:53:31.379 RX arm_feedback state=0 end=(-0.0008,-0.0000,0.3182) theta1=-3.1372 frame=55 aa 86 11 00 74 fd 4b ba 69 06 65 b6 27 e5 a2 3e 00 c8 48 c0 52
2026-07-10 01:53:31.384 TX chassis mode=ERROR vx=+0.000 vy=+0.000 wz=+0.000 frame=55 aa 10 0c 00 00 00 00 00 00 00 00 00 00 00 00 1b
2026-07-10 01:53:31.392 RX arm_feedback state=0 end=(-0.0008,-0.0000,0.3182) theta1=-3.1372 frame=55 aa 86 11 00 74 fd 4b ba 69 06 65 b6 27 e5 a2 3e 00 c8 48 c0 52
2026-07-10 01:53:31.396 RX arm_feedback state=0 end=(-0.0008,-0.0000,0.3182) theta1=-3.1372 frame=55 aa 86 11 00 74 fd 4b ba 69 06 65 b6 27 e5 a2 3e 00 c8 48 c0 52
2026-07-10 01:53:31.397 RX func=0x81 payload=01 00 00 02 ce 1d 07 c0 27 76 4e 3d frame=55 aa 81 0c 01 00 00 02 ce 1d 07 c0 27 76 4e 3d 69
2026-07-10 01:53:31.405 RX arm_feedback state=0 end=(-0.0008,-0.0000,0.3182) theta1=-3.1372 frame=55 aa 86 11 00 74 fd 4b ba 69 06 65 b6 27 e5 a2 3e 00 c8 48 c0 52
2026-07-10 01:53:31.412 TX chassis mode=ERROR vx=+0.000 vy=+0.000 wz=+0.000 frame=55 aa 10 0c 00 00 00 00 00 00 00 00 00 00 00 00 1b
2026-07-10 01:53:31.420 RX arm_feedback state=0 end=(-0.0008,-0.0000,0.3182) theta1=-3.1372 frame=55 aa 86 11 00 74 fd 4b ba 69 06 65 b6 27 e5 a2 3e 00 c8 48 c0 52
2026-07-10 01:53:31.427 TX mode:ERROR frame=55 aa 15 01 04 19
2026-07-10 01:53:31.439 TX chassis mode=ERROR vx=+0.000 vy=+0.000 wz=+0.000 frame=55 aa 10 0c 00 00 00 00 00 00 00 00 00 00 00 00 1b
2026-07-10 01:53:31.441 RX func=0x80 payload=00 00 01 00 00 00 00 00 00 00 00 00 00 00 00 00 4f 81 02 00 frame=55 aa 80 14 00 00 01 00 00 00 00 00 00 00 00 00 00 00 00 00 4f 81 02 00 66
2026-07-10 01:53:31.455 RX arm_feedback state=0 end=(-0.0008,-0.0000,0.3182) theta1=-3.1372 frame=55 aa 86 11 00 74 fd 4b ba 69 06 65 b6 27 e5 a2 3e 00 c8 48 c0 52
2026-07-10 01:53:31.460 TX chassis mode=ERROR vx=+0.000 vy=+0.000 wz=+0.000 frame=55 aa 10 0c 00 00 00 00 00 00 00 00 00 00 00 00 1b
2026-07-10 01:53:31.463 RX arm_feedback state=0 end=(-0.0008,-0.0000,0.3182) theta1=-3.1372 frame=55 aa 86 11 00 74 fd 4b ba 69 06 65 b6 27 e5 a2 3e 00 c8 48 c0 52
2026-07-10 01:53:31.467 TX chassis mode=ERROR vx=+0.000 vy=+0.000 wz=+0.000 frame=55 aa 10 0c 00 00 00 00 00 00 00 00 00 00 00 00 1b
2026-07-10 01:53:31.485 RX arm_feedback state=0 end=(-0.0008,-0.0000,0.3182) theta1=-3.1372 frame=55 aa 86 11 00 74 fd 4b ba 69 06 65 b6 27 e5 a2 3e 00 c8 48 c0 52
2026-07-10 01:53:31.499 RX arm_feedback state=0 end=(-0.0008,-0.0000,0.3182) theta1=-3.1372 frame=55 aa 86 11 00 74 fd 4b ba 69 06 65 b6 27 e5 a2 3e 00 c8 48 c0 52
2026-07-10 01:53:31.521 TX chassis mode=ERROR vx=+0.000 vy=+0.000 wz=+0.000 frame=55 aa 10 0c 00 00 00 00 00 00 00 00 00 00 00 00 1b
2026-07-10 01:53:31.530 RX arm_feedback state=0 end=(-0.0008,-0.0000,0.3182) theta1=-3.1372 frame=55 aa 86 11 00 74 fd 4b ba 69 06 65 b6 27 e5 a2 3e 00 c8 48 c0 52
2026-07-10 01:53:31.553 RX func=0x80 payload=00 00 01 00 00 00 00 00 00 00 00 00 00 00 00 00 b3 81 02 00 frame=55 aa 80 14 00 00 01 00 00 00 00 00 00 00 00 00 00 00 00 00 b3 81 02 00 ca
2026-07-10 01:53:31.554 RX arm_feedback state=0 end=(-0.0008,-0.0000,0.3182) theta1=-3.1372 frame=55 aa 86 11 00 74 fd 4b ba 69 06 65 b6 27 e5 a2 3e 00 c8 48 c0 52
2026-07-10 01:53:31.580 TX chassis mode=ERROR vx=+0.000 vy=+0.000 wz=+0.000 frame=55 aa 10 0c 00 00 00 00 00 00 00 00 00 00 00 00 1b
2026-07-10 01:53:31.591 RX arm_feedback state=0 end=(-0.0008,-0.0000,0.3182) theta1=-3.1372 frame=55 aa 86 11 00 74 fd 4b ba 69 06 65 b6 27 e5 a2 3e 00 c8 48 c0 52
2026-07-10 01:53:31.603 RX arm_feedback state=0 end=(-0.0008,-0.0000,0.3182) theta1=-3.1372 frame=55 aa 86 11 00 74 fd 4b ba 69 06 65 b6 27 e5 a2 3e 00 c8 48 c0 52
2026-07-10 01:53:31.618 RX func=0x81 payload=02 00 01 01 81 6b 2e 3e 00 00 00 80 frame=55 aa 81 0c 02 00 01 01 81 6b 2e 3e 00 00 00 80 68
2026-07-10 01:53:31.632 TX chassis mode=ERROR vx=+0.000 vy=+0.000 wz=+0.000 frame=55 aa 10 0c 00 00 00 00 00 00 00 00 00 00 00 00 1b
2026-07-10 01:53:31.655 RX arm_feedback state=0 end=(-0.0008,-0.0000,0.3182) theta1=-3.1372 frame=55 aa 86 11 00 74 fd 4b ba 69 06 65 b6 27 e5 a2 3e 00 c8 48 c0 52
2026-07-10 01:53:31.678 RX arm_feedback state=0 end=(-0.0008,-0.0000,0.3182) theta1=-3.1372 frame=55 aa 86 11 00 74 fd 4b ba 69 06 65 b6 27 e5 a2 3e 00 c8 48 c0 52
2026-07-10 01:53:31.679 RX func=0x80 payload=00 00 01 00 00 00 00 00 00 00 00 00 00 00 00 00 17 82 02 00 frame=55 aa 80 14 00 00 01 00 00 00 00 00 00 00 00 00 00 00 00 00 17 82 02 00 2f
2026-07-10 01:53:31.690 RX arm_feedback state=0 end=(-0.0008,-0.0000,0.3182) theta1=-3.1372 frame=55 aa 86 11 00 74 fd 4b ba 69 06 65 b6 27 e5 a2 3e 00 c8 48 c0 52
2026-07-10 01:53:31.700 RX arm_feedback state=0 end=(-0.0008,-0.0000,0.3182) theta1=-3.1372 frame=55 aa 86 11 00 74 fd 4b ba 69 06 65 b6 27 e5 a2 3e 00 c8 48 c0 52
2026-07-10 01:53:31.701 TX mode:ERROR frame=55 aa 15 01 04 19
2026-07-10 01:53:31.702 TX chassis mode=ERROR vx=+0.000 vy=+0.000 wz=+0.000 frame=55 aa 10 0c 00 00 00 00 00 00 00 00 00 00 00 00 1b
2026-07-10 01:53:31.703 RX arm_feedback state=0 end=(-0.0008,-0.0000,0.3182) theta1=-3.1372 frame=55 aa 86 11 00 74 fd 4b ba 69 06 65 b6 27 e5 a2 3e 00 c8 48 c0 52
2026-07-10 01:53:31.704 RX arm_feedback state=0 end=(-0.0008,-0.0000,0.3182) theta1=-3.1372 frame=55 aa 86 11 00 74 fd 4b ba 69 06 65 b6 27 e5 a2 3e 00 c8 48 c0 52
2026-07-10 01:53:31.705 TX chassis mode=ERROR vx=+0.000 vy=+0.000 wz=+0.000 frame=55 aa 10 0c 00 00 00 00 00 00 00 00 00 00 00 00 1b
2026-07-10 01:53:31.720 RX arm_feedback state=0 end=(-0.0008,-0.0000,0.3182) theta1=-3.1372 frame=55 aa 86 11 00 74 fd 4b ba 69 06 65 b6 27 e5 a2 3e 00 c8 48 c0 52
2026-07-10 01:53:31.721 TX chassis mode=ERROR vx=+0.000 vy=+0.000 wz=+0.000 frame=55 aa 10 0c 00 00 00 00 00 00 00 00 00 00 00 00 1b
2026-07-10 01:53:31.739 RX func=0x80 payload=00 00 01 00 00 00 00 00 00 00 00 00 00 00 00 00 7b 82 02 00 frame=55 aa 80 14 00 00 01 00 00 00 00 00 00 00 00 00 00 00 00 00 7b 82 02 00 93
2026-07-10 01:53:31.741 RX arm_feedback state=0 end=(-0.0008,-0.0000,0.3182) theta1=-3.1372 frame=55 aa 86 11 00 74 fd 4b ba 69 06 65 b6 27 e5 a2 3e 00 c8 48 c0 52
2026-07-10 01:53:31.743 TX chassis mode=ERROR vx=+0.000 vy=+0.000 wz=+0.000 frame=55 aa 10 0c 00 00 00 00 00 00 00 00 00 00 00 00 1b
2026-07-10 01:53:31.759 RX arm_feedback state=0 end=(-0.0008,-0.0000,0.3182) theta1=-3.1372 frame=55 aa 86 11 00 74 fd 4b ba 69 06 65 b6 27 e5 a2 3e 00 c8 48 c0 52
2026-07-10 01:53:31.764 TX chassis mode=ERROR vx=+0.000 vy=+0.000 wz=+0.000 frame=55 aa 10 0c 00 00 00 00 00 00 00 00 00 00 00 00 1b
2026-07-10 01:53:31.781 RX arm_feedback state=0 end=(-0.0008,-0.0000,0.3182) theta1=-3.1372 frame=55 aa 86 11 00 74 fd 4b ba 69 06 65 b6 27 e5 a2 3e 00 c8 48 c0 52
2026-07-10 01:53:31.782 RX func=0x81 payload=03 00 00 02 d6 94 18 c0 56 ef 0e 3d frame=55 aa 81 0c 03 00 00 02 d6 94 18 c0 56 ef 0e 3d 63
2026-07-10 01:53:31.786 TX chassis mode=ERROR vx=+0.000 vy=+0.000 wz=+0.000 frame=55 aa 10 0c 00 00 00 00 00 00 00 00 00 00 00 00 1b
2026-07-10 01:53:31.799 RX arm_feedback state=0 end=(-0.0008,-0.0000,0.3182) theta1=-3.1372 frame=55 aa 86 11 00 74 fd 4b ba 69 06 65 b6 27 e5 a2 3e 00 c8 48 c0 52
2026-07-10 01:53:31.800 TX chassis mode=ERROR vx=+0.000 vy=+0.000 wz=+0.000 frame=55 aa 10 0c 00 00 00 00 00 00 00 00 00 00 00 00 1b
2026-07-10 01:53:31.819 RX arm_feedback state=0 end=(-0.0008,-0.0000,0.3182) theta1=-3.1372 frame=55 aa 86 11 00 74 fd 4b ba 69 06 65 b6 27 e5 a2 3e 00 c8 48 c0 52
2026-07-10 01:53:31.820 TX chassis mode=ERROR vx=+0.000 vy=+0.000 wz=+0.000 frame=55 aa 10 0c 00 00 00 00 00 00 00 00 00 00 00 00 1b
2026-07-10 01:53:31.839 RX func=0x80 payload=00 00 01 00 00 00 00 00 00 00 00 00 00 00 00 00 df 82 02 00 frame=55 aa 80 14 00 00 01 00 00 00 00 00 00 00 00 00 00 00 00 00 df 82 02 00 f7
2026-07-10 01:53:31.840 RX arm_feedback state=0 end=(-0.0008,-0.0000,0.3182) theta1=-3.1372 frame=55 aa 86 11 00 74 fd 4b ba 69 06 65 b6 27 e5 a2 3e 00 c8 48 c0 52
2026-07-10 01:53:31.844 TX chassis mode=ERROR vx=+0.000 vy=+0.000 wz=+0.000 frame=55 aa 10 0c 00 00 00 00 00 00 00 00 00 00 00 00 1b
2026-07-10 01:53:31.860 RX arm_feedback state=0 end=(-0.0008,-0.0000,0.3182) theta1=-3.1372 frame=55 aa 86 11 00 74 fd 4b ba 69 06 65 b6 27 e5 a2 3e 00 c8 48 c0 52
2026-07-10 01:53:31.862 TX mode:ERROR frame=55 aa 15 01 04 19
2026-07-10 01:53:31.863 TX chassis mode=ERROR vx=+0.000 vy=+0.000 wz=+0.000 frame=55 aa 10 0c 00 00 00 00 00 00 00 00 00 00 00 00 1b
2026-07-10 01:53:31.879 RX arm_feedback state=0 end=(-0.0008,-0.0000,0.3182) theta1=-3.1372 frame=55 aa 86 11 00 74 fd 4b ba 69 06 65 b6 27 e5 a2 3e 00 c8 48 c0 52
2026-07-10 01:53:31.880 TX chassis mode=ERROR vx=+0.000 vy=+0.000 wz=+0.000 frame=55 aa 10 0c 00 00 00 00 00 00 00 00 00 00 00 00 1b
2026-07-10 01:53:31.899 RX arm_feedback state=0 end=(-0.0008,-0.0000,0.3182) theta1=-3.1372 frame=55 aa 86 11 00 74 fd 4b ba 69 06 65 b6 27 e5 a2 3e 00 c8 48 c0 52
2026-07-10 01:53:31.903 TX chassis mode=ERROR vx=+0.000 vy=+0.000 wz=+0.000 frame=55 aa 10 0c 00 00 00 00 00 00 00 00 00 00 00 00 1b
2026-07-10 01:53:31.922 RX arm_feedback state=0 end=(-0.0008,-0.0000,0.3182) theta1=-3.1372 frame=55 aa 86 11 00 74 fd 4b ba 69 06 65 b6 27 e5 a2 3e 00 c8 48 c0 52
2026-07-10 01:53:31.931 TX chassis mode=ERROR vx=+0.000 vy=+0.000 wz=+0.000 frame=55 aa 10 0c 00 00 00 00 00 00 00 00 00 00 00 00 1b
2026-07-10 01:53:31.940 RX func=0x80 payload=00 00 01 00 00 00 00 00 00 00 00 00 00 00 00 00 43 83 02 00 frame=55 aa 80 14 00 00 01 00 00 00 00 00 00 00 00 00 00 00 00 00 43 83 02 00 5c
2026-07-10 01:53:31.941 RX arm_feedback state=0 end=(-0.0008,-0.0000,0.3182) theta1=-3.1372 frame=55 aa 86 11 00 74 fd 4b ba 69 06 65 b6 27 e5 a2 3e 00 c8 48 c0 52
2026-07-10 01:53:31.942 TX chassis mode=ERROR vx=+0.000 vy=+0.000 wz=+0.000 frame=55 aa 10 0c 00 00 00 00 00 00 00 00 00 00 00 00 1b
2026-07-10 01:53:31.961 RX arm_feedback state=0 end=(-0.0008,-0.0000,0.3182) theta1=-3.1372 frame=55 aa 86 11 00 74 fd 4b ba 69 06 65 b6 27 e5 a2 3e 00 c8 48 c0 52
2026-07-10 01:53:31.964 TX chassis mode=ERROR vx=+0.000 vy=+0.000 wz=+0.000 frame=55 aa 10 0c 00 00 00 00 00 00 00 00 00 00 00 00 1b
2026-07-10 01:53:31.982 RX arm_feedback state=0 end=(-0.0008,-0.0000,0.3182) theta1=-3.1372 frame=55 aa 86 11 00 74 fd 4b ba 69 06 65 b6 27 e5 a2 3e 00 c8 48 c0 52
2026-07-10 01:53:31.992 RX func=0x81 payload=04 00 00 02 74 da 86 bf 0a d1 9e 3c frame=55 aa 81 0c 04 00 00 02 74 da 86 bf 0a d1 9e 3c da
2026-07-10 01:53:31.994 TX chassis mode=ERROR vx=+0.000 vy=+0.000 wz=+0.000 frame=55 aa 10 0c 00 00 00 00 00 00 00 00 00 00 00 00 1b
2026-07-10 01:53:32.000 RX arm_feedback state=0 end=(-0.0008,-0.0000,0.3182) theta1=-3.1372 frame=55 aa 86 11 00 74 fd 4b ba 69 06 65 b6 27 e5 a2 3e 00 c8 48 c0 52
2026-07-10 01:53:32.003 TX chassis mode=ERROR vx=+0.000 vy=+0.000 wz=+0.000 frame=55 aa 10 0c 00 00 00 00 00 00 00 00 00 00 00 00 1b
2026-07-10 01:53:32.019 RX arm_feedback state=0 end=(-0.0008,-0.0000,0.3182) theta1=-3.1372 frame=55 aa 86 11 00 74 fd 4b ba 69 06 65 b6 27 e5 a2 3e 00 c8 48 c0 52
2026-07-10 01:53:32.023 TX chassis mode=ERROR vx=+0.000 vy=+0.000 wz=+0.000 frame=55 aa 10 0c 00 00 00 00 00 00 00 00 00 00 00 00 1b
2026-07-10 01:53:32.040 RX func=0x80 payload=00 00 01 00 00 00 00 00 00 00 00 00 00 00 00 00 a7 83 02 00 frame=55 aa 80 14 00 00 01 00 00 00 00 00 00 00 00 00 00 00 00 00 a7 83 02 00 c0
2026-07-10 01:53:32.046 RX arm_feedback state=0 end=(-0.0008,-0.0000,0.3182) theta1=-3.1372 frame=55 aa 86 11 00 74 fd 4b ba 69 06 65 b6 27 e5 a2 3e 00 c8 48 c0 52
2026-07-10 01:53:32.051 TX chassis mode=ERROR vx=+0.000 vy=+0.000 wz=+0.000 frame=55 aa 10 0c 00 00 00 00 00 00 00 00 00 00 00 00 1b
2026-07-10 01:53:32.059 RX arm_feedback state=0 end=(-0.0008,-0.0000,0.3182) theta1=-3.1372 frame=55 aa 86 11 00 74 fd 4b ba 69 06 65 b6 27 e5 a2 3e 00 c8 48 c0 52
2026-07-10 01:53:32.060 TX chassis mode=ERROR vx=+0.000 vy=+0.000 wz=+0.000 frame=55 aa 10 0c 00 00 00 00 00 00 00 00 00 00 00 00 1b
2026-07-10 01:53:32.080 RX arm_feedback state=0 end=(-0.0008,-0.0000,0.3182) theta1=-3.1372 frame=55 aa 86 11 00 74 fd 4b ba 69 06 65 b6 27 e5 a2 3e 00 c8 48 c0 52
2026-07-10 01:53:32.084 TX mode:ERROR frame=55 aa 15 01 04 19
2026-07-10 01:53:32.085 TX chassis mode=ERROR vx=+0.000 vy=+0.000 wz=+0.000 frame=55 aa 10 0c 00 00 00 00 00 00 00 00 00 00 00 00 1b
2026-07-10 01:53:32.099 RX arm_feedback state=0 end=(-0.0008,-0.0000,0.3182) theta1=-3.1372 frame=55 aa 86 11 00 74 fd 4b ba 69 06 65 b6 27 e5 a2 3e 00 c8 48 c0 52
2026-07-10 01:53:32.108 TX chassis mode=ERROR vx=+0.000 vy=+0.000 wz=+0.000 frame=55 aa 10 0c 00 00 00 00 00 00 00 00 00 00 00 00 1b
2026-07-10 01:53:32.119 RX arm_feedback state=0 end=(-0.0008,-0.0000,0.3182) theta1=-3.1372 frame=55 aa 86 11 00 74 fd 4b ba 69 06 65 b6 27 e5 a2 3e 00 c8 48 c0 52
2026-07-10 01:53:32.127 TX chassis mode=ERROR vx=+0.000 vy=+0.000 wz=+0.000 frame=55 aa 10 0c 00 00 00 00 00 00 00 00 00 00 00 00 1b
2026-07-10 01:53:32.139 RX func=0x80 payload=00 00 01 00 00 00 00 00 00 00 00 00 00 00 00 00 0b 84 02 00 frame=55 aa 80 14 00 00 01 00 00 00 00 00 00 00 00 00 00 00 00 00 0b 84 02 00 25
2026-07-10 01:53:32.146 RX arm_feedback state=0 end=(-0.0008,-0.0000,0.3182) theta1=-3.1372 frame=55 aa 86 11 00 74 fd 4b ba 69 06 65 b6 27 e5 a2 3e 00 c8 48 c0 52
2026-07-10 01:53:32.172 TX chassis mode=ERROR vx=+0.000 vy=+0.000 wz=+0.000 frame=55 aa 10 0c 00 00 00 00 00 00 00 00 00 00 00 00 1b
2026-07-10 01:53:32.185 RX arm_feedback state=0 end=(-0.0008,-0.0000,0.3182) theta1=-3.1372 frame=55 aa 86 11 00 74 fd 4b ba 69 06 65 b6 27 e5 a2 3e 00 c8 48 c0 52
2026-07-10 01:53:32.198 RX arm_feedback state=0 end=(-0.0008,-0.0000,0.3182) theta1=-3.1372 frame=55 aa 86 11 00 74 fd 4b ba 69 06 65 b6 27 e5 a2 3e 00 c8 48 c0 52
2026-07-10 01:53:32.201 TX chassis mode=ERROR vx=+0.000 vy=+0.000 wz=+0.000 frame=55 aa 10 0c 00 00 00 00 00 00 00 00 00 00 00 00 1b
2026-07-10 01:53:32.215 RX func=0x81 payload=05 00 01 01 f3 34 24 bc 1d e0 74 3d frame=55 aa 81 0c 05 00 01 01 f3 34 24 bc 1d e0 74 3d 48
2026-07-10 01:53:32.227 RX arm_feedback state=0 end=(-0.0008,-0.0000,0.3182) theta1=-3.1372 frame=55 aa 86 11 00 74 fd 4b ba 69 06 65 b6 27 e5 a2 3e 00 c8 48 c0 52
2026-07-10 01:53:32.234 RX arm_feedback state=0 end=(-0.0008,-0.0000,0.3182) theta1=-3.1372 frame=55 aa 86 11 00 74 fd 4b ba 69 06 65 b6 27 e5 a2 3e 00 c8 48 c0 52
2026-07-10 01:53:32.245 TX chassis mode=ERROR vx=+0.000 vy=+0.000 wz=+0.000 frame=55 aa 10 0c 00 00 00 00 00 00 00 00 00 00 00 00 1b
2026-07-10 01:53:32.248 RX func=0x80 payload=00 00 01 00 00 00 00 00 00 00 00 00 00 00 00 00 6f 84 02 00 frame=55 aa 80 14 00 00 01 00 00 00 00 00 00 00 00 00 00 00 00 00 6f 84 02 00 89
2026-07-10 01:53:32.250 RX arm_feedback state=0 end=(-0.0008,-0.0000,0.3182) theta1=-3.1372 frame=55 aa 86 11 00 74 fd 4b ba 69 06 65 b6 27 e5 a2 3e 00 c8 48 c0 52
2026-07-10 01:53:32.261 RX arm_feedback state=0 end=(-0.0008,-0.0000,0.3182) theta1=-3.1372 frame=55 aa 86 11 00 74 fd 4b ba 69 06 65 b6 27 e5 a2 3e 00 c8 48 c0 52
2026-07-10 01:53:32.268 TX chassis mode=ERROR vx=+0.000 vy=+0.000 wz=+0.000 frame=55 aa 10 0c 00 00 00 00 00 00 00 00 00 00 00 00 1b
2026-07-10 01:53:32.281 RX arm_feedback state=0 end=(-0.0008,-0.0000,0.3182) theta1=-3.1372 frame=55 aa 86 11 00 74 fd 4b ba 69 06 65 b6 27 e5 a2 3e 00 c8 48 c0 52
2026-07-10 01:53:32.289 TX mode:ERROR frame=55 aa 15 01 04 19
2026-07-10 01:53:32.289 TX chassis mode=ERROR vx=+0.000 vy=+0.000 wz=+0.000 frame=55 aa 10 0c 00 00 00 00 00 00 00 00 00 00 00 00 1b
2026-07-10 01:53:32.303 RX arm_feedback state=0 end=(-0.0008,-0.0000,0.3182) theta1=-3.1372 frame=55 aa 86 11 00 74 fd 4b ba 69 06 65 b6 27 e5 a2 3e 00 c8 48 c0 52
2026-07-10 01:53:32.316 TX chassis mode=ERROR vx=+0.000 vy=+0.000 wz=+0.000 frame=55 aa 10 0c 00 00 00 00 00 00 00 00 00 00 00 00 1b
2026-07-10 01:53:32.321 RX arm_feedback state=0 end=(-0.0008,-0.0000,0.3182) theta1=-3.1372 frame=55 aa 86 11 00 74 fd 4b ba 69 06 65 b6 27 e5 a2 3e 00 c8 48 c0 52
2026-07-10 01:53:32.331 RX func=0x80 payload=00 00 01 00 00 00 00 00 00 00 00 00 00 00 00 00 d3 84 02 00 frame=55 aa 80 14 00 00 01 00 00 00 00 00 00 00 00 00 00 00 00 00 d3 84 02 00 ed
2026-07-10 01:53:32.335 TX chassis mode=ERROR vx=+0.000 vy=+0.000 wz=+0.000 frame=55 aa 10 0c 00 00 00 00 00 00 00 00 00 00 00 00 1b
2026-07-10 01:53:32.342 RX arm_feedback state=0 end=(-0.0008,-0.0000,0.3182) theta1=-3.1372 frame=55 aa 86 11 00 74 fd 4b ba 69 06 65 b6 27 e5 a2 3e 00 c8 48 c0 52
2026-07-10 01:53:32.355 TX chassis mode=ERROR vx=+0.000 vy=+0.000 wz=+0.000 frame=55 aa 10 0c 00 00 00 00 00 00 00 00 00 00 00 00 1b
2026-07-10 01:53:32.360 RX arm_feedback state=0 end=(-0.0008,-0.0000,0.3182) theta1=-3.1372 frame=55 aa 86 11 00 74 fd 4b ba 69 06 65 b6 27 e5 a2 3e 00 c8 48 c0 52
2026-07-10 01:53:32.362 TX chassis mode=ERROR vx=+0.000 vy=+0.000 wz=+0.000 frame=55 aa 10 0c 00 00 00 00 00 00 00 00 00 00 00 00 1b
2026-07-10 01:53:32.387 RX arm_feedback state=0 end=(-0.0008,-0.0000,0.3182) theta1=-3.1372 frame=55 aa 86 11 00 74 fd 4b ba 69 06 65 b6 27 e5 a2 3e 00 c8 48 c0 52
2026-07-10 01:53:32.388 RX func=0x81 payload=06 00 00 02 b1 5a 3c bf 44 1b 7e bc frame=55 aa 81 0c 06 00 00 02 b1 5a 3c bf 44 1b 7e bc 33
2026-07-10 01:53:32.402 RX arm_feedback state=0 end=(-0.0008,-0.0000,0.3182) theta1=-3.1372 frame=55 aa 86 11 00 74 fd 4b ba 69 06 65 b6 27 e5 a2 3e 00 c8 48 c0 52
2026-07-10 01:53:32.407 TX chassis mode=ERROR vx=+0.000 vy=+0.000 wz=+0.000 frame=55 aa 10 0c 00 00 00 00 00 00 00 00 00 00 00 00 1b
2026-07-10 01:53:32.422 RX arm_feedback state=0 end=(-0.0008,-0.0000,0.3182) theta1=-3.1372 frame=55 aa 86 11 00 74 fd 4b ba 69 06 65 b6 27 e5 a2 3e 00 c8 48 c0 52
2026-07-10 01:53:32.427 TX chassis mode=ERROR vx=+0.000 vy=+0.000 wz=+0.000 frame=55 aa 10 0c 00 00 00 00 00 00 00 00 00 00 00 00 1b
2026-07-10 01:53:32.442 RX func=0x80 payload=00 00 01 00 00 00 00 00 00 00 00 00 00 00 00 00 37 85 02 00 frame=55 aa 80 14 00 00 01 00 00 00 00 00 00 00 00 00 00 00 00 00 37 85 02 00 52
2026-07-10 01:53:32.448 RX arm_feedback state=0 end=(-0.0008,-0.0000,0.3182) theta1=-3.1372 frame=55 aa 86 11 00 74 fd 4b ba 69 06 65 b6 27 e5 a2 3e 00 c8 48 c0 52
2026-07-10 01:53:32.466 TX chassis mode=ERROR vx=+0.000 vy=+0.000 wz=+0.000 frame=55 aa 10 0c 00 00 00 00 00 00 00 00 00 00 00 00 1b
2026-07-10 01:53:32.489 RX arm_feedback state=0 end=(-0.0008,-0.0000,0.3182) theta1=-3.1372 frame=55 aa 86 11 00 74 fd 4b ba 69 06 65 b6 27 e5 a2 3e 00 c8 48 c0 52
2026-07-10 01:53:32.502 TX chassis mode=ERROR vx=+0.000 vy=+0.000 wz=+0.000 frame=55 aa 10 0c 00 00 00 00 00 00 00 00 00 00 00 00 1b
2026-07-10 01:53:32.514 RX arm_feedback state=0 end=(-0.0008,-0.0000,0.3182) theta1=-3.1372 frame=55 aa 86 11 00 74 fd 4b ba 69 06 65 b6 27 e5 a2 3e 00 c8 48 c0 52
2026-07-10 01:53:32.516 RX arm_feedback state=0 end=(-0.0008,-0.0000,0.3182) theta1=-3.1372 frame=55 aa 86 11 00 74 fd 4b ba 69 06 65 b6 27 e5 a2 3e 00 c8 48 c0 52
2026-07-10 01:53:32.554 RX arm_feedback state=0 end=(-0.0008,-0.0000,0.3182) theta1=-3.1372 frame=55 aa 86 11 00 74 fd 4b ba 69 06 65 b6 27 e5 a2 3e 00 c8 48 c0 52
2026-07-10 01:53:32.569 TX mode:ERROR frame=55 aa 15 01 04 19
2026-07-10 01:53:32.569 TX chassis mode=ERROR vx=+0.000 vy=+0.000 wz=+0.000 frame=55 aa 10 0c 00 00 00 00 00 00 00 00 00 00 00 00 1b
2026-07-10 01:53:32.582 RX func=0x80 payload=00 00 01 00 00 00 00 00 00 00 00 00 00 00 00 00 9b 85 02 00 frame=55 aa 80 14 00 00 01 00 00 00 00 00 00 00 00 00 00 00 00 00 9b 85 02 00 b6
2026-07-10 01:53:32.594 RX arm_feedback state=0 end=(-0.0008,-0.0000,0.3182) theta1=-3.1372 frame=55 aa 86 11 00 74 fd 4b ba 69 06 65 b6 27 e5 a2 3e 00 c8 48 c0 52
2026-07-10 01:53:32.599 RX arm_feedback state=0 end=(-0.0008,-0.0000,0.3182) theta1=-3.1372 frame=55 aa 86 11 00 74 fd 4b ba 69 06 65 b6 27 e5 a2 3e 00 c8 48 c0 52
2026-07-10 01:53:32.606 RX arm_feedback state=0 end=(-0.0008,-0.0000,0.3182) theta1=-3.1372 frame=55 aa 86 11 00 74 fd 4b ba 69 06 65 b6 27 e5 a2 3e 00 c8 48 c0 52
2026-07-10 01:53:32.619 RX func=0x81 payload=07 00 00 02 31 a6 06 c0 44 1b fe 3c frame=55 aa 81 0c 07 00 00 02 31 a6 06 c0 44 1b fe 3c cb
2026-07-10 01:53:32.630 TX chassis mode=ERROR vx=+0.000 vy=+0.000 wz=+0.000 frame=55 aa 10 0c 00 00 00 00 00 00 00 00 00 00 00 00 1b
2026-07-10 01:53:32.638 RX arm_feedback state=0 end=(-0.0008,-0.0000,0.3182) theta1=-3.1372 frame=55 aa 86 11 00 74 fd 4b ba 69 06 65 b6 27 e5 a2 3e 00 c8 48 c0 52
2026-07-10 01:53:32.645 RX arm_feedback state=0 end=(-0.0008,-0.0000,0.3182) theta1=-3.1372 frame=55 aa 86 11 00 74 fd 4b ba 69 06 65 b6 27 e5 a2 3e 00 c8 48 c0 52
2026-07-10 01:53:32.651 RX func=0x80 payload=00 00 01 00 00 00 00 00 00 00 00 00 00 00 00 00 ff 85 02 00 frame=55 aa 80 14 00 00 01 00 00 00 00 00 00 00 00 00 00 00 00 00 ff 85 02 00 1a
2026-07-10 01:53:32.656 RX arm_feedback state=0 end=(-0.0008,-0.0000,0.3182) theta1=-3.1372 frame=55 aa 86 11 00 74 fd 4b ba 69 06 65 b6 27 e5 a2 3e 00 c8 48 c0 52
2026-07-10 01:53:32.674 TX chassis mode=ERROR vx=+0.000 vy=+0.000 wz=+0.000 frame=55 aa 10 0c 00 00 00 00 00 00 00 00 00 00 00 00 1b
2026-07-10 01:53:32.683 RX arm_feedback state=0 end=(-0.0008,-0.0000,0.3182) theta1=-3.1372 frame=55 aa 86 11 00 74 fd 4b ba 69 06 65 b6 27 e5 a2 3e 00 c8 48 c0 52
2026-07-10 01:53:32.692 RX arm_feedback state=0 end=(-0.0008,-0.0000,0.3182) theta1=-3.1372 frame=55 aa 86 11 00 74 fd 4b ba 69 06 65 b6 27 e5 a2 3e 00 c8 48 c0 52
2026-07-10 01:53:32.693 TX chassis mode=ERROR vx=+0.000 vy=+0.000 wz=+0.000 frame=55 aa 10 0c 00 00 00 00 00 00 00 00 00 00 00 00 1b
2026-07-10 01:53:32.722 RX arm_feedback state=0 end=(-0.0008,-0.0000,0.3182) theta1=-3.1372 frame=55 aa 86 11 00 74 fd 4b ba 69 06 65 b6 27 e5 a2 3e 00 c8 48 c0 52
2026-07-10 01:53:32.732 RX arm_feedback state=0 end=(-0.0008,-0.0000,0.3182) theta1=-3.1372 frame=55 aa 86 11 00 74 fd 4b ba 69 06 65 b6 27 e5 a2 3e 00 c8 48 c0 52
2026-07-10 01:53:32.751 TX mode:ERROR frame=55 aa 15 01 04 19
2026-07-10 01:53:32.751 TX chassis mode=ERROR vx=+0.000 vy=+0.000 wz=+0.000 frame=55 aa 10 0c 00 00 00 00 00 00 00 00 00 00 00 00 1b
2026-07-10 01:53:32.757 RX func=0x80 payload=00 00 01 00 00 00 00 00 00 00 00 00 00 00 00 00 63 86 02 00 frame=55 aa 80 14 00 00 01 00 00 00 00 00 00 00 00 00 00 00 00 00 63 86 02 00 7f
2026-07-10 01:53:32.785 RX arm_feedback state=0 end=(-0.0008,-0.0000,0.3182) theta1=-3.1372 frame=55 aa 86 11 00 74 fd 4b ba 69 06 65 b6 27 e5 a2 3e 00 c8 48 c0 52
2026-07-10 01:53:32.789 RX arm_feedback state=0 end=(-0.0008,-0.0000,0.3182) theta1=-3.1372 frame=55 aa 86 11 00 74 fd 4b ba 69 06 65 b6 27 e5 a2 3e 00 c8 48 c0 52
2026-07-10 01:53:32.790 TX chassis mode=ERROR vx=+0.000 vy=+0.000 wz=+0.000 frame=55 aa 10 0c 00 00 00 00 00 00 00 00 00 00 00 00 1b
2026-07-10 01:53:32.817 RX arm_feedback state=0 end=(-0.0008,-0.0000,0.3182) theta1=-3.1372 frame=55 aa 86 11 00 74 fd 4b ba 69 06 65 b6 27 e5 a2 3e 00 c8 48 c0 52
2026-07-10 01:53:32.828 RX func=0x81 payload=08 00 01 01 5a 01 5c 3b 6c 75 3e bd frame=55 aa 81 0c 08 00 01 01 5a 01 5c 3b 6c 75 3e bd 64
2026-07-10 01:53:32.840 RX arm_feedback state=0 end=(-0.0008,-0.0000,0.3182) theta1=-3.1372 frame=55 aa 86 11 00 74 fd 4b ba 69 06 65 b6 27 e5 a2 3e 00 c8 48 c0 52
2026-07-10 01:53:32.856 TX chassis mode=ERROR vx=+0.000 vy=+0.000 wz=+0.000 frame=55 aa 10 0c 00 00 00 00 00 00 00 00 00 00 00 00 1b
2026-07-10 01:53:32.863 RX arm_feedback state=0 end=(-0.0008,-0.0000,0.3182) theta1=-3.1372 frame=55 aa 86 11 00 74 fd 4b ba 69 06 65 b6 27 e5 a2 3e 00 c8 48 c0 52
2026-07-10 01:53:32.867 RX func=0x80 payload=00 00 01 00 00 00 00 00 00 00 00 00 00 00 00 00 c7 86 02 00 frame=55 aa 80 14 00 00 01 00 00 00 00 00 00 00 00 00 00 00 00 00 c7 86 02 00 e3
2026-07-10 01:53:32.868 RX arm_feedback state=0 end=(-0.0008,-0.0000,0.3182) theta1=-3.1372 frame=55 aa 86 11 00 74 fd 4b ba 69 06 65 b6 27 e5 a2 3e 00 c8 48 c0 52
2026-07-10 01:53:32.899 RX arm_feedback state=0 end=(-0.0008,-0.0000,0.3182) theta1=-3.1372 frame=55 aa 86 11 00 74 fd 4b ba 69 06 65 b6 27 e5 a2 3e 00 c8 48 c0 52
2026-07-10 01:53:32.903 TX chassis mode=ERROR vx=+0.000 vy=+0.000 wz=+0.000 frame=55 aa 10 0c 00 00 00 00 00 00 00 00 00 00 00 00 1b
2026-07-10 01:53:32.906 RX arm_feedback state=0 end=(-0.0008,-0.0000,0.3182) theta1=-3.1372 frame=55 aa 86 11 00 74 fd 4b ba 69 06 65 b6 27 e5 a2 3e 00 c8 48 c0 52
2026-07-10 01:53:32.907 RX arm_feedback state=0 end=(-0.0008,-0.0000,0.3182) theta1=-3.1372 frame=55 aa 86 11 00 74 fd 4b ba 69 06 65 b6 27 e5 a2 3e 00 c8 48 c0 52
2026-07-10 01:53:32.933 TX chassis mode=ERROR vx=+0.000 vy=+0.000 wz=+0.000 frame=55 aa 10 0c 00 00 00 00 00 00 00 00 00 00 00 00 1b
2026-07-10 01:53:32.935 RX arm_feedback state=0 end=(-0.0008,-0.0000,0.3182) theta1=-3.1372 frame=55 aa 86 11 00 74 fd 4b ba 69 06 65 b6 27 e5 a2 3e 00 c8 48 c0 52
2026-07-10 01:53:32.953 RX func=0x80 payload=00 00 01 00 00 00 00 00 00 00 00 00 00 00 00 00 2b 87 02 00 frame=55 aa 80 14 00 00 01 00 00 00 00 00 00 00 00 00 00 00 00 00 2b 87 02 00 48
2026-07-10 01:53:32.957 RX arm_feedback state=0 end=(-0.0008,-0.0000,0.3182) theta1=-3.1372 frame=55 aa 86 11 00 74 fd 4b ba 69 06 65 b6 27 e5 a2 3e 00 c8 48 c0 52
2026-07-10 01:53:32.960 TX mode:ERROR frame=55 aa 15 01 04 19
2026-07-10 01:53:32.968 TX chassis mode=ERROR vx=+0.000 vy=+0.000 wz=+0.000 frame=55 aa 10 0c 00 00 00 00 00 00 00 00 00 00 00 00 1b
2026-07-10 01:53:32.974 RX arm_feedback state=0 end=(-0.0008,-0.0000,0.3182) theta1=-3.1372 frame=55 aa 86 11 00 74 fd 4b ba 69 06 65 b6 27 e5 a2 3e 00 c8 48 c0 52
2026-07-10 01:53:32.991 RX arm_feedback state=0 end=(-0.0008,-0.0000,0.3182) theta1=-3.1372 frame=55 aa 86 11 00 74 fd 4b ba 69 06 65 b6 27 e5 a2 3e 00 c8 48 c0 52
2026-07-10 01:53:33.001 TX chassis mode=ERROR vx=+0.000 vy=+0.000 wz=+0.000 frame=55 aa 10 0c 00 00 00 00 00 00 00 00 00 00 00 00 1b
2026-07-10 01:53:33.002 RX func=0x81 payload=09 00 00 02 e8 da 19 c0 27 76 4e 3d frame=55 aa 81 0c 09 00 00 02 e8 da 19 c0 27 76 4e 3d 5a
2026-07-10 01:53:33.023 RX arm_feedback state=0 end=(-0.0008,-0.0000,0.3182) theta1=-3.1372 frame=55 aa 86 11 00 74 fd 4b ba 69 06 65 b6 27 e5 a2 3e 00 c8 48 c0 52
2026-07-10 01:53:33.032 TX chassis mode=ERROR vx=+0.000 vy=+0.000 wz=+0.000 frame=55 aa 10 0c 00 00 00 00 00 00 00 00 00 00 00 00 1b
2026-07-10 01:53:33.036 RX arm_feedback state=0 end=(-0.0008,-0.0000,0.3182) theta1=-3.1372 frame=55 aa 86 11 00 74 fd 4b ba 69 06 65 b6 27 e5 a2 3e 00 c8 48 c0 52
2026-07-10 01:53:33.037 RX func=0x80 payload=00 00 01 00 00 00 00 00 00 00 00 00 00 00 00 00 8f 87 02 00 frame=55 aa 80 14 00 00 01 00 00 00 00 00 00 00 00 00 00 00 00 00 8f 87 02 00 ac
2026-07-10 01:53:33.038 RX arm_feedback state=0 end=(-0.0008,-0.0000,0.3182) theta1=-3.1372 frame=55 aa 86 11 00 74 fd 4b ba 69 06 65 b6 27 e5 a2 3e 00 c8 48 c0 52
2026-07-10 01:53:33.051 TX chassis mode=ERROR vx=+0.000 vy=+0.000 wz=+0.000 frame=55 aa 10 0c 00 00 00 00 00 00 00 00 00 00 00 00 1b
2026-07-10 01:53:33.052 RX arm_feedback state=0 end=(-0.0008,-0.0000,0.3182) theta1=-3.1372 frame=55 aa 86 11 00 74 fd 4b ba 69 06 65 b6 27 e5 a2 3e 00 c8 48 c0 52
2026-07-10 01:53:33.063 TX chassis mode=ERROR vx=+0.000 vy=+0.000 wz=+0.000 frame=55 aa 10 0c 00 00 00 00 00 00 00 00 00 00 00 00 1b
2026-07-10 01:53:33.064 TX chassis mode=ERROR vx=+0.000 vy=+0.000 wz=+0.000 frame=55 aa 10 0c 00 00 00 00 00 00 00 00 00 00 00 00 1b
2026-07-10 01:53:33.079 RX arm_feedback state=0 end=(-0.0008,-0.0000,0.3182) theta1=-3.1372 frame=55 aa 86 11 00 74 fd 4b ba 69 06 65 b6 27 e5 a2 3e 00 c8 48 c0 52
2026-07-10 01:53:33.090 TX chassis mode=ERROR vx=+0.000 vy=+0.000 wz=+0.000 frame=55 aa 10 0c 00 00 00 00 00 00 00 00 00 00 00 00 1b
2026-07-10 01:53:33.103 RX arm_feedback state=0 end=(-0.0008,-0.0000,0.3182) theta1=-3.1372 frame=55 aa 86 11 00 74 fd 4b ba 69 06 65 b6 27 e5 a2 3e 00 c8 48 c0 52
2026-07-10 01:53:33.108 TX chassis mode=ERROR vx=+0.000 vy=+0.000 wz=+0.000 frame=55 aa 10 0c 00 00 00 00 00 00 00 00 00 00 00 00 1b
2026-07-10 01:53:33.121 RX arm_feedback state=0 end=(-0.0008,-0.0000,0.3182) theta1=-3.1372 frame=55 aa 86 11 00 74 fd 4b ba 69 06 65 b6 27 e5 a2 3e 00 c8 48 c0 52
2026-07-10 01:53:33.138 TX chassis mode=ERROR vx=+0.000 vy=+0.000 wz=+0.000 frame=55 aa 10 0c 00 00 00 00 00 00 00 00 00 00 00 00 1b
2026-07-10 01:53:33.139 RX func=0x80 payload=00 00 01 00 00 00 00 00 00 00 00 00 00 00 00 00 f3 87 02 00 frame=55 aa 80 14 00 00 01 00 00 00 00 00 00 00 00 00 00 00 00 00 f3 87 02 00 10
2026-07-10 01:53:33.153 RX arm_feedback state=0 end=(-0.0008,-0.0000,0.3182) theta1=-3.1372 frame=55 aa 86 11 00 74 fd 4b ba 69 06 65 b6 27 e5 a2 3e 00 c8 48 c0 52
2026-07-10 01:53:33.160 TX mode:ERROR frame=55 aa 15 01 04 19
2026-07-10 01:53:33.166 TX chassis mode=ERROR vx=+0.000 vy=+0.000 wz=+0.000 frame=55 aa 10 0c 00 00 00 00 00 00 00 00 00 00 00 00 1b
2026-07-10 01:53:33.181 RX arm_feedback state=0 end=(-0.0008,-0.0000,0.3182) theta1=-3.1372 frame=55 aa 86 11 00 74 fd 4b ba 69 06 65 b6 27 e5 a2 3e 00 c8 48 c0 52
2026-07-10 01:53:33.196 RX arm_feedback state=0 end=(-0.0008,-0.0000,0.3182) theta1=-3.1372 frame=55 aa 86 11 00 74 fd 4b ba 69 06 65 b6 27 e5 a2 3e 00 c8 48 c0 52
2026-07-10 01:53:33.198 TX chassis mode=ERROR vx=+0.000 vy=+0.000 wz=+0.000 frame=55 aa 10 0c 00 00 00 00 00 00 00 00 00 00 00 00 1b
2026-07-10 01:53:33.198 RX func=0x81 payload=0a 00 00 02 a5 82 81 bf 00 00 00 80 frame=55 aa 81 0c 0a 00 00 02 a5 82 81 bf 00 00 00 80 7f
2026-07-10 01:53:33.226 RX arm_feedback state=0 end=(-0.0008,-0.0000,0.3182) theta1=-3.1372 frame=55 aa 86 11 00 74 fd 4b ba 69 06 65 b6 27 e5 a2 3e 00 c8 48 c0 52
2026-07-10 01:53:33.227 TX chassis mode=ERROR vx=+0.000 vy=+0.000 wz=+0.000 frame=55 aa 10 0c 00 00 00 00 00 00 00 00 00 00 00 00 1b
2026-07-10 01:53:33.260 RX arm_feedback state=0 end=(-0.0008,-0.0000,0.3182) theta1=-3.1372 frame=55 aa 86 11 00 74 fd 4b ba 69 06 65 b6 27 e5 a2 3e 00 c8 48 c0 52
2026-07-10 01:53:33.266 RX func=0x80 payload=00 00 01 00 00 00 00 00 00 00 00 00 00 00 00 00 57 88 02 00 frame=55 aa 80 14 00 00 01 00 00 00 00 00 00 00 00 00 00 00 00 00 57 88 02 00 75
2026-07-10 01:53:33.278 RX arm_feedback state=0 end=(-0.0008,-0.0000,0.3182) theta1=-3.1372 frame=55 aa 86 11 00 74 fd 4b ba 69 06 65 b6 27 e5 a2 3e 00 c8 48 c0 52
2026-07-10 01:53:33.295 TX chassis mode=ERROR vx=+0.000 vy=+0.000 wz=+0.000 frame=55 aa 10 0c 00 00 00 00 00 00 00 00 00 00 00 00 1b
2026-07-10 01:53:33.310 RX arm_feedback state=0 end=(-0.0008,-0.0000,0.3182) theta1=-3.1372 frame=55 aa 86 11 00 74 fd 4b ba 69 06 65 b6 27 e5 a2 3e 00 c8 48 c0 52
2026-07-10 01:53:33.323 RX arm_feedback state=0 end=(-0.0008,-0.0000,0.3182) theta1=-3.1372 frame=55 aa 86 11 00 74 fd 4b ba 69 06 65 b6 27 e5 a2 3e 00 c8 48 c0 52
2026-07-10 01:53:33.331 RX arm_feedback state=0 end=(-0.0008,-0.0000,0.3182) theta1=-3.1372 frame=55 aa 86 11 00 74 fd 4b ba 69 06 65 b6 27 e5 a2 3e 00 c8 48 c0 52
2026-07-10 01:53:33.338 TX chassis mode=ERROR vx=+0.000 vy=+0.000 wz=+0.000 frame=55 aa 10 0c 00 00 00 00 00 00 00 00 00 00 00 00 1b
2026-07-10 01:53:33.351 RX arm_feedback state=0 end=(-0.0008,-0.0000,0.3182) theta1=-3.1372 frame=55 aa 86 11 00 74 fd 4b ba 69 06 65 b6 27 e5 a2 3e 00 c8 48 c0 52
2026-07-10 01:53:33.358 RX func=0x80 payload=00 00 01 00 00 00 00 00 00 00 00 00 00 00 00 00 bb 88 02 00 frame=55 aa 80 14 00 00 01 00 00 00 00 00 00 00 00 00 00 00 00 00 bb 88 02 00 d9
2026-07-10 01:53:33.362 RX arm_feedback state=0 end=(-0.0008,-0.0000,0.3182) theta1=-3.1372 frame=55 aa 86 11 00 74 fd 4b ba 69 06 65 b6 27 e5 a2 3e 00 c8 48 c0 52
2026-07-10 01:53:33.363 TX mode:ERROR frame=55 aa 15 01 04 19
2026-07-10 01:53:33.370 TX chassis mode=ERROR vx=+0.000 vy=+0.000 wz=+0.000 frame=55 aa 10 0c 00 00 00 00 00 00 00 00 00 00 00 00 1b
2026-07-10 01:53:33.385 RX arm_feedback state=0 end=(-0.0008,-0.0000,0.3182) theta1=-3.1372 frame=55 aa 86 11 00 74 fd 4b ba 69 06 65 b6 27 e5 a2 3e 00 c8 48 c0 52
2026-07-10 01:53:33.398 RX arm_feedback state=0 end=(-0.0008,-0.0000,0.3182) theta1=-3.1372 frame=55 aa 86 11 00 74 fd 4b ba 69 06 65 b6 27 e5 a2 3e 00 c8 48 c0 52
2026-07-10 01:53:33.401 TX chassis mode=ERROR vx=+0.000 vy=+0.000 wz=+0.000 frame=55 aa 10 0c 00 00 00 00 00 00 00 00 00 00 00 00 1b
2026-07-10 01:53:33.415 RX func=0x81 payload=0b 00 01 01 99 70 d2 3a 13 40 23 3d frame=55 aa 81 0c 0b 00 01 01 99 70 d2 3a 13 40 23 3d 61
2026-07-10 01:53:33.424 RX arm_feedback state=0 end=(-0.0008,-0.0000,0.3182) theta1=-3.1372 frame=55 aa 86 11 00 74 fd 4b ba 69 06 65 b6 27 e5 a2 3e 00 c8 48 c0 52
2026-07-10 01:53:33.425 RX arm_feedback state=0 end=(-0.0008,-0.0000,0.3182) theta1=-3.1372 frame=55 aa 86 11 00 74 fd 4b ba 69 06 65 b6 27 e5 a2 3e 00 c8 48 c0 52
2026-07-10 01:53:33.446 TX chassis mode=ERROR vx=+0.000 vy=+0.000 wz=+0.000 frame=55 aa 10 0c 00 00 00 00 00 00 00 00 00 00 00 00 1b
2026-07-10 01:53:33.451 RX func=0x80 payload=00 00 01 00 00 00 00 00 00 00 00 00 00 00 00 00 1f 89 02 00 frame=55 aa 80 14 00 00 01 00 00 00 00 00 00 00 00 00 00 00 00 00 1f 89 02 00 3e
2026-07-10 01:53:33.469 RX arm_feedback state=0 end=(-0.0008,-0.0000,0.3182) theta1=-3.1372 frame=55 aa 86 11 00 74 fd 4b ba 69 06 65 b6 27 e5 a2 3e 00 c8 48 c0 52
2026-07-10 01:53:33.499 RX arm_feedback state=0 end=(-0.0008,-0.0000,0.3182) theta1=-3.1372 frame=55 aa 86 11 00 74 fd 4b ba 69 06 65 b6 27 e5 a2 3e 00 c8 48 c0 52
2026-07-10 01:53:33.500 TX chassis mode=ERROR vx=+0.000 vy=+0.000 wz=+0.000 frame=55 aa 10 0c 00 00 00 00 00 00 00 00 00 00 00 00 1b
2026-07-10 01:53:33.518 RX arm_feedback state=0 end=(-0.0008,-0.0000,0.3182) theta1=-3.1372 frame=55 aa 86 11 00 74 fd 4b ba 69 06 65 b6 27 e5 a2 3e 00 c8 48 c0 52
2026-07-10 01:53:33.530 RX arm_feedback state=0 end=(-0.0008,-0.0000,0.3182) theta1=-3.1372 frame=55 aa 86 11 00 74 fd 4b ba 69 06 65 b6 27 e5 a2 3e 00 c8 48 c0 52
2026-07-10 01:53:33.555 RX arm_feedback state=0 end=(-0.0008,-0.0000,0.3182) theta1=-3.1372 frame=55 aa 86 11 00 74 fd 4b ba 69 06 65 b6 27 e5 a2 3e 00 c8 48 c0 52
2026-07-10 01:53:33.569 TX chassis mode=ERROR vx=+0.000 vy=+0.000 wz=+0.000 frame=55 aa 10 0c 00 00 00 00 00 00 00 00 00 00 00 00 1b
2026-07-10 01:53:33.579 RX func=0x80 payload=00 00 01 00 00 00 00 00 00 00 00 00 00 00 00 00 83 89 02 00 frame=55 aa 80 14 00 00 01 00 00 00 00 00 00 00 00 00 00 00 00 00 83 89 02 00 a2
2026-07-10 01:53:33.604 RX arm_feedback state=0 end=(-0.0008,-0.0000,0.3182) theta1=-3.1372 frame=55 aa 86 11 00 74 fd 4b ba 69 06 65 b6 27 e5 a2 3e 00 c8 48 c0 52
2026-07-10 01:53:33.619 RX arm_feedback state=0 end=(-0.0008,-0.0000,0.3182) theta1=-3.1372 frame=55 aa 86 11 00 74 fd 4b ba 69 06 65 b6 27 e5 a2 3e 00 c8 48 c0 52
2026-07-10 01:53:33.632 RX arm_feedback state=0 end=(-0.0008,-0.0000,0.3182) theta1=-3.1372 frame=55 aa 86 11 00 74 fd 4b ba 69 06 65 b6 27 e5 a2 3e 00 c8 48 c0 52
2026-07-10 01:53:33.635 TX mode:ERROR frame=55 aa 15 01 04 19
2026-07-10 01:53:33.640 TX chassis mode=ERROR vx=+0.000 vy=+0.000 wz=+0.000 frame=55 aa 10 0c 00 00 00 00 00 00 00 00 00 00 00 00 1b
2026-07-10 01:53:33.646 RX func=0x81 payload=0c 00 00 03 00 c8 48 c0 00 00 00 00 frame=55 aa 81 0c 0c 00 00 03 00 c8 48 c0 00 00 00 00 6b
2026-07-10 01:53:33.663 RX arm_feedback state=0 end=(-0.0008,-0.0000,0.3182) theta1=-3.1372 frame=55 aa 86 11 00 74 fd 4b ba 69 06 65 b6 27 e5 a2 3e 00 c8 48 c0 52
2026-07-10 01:53:33.677 RX arm_feedback state=0 end=(-0.0008,-0.0000,0.3182) theta1=-3.1372 frame=55 aa 86 11 00 74 fd 4b ba 69 06 65 b6 27 e5 a2 3e 00 c8 48 c0 52
2026-07-10 01:53:33.685 RX func=0x80 payload=00 00 01 00 00 00 00 00 00 00 00 00 00 00 00 00 e7 89 02 00 frame=55 aa 80 14 00 00 01 00 00 00 00 00 00 00 00 00 00 00 00 00 e7 89 02 00 06
2026-07-10 01:53:33.692 RX arm_feedback state=0 end=(-0.0008,-0.0000,0.3182) theta1=-3.1372 frame=55 aa 86 11 00 74 fd 4b ba 69 06 65 b6 27 e5 a2 3e 00 c8 48 c0 52
2026-07-10 01:53:33.708 TX chassis mode=ERROR vx=+0.000 vy=+0.000 wz=+0.000 frame=55 aa 10 0c 00 00 00 00 00 00 00 00 00 00 00 00 1b
2026-07-10 01:53:33.719 RX arm_feedback state=0 end=(-0.0008,-0.0000,0.3182) theta1=-3.1372 frame=55 aa 86 11 00 74 fd 4b ba 69 06 65 b6 27 e5 a2 3e 00 c8 48 c0 52
2026-07-10 01:53:33.732 RX arm_feedback state=0 end=(-0.0008,-0.0000,0.3182) theta1=-3.1372 frame=55 aa 86 11 00 74 fd 4b ba 69 06 65 b6 27 e5 a2 3e 00 c8 48 c0 52
2026-07-10 01:53:33.744 RX arm_feedback state=0 end=(-0.0008,-0.0000,0.3182) theta1=-3.1372 frame=55 aa 86 11 00 74 fd 4b ba 69 06 65 b6 27 e5 a2 3e 00 c8 48 c0 52
2026-07-10 01:53:33.762 RX arm_feedback state=0 end=(-0.0008,-0.0000,0.3182) theta1=-3.1372 frame=55 aa 86 11 00 74 fd 4b ba 69 06 65 b6 27 e5 a2 3e 00 c8 48 c0 52
2026-07-10 01:53:33.764 TX chassis mode=ERROR vx=+0.000 vy=+0.000 wz=+0.000 frame=55 aa 10 0c 00 00 00 00 00 00 00 00 00 00 00 00 1b
2026-07-10 01:53:33.782 RX func=0x80 payload=00 00 01 00 00 00 00 00 00 00 00 00 00 00 00 00 4b 8a 02 00 frame=55 aa 80 14 00 00 01 00 00 00 00 00 00 00 00 00 00 00 00 00 4b 8a 02 00 6b
2026-07-10 01:53:33.784 RX arm_feedback state=0 end=(-0.0008,-0.0000,0.3182) theta1=-3.1372 frame=55 aa 86 11 00 74 fd 4b ba 69 06 65 b6 27 e5 a2 3e 00 c8 48 c0 52
2026-07-10 01:53:33.803 RX arm_feedback state=0 end=(-0.0008,-0.0000,0.3182) theta1=-3.1372 frame=55 aa 86 11 00 74 fd 4b ba 69 06 65 b6 27 e5 a2 3e 00 c8 48 c0 52
2026-07-10 01:53:33.814 RX arm_feedback state=0 end=(-0.0008,-0.0000,0.3182) theta1=-3.1372 frame=55 aa 86 11 00 74 fd 4b ba 69 06 65 b6 27 e5 a2 3e 00 c8 48 c0 52
2026-07-10 01:53:33.815 RX func=0x81 payload=0d 00 00 03 00 9f 6c 3f 00 00 a0 bb frame=55 aa 81 0c 0d 00 00 03 00 9f 6c 3f 00 00 a0 bb 41
2026-07-10 01:53:33.828 TX mode:ERROR frame=55 aa 15 01 04 19
2026-07-10 01:53:33.843 TX chassis mode=ERROR vx=+0.000 vy=+0.000 wz=+0.000 frame=55 aa 10 0c 00 00 00 00 00 00 00 00 00 00 00 00 1b
2026-07-10 01:53:33.856 RX arm_feedback state=0 end=(-0.0008,-0.0000,0.3182) theta1=-3.1372 frame=55 aa 86 11 00 74 fd 4b ba 69 06 65 b6 27 e5 a2 3e 00 c8 48 c0 52
2026-07-10 01:53:33.857 RX arm_feedback state=0 end=(-0.0008,-0.0000,0.3182) theta1=-3.1372 frame=55 aa 86 11 00 74 fd 4b ba 69 06 65 b6 27 e5 a2 3e 00 c8 48 c0 52
2026-07-10 01:53:33.865 RX func=0x80 payload=00 00 01 00 00 00 00 00 00 00 00 00 00 00 00 00 af 8a 02 00 frame=55 aa 80 14 00 00 01 00 00 00 00 00 00 00 00 00 00 00 00 00 af 8a 02 00 cf
2026-07-10 01:53:33.882 RX arm_feedback state=0 end=(-0.0008,-0.0000,0.3182) theta1=-3.1372 frame=55 aa 86 11 00 74 fd 4b ba 69 06 65 b6 27 e5 a2 3e 00 c8 48 c0 52
2026-07-10 01:53:33.895 RX arm_feedback state=0 end=(-0.0008,-0.0000,0.3182) theta1=-3.1372 frame=55 aa 86 11 00 74 fd 4b ba 69 06 65 b6 27 e5 a2 3e 00 c8 48 c0 52
2026-07-10 01:53:33.908 TX chassis mode=ERROR vx=+0.000 vy=+0.000 wz=+0.000 frame=55 aa 10 0c 00 00 00 00 00 00 00 00 00 00 00 00 1b
2026-07-10 01:53:33.916 RX arm_feedback state=0 end=(-0.0008,-0.0000,0.3182) theta1=-3.1372 frame=55 aa 86 11 00 74 fd 4b ba 69 06 65 b6 27 e5 a2 3e 00 c8 48 c0 52
2026-07-10 01:53:33.930 RX arm_feedback state=0 end=(-0.0008,-0.0000,0.3182) theta1=-3.1372 frame=55 aa 86 11 00 74 fd 4b ba 69 06 65 b6 27 e5 a2 3e 00 c8 48 c0 52
2026-07-10 01:53:33.943 RX arm_feedback state=0 end=(-0.0008,-0.0000,0.3182) theta1=-3.1372 frame=55 aa 86 11 00 74 fd 4b ba 69 06 65 b6 27 e5 a2 3e 00 c8 48 c0 52
2026-07-10 01:53:33.944 TX chassis mode=ERROR vx=+0.000 vy=+0.000 wz=+0.000 frame=55 aa 10 0c 00 00 00 00 00 00 00 00 00 00 00 00 1b
2026-07-10 01:53:33.959 RX func=0x80 payload=00 00 01 00 00 00 00 00 00 00 00 00 00 00 00 00 13 8b 02 00 frame=55 aa 80 14 00 00 01 00 00 00 00 00 00 00 00 00 00 00 00 00 13 8b 02 00 34
2026-07-10 01:53:33.965 RX arm_feedback state=0 end=(-0.0008,-0.0000,0.3182) theta1=-3.1372 frame=55 aa 86 11 00 74 fd 4b ba 69 06 65 b6 27 e5 a2 3e 00 c8 48 c0 52
2026-07-10 01:53:33.986 RX arm_feedback state=0 end=(-0.0008,-0.0000,0.3182) theta1=-3.1372 frame=55 aa 86 11 00 74 fd 4b ba 69 06 65 b6 27 e5 a2 3e 00 c8 48 c0 52
2026-07-10 01:53:33.988 TX chassis mode=ERROR vx=+0.000 vy=+0.000 wz=+0.000 frame=55 aa 10 0c 00 00 00 00 00 00 00 00 00 00 00 00 1b
2026-07-10 01:53:33.999 RX arm_feedback state=0 end=(-0.0008,-0.0000,0.3182) theta1=-3.1372 frame=55 aa 86 11 00 74 fd 4b ba 69 06 65 b6 27 e5 a2 3e 00 c8 48 c0 52
2026-07-10 01:53:34.007 RX func=0x81 payload=0e 00 00 03 00 4e bb be 00 00 a0 bb frame=55 aa 81 0c 0e 00 00 03 00 4e bb be 00 00 a0 bb bf
2026-07-10 01:53:34.022 RX arm_feedback state=0 end=(-0.0008,-0.0000,0.3182) theta1=-3.1372 frame=55 aa 86 11 00 74 fd 4b ba 69 06 65 b6 27 e5 a2 3e 00 c8 48 c0 52
2026-07-10 01:53:34.034 TX mode:ERROR frame=55 aa 15 01 04 19
2026-07-10 01:53:34.036 TX chassis mode=ERROR vx=+0.000 vy=+0.000 wz=+0.000 frame=55 aa 10 0c 00 00 00 00 00 00 00 00 00 00 00 00 1b
2026-07-10 01:53:34.054 RX arm_feedback state=0 end=(-0.0008,-0.0000,0.3182) theta1=-3.1372 frame=55 aa 86 11 00 74 fd 4b ba 69 06 65 b6 27 e5 a2 3e 00 c8 48 c0 52
2026-07-10 01:53:34.058 RX func=0x80 payload=00 00 01 00 00 00 00 00 00 00 00 00 00 00 00 00 77 8b 02 00 frame=55 aa 80 14 00 00 01 00 00 00 00 00 00 00 00 00 00 00 00 00 77 8b 02 00 98
2026-07-10 01:53:34.072 RX arm_feedback state=0 end=(-0.0008,-0.0000,0.3182) theta1=-3.1372 frame=55 aa 86 11 00 74 fd 4b ba 69 06 65 b6 27 e5 a2 3e 00 c8 48 c0 52
2026-07-10 01:53:34.085 RX arm_feedback state=0 end=(-0.0008,-0.0000,0.3182) theta1=-3.1372 frame=55 aa 86 11 00 74 fd 4b ba 69 06 65 b6 27 e5 a2 3e 00 c8 48 c0 52
2026-07-10 01:53:34.094 TX chassis mode=ERROR vx=+0.000 vy=+0.000 wz=+0.000 frame=55 aa 10 0c 00 00 00 00 00 00 00 00 00 00 00 00 1b
2026-07-10 01:53:34.101 RX arm_feedback state=0 end=(-0.0008,-0.0000,0.3182) theta1=-3.1372 frame=55 aa 86 11 00 74 fd 4b ba 69 06 65 b6 27 e5 a2 3e 00 c8 48 c0 52
2026-07-10 01:53:34.115 RX arm_feedback state=0 end=(-0.0008,-0.0000,0.3182) theta1=-3.1372 frame=55 aa 86 11 00 74 fd 4b ba 69 06 65 b6 27 e5 a2 3e 00 c8 48 c0 52
2026-07-10 01:53:34.124 TX chassis mode=ERROR vx=+0.000 vy=+0.000 wz=+0.000 frame=55 aa 10 0c 00 00 00 00 00 00 00 00 00 00 00 00 1b
2026-07-10 01:53:34.129 RX arm_feedback state=0 end=(-0.0008,-0.0000,0.3182) theta1=-3.1372 frame=55 aa 86 11 00 74 fd 4b ba 69 06 65 b6 27 e5 a2 3e 00 c8 48 c0 52
2026-07-10 01:53:34.139 RX func=0x80 payload=00 00 01 00 00 00 00 00 00 00 00 00 00 00 00 00 db 8b 02 00 frame=55 aa 80 14 00 00 01 00 00 00 00 00 00 00 00 00 00 00 00 00 db 8b 02 00 fc
2026-07-10 01:53:34.148 RX arm_feedback state=0 end=(-0.0008,-0.0000,0.3182) theta1=-3.1372 frame=55 aa 86 11 00 74 fd 4b ba 69 06 65 b6 27 e5 a2 3e 00 c8 48 c0 52
2026-07-10 01:53:34.155 TX chassis mode=ERROR vx=+0.000 vy=+0.000 wz=+0.000 frame=55 aa 10 0c 00 00 00 00 00 00 00 00 00 00 00 00 1b
2026-07-10 01:53:34.163 RX arm_feedback state=0 end=(-0.0008,-0.0000,0.3182) theta1=-3.1372 frame=55 aa 86 11 00 74 fd 4b ba 69 06 65 b6 27 e5 a2 3e 00 c8 48 c0 52
2026-07-10 01:53:34.172 TX chassis mode=ERROR vx=+0.000 vy=+0.000 wz=+0.000 frame=55 aa 10 0c 00 00 00 00 00 00 00 00 00 00 00 00 1b
2026-07-10 01:53:34.182 RX arm_feedback state=0 end=(-0.0008,-0.0000,0.3182) theta1=-3.1372 frame=55 aa 86 11 00 74 fd 4b ba 69 06 65 b6 27 e5 a2 3e 00 c8 48 c0 52
2026-07-10 01:53:34.190 TX chassis mode=ERROR vx=+0.000 vy=+0.000 wz=+0.000 frame=55 aa 10 0c 00 00 00 00 00 00 00 00 00 00 00 00 1b
2026-07-10 01:53:34.203 RX func=0x81 payload=0f 00 00 03 00 6c e8 bf 00 00 00 00 frame=55 aa 81 0c 0f 00 00 03 00 6c e8 bf 00 00 00 00 b1
2026-07-10 01:53:34.214 RX arm_feedback state=0 end=(-0.0008,-0.0000,0.3182) theta1=-3.1372 frame=55 aa 86 11 00 74 fd 4b ba 69 06 65 b6 27 e5 a2 3e 00 c8 48 c0 52
2026-07-10 01:53:34.215 TX mode:ERROR frame=55 aa 15 01 04 19
2026-07-10 01:53:34.221 TX chassis mode=ERROR vx=+0.000 vy=+0.000 wz=+0.000 frame=55 aa 10 0c 00 00 00 00 00 00 00 00 00 00 00 00 1b
2026-07-10 01:53:34.235 RX arm_feedback state=0 end=(-0.0008,-0.0000,0.3182) theta1=-3.1372 frame=55 aa 86 11 00 74 fd 4b ba 69 06 65 b6 27 e5 a2 3e 00 c8 48 c0 52
2026-07-10 01:53:34.242 RX func=0x80 payload=00 00 01 00 00 00 00 00 00 00 00 00 00 00 00 00 3f 8c 02 00 frame=55 aa 80 14 00 00 01 00 00 00 00 00 00 00 00 00 00 00 00 00 3f 8c 02 00 61
2026-07-10 01:53:34.243 TX chassis mode=ERROR vx=+0.000 vy=+0.000 wz=+0.000 frame=55 aa 10 0c 00 00 00 00 00 00 00 00 00 00 00 00 1b
2026-07-10 01:53:34.255 RX arm_feedback state=0 end=(-0.0008,-0.0000,0.3182) theta1=-3.1372 frame=55 aa 86 11 00 74 fd 4b ba 69 06 65 b6 27 e5 a2 3e 00 c8 48 c0 52
2026-07-10 01:53:34.266 RX arm_feedback state=0 end=(-0.0008,-0.0000,0.3182) theta1=-3.1372 frame=55 aa 86 11 00 74 fd 4b ba 69 06 65 b6 27 e5 a2 3e 00 c8 48 c0 52
2026-07-10 01:53:34.267 TX chassis mode=ERROR vx=+0.000 vy=+0.000 wz=+0.000 frame=55 aa 10 0c 00 00 00 00 00 00 00 00 00 00 00 00 1b
2026-07-10 01:53:34.281 RX arm_feedback state=0 end=(-0.0008,-0.0000,0.3182) theta1=-3.1372 frame=55 aa 86 11 00 74 fd 4b ba 69 06 65 b6 27 e5 a2 3e 00 c8 48 c0 52
2026-07-10 01:53:34.282 TX chassis mode=ERROR vx=+0.000 vy=+0.000 wz=+0.000 frame=55 aa 10 0c 00 00 00 00 00 00 00 00 00 00 00 00 1b
2026-07-10 01:53:34.299 RX arm_feedback state=0 end=(-0.0008,-0.0000,0.3182) theta1=-3.1372 frame=55 aa 86 11 00 74 fd 4b ba 69 06 65 b6 27 e5 a2 3e 00 c8 48 c0 52
2026-07-10 01:53:34.306 TX chassis mode=ERROR vx=+0.000 vy=+0.000 wz=+0.000 frame=55 aa 10 0c 00 00 00 00 00 00 00 00 00 00 00 00 1b
2026-07-10 01:53:34.314 RX arm_feedback state=0 end=(-0.0008,-0.0000,0.3182) theta1=-3.1372 frame=55 aa 86 11 00 74 fd 4b ba 69 06 65 b6 27 e5 a2 3e 00 c8 48 c0 52
2026-07-10 01:53:34.327 TX chassis mode=ERROR vx=+0.000 vy=+0.000 wz=+0.000 frame=55 aa 10 0c 00 00 00 00 00 00 00 00 00 00 00 00 1b
2026-07-10 01:53:34.331 RX func=0x80 payload=00 00 01 00 00 00 00 00 00 00 00 00 00 00 00 00 a3 8c 02 00 frame=55 aa 80 14 00 00 01 00 00 00 00 00 00 00 00 00 00 00 00 00 a3 8c 02 00 c5
2026-07-10 01:53:34.345 RX arm_feedback state=0 end=(-0.0008,-0.0000,0.3182) theta1=-3.1372 frame=55 aa 86 11 00 74 fd 4b ba 69 06 65 b6 27 e5 a2 3e 00 c8 48 c0 52
2026-07-10 01:53:34.362 TX chassis mode=ERROR vx=+0.000 vy=+0.000 wz=+0.000 frame=55 aa 10 0c 00 00 00 00 00 00 00 00 00 00 00 00 1b
2026-07-10 01:53:34.367 RX arm_feedback state=0 end=(-0.0008,-0.0000,0.3182) theta1=-3.1372 frame=55 aa 86 11 00 74 fd 4b ba 69 06 65 b6 27 e5 a2 3e 00 c8 48 c0 52
2026-07-10 01:53:34.376 TX chassis mode=ERROR vx=+0.000 vy=+0.000 wz=+0.000 frame=55 aa 10 0c 00 00 00 00 00 00 00 00 00 00 00 00 1b
2026-07-10 01:53:34.390 RX arm_feedback state=0 end=(-0.0008,-0.0000,0.3182) theta1=-3.1372 frame=55 aa 86 11 00 74 fd 4b ba 69 06 65 b6 27 e5 a2 3e 00 c8 48 c0 52
2026-07-10 01:53:34.395 TX chassis mode=ERROR vx=+0.000 vy=+0.000 wz=+0.000 frame=55 aa 10 0c 00 00 00 00 00 00 00 00 00 00 00 00 1b
2026-07-10 01:53:34.412 RX arm_feedback state=0 end=(-0.0008,-0.0000,0.3182) theta1=-3.1372 frame=55 aa 86 11 00 74 fd 4b ba 69 06 65 b6 27 e5 a2 3e 00 c8 48 c0 52
2026-07-10 01:53:34.420 TX mode:ERROR frame=55 aa 15 01 04 19
2026-07-10 01:53:34.426 TX chassis mode=ERROR vx=+0.000 vy=+0.000 wz=+0.000 frame=55 aa 10 0c 00 00 00 00 00 00 00 00 00 00 00 00 1b
2026-07-10 01:53:34.436 RX arm_feedback state=0 end=(-0.0008,-0.0000,0.3182) theta1=-3.1372 frame=55 aa 86 11 00 74 fd 4b ba 69 06 65 b6 27 e5 a2 3e 00 c8 48 c0 52
2026-07-10 01:53:34.446 RX func=0x80 payload=00 00 01 00 00 00 00 00 00 00 00 00 00 00 00 00 07 8d 02 00 frame=55 aa 80 14 00 00 01 00 00 00 00 00 00 00 00 00 00 00 00 00 07 8d 02 00 2a
2026-07-10 01:53:34.455 TX chassis mode=ERROR vx=+0.000 vy=+0.000 wz=+0.000 frame=55 aa 10 0c 00 00 00 00 00 00 00 00 00 00 00 00 1b
2026-07-10 01:53:34.464 RX arm_feedback state=0 end=(-0.0008,-0.0000,0.3182) theta1=-3.1372 frame=55 aa 86 11 00 74 fd 4b ba 69 06 65 b6 27 e5 a2 3e 00 c8 48 c0 52
2026-07-10 01:53:34.478 RX arm_feedback state=0 end=(-0.0008,-0.0000,0.3182) theta1=-3.1372 frame=55 aa 86 11 00 74 fd 4b ba 69 06 65 b6 27 e5 a2 3e 00 c8 48 c0 52
2026-07-10 01:53:34.490 TX chassis mode=ERROR vx=+0.000 vy=+0.000 wz=+0.000 frame=55 aa 10 0c 00 00 00 00 00 00 00 00 00 00 00 00 1b
2026-07-10 01:53:34.507 RX arm_feedback state=0 end=(-0.0008,-0.0000,0.3182) theta1=-3.1372 frame=55 aa 86 11 00 74 fd 4b ba 69 06 65 b6 27 e5 a2 3e 00 c8 48 c0 52
2026-07-10 01:53:34.527 RX arm_feedback state=0 end=(-0.0008,-0.0000,0.3182) theta1=-3.1372 frame=55 aa 86 11 00 74 fd 4b ba 69 06 65 b6 27 e5 a2 3e 00 c8 48 c0 52
2026-07-10 01:53:34.542 TX chassis mode=ERROR vx=+0.000 vy=+0.000 wz=+0.000 frame=55 aa 10 0c 00 00 00 00 00 00 00 00 00 00 00 00 1b
2026-07-10 01:53:34.550 RX arm_feedback state=0 end=(-0.0008,-0.0000,0.3182) theta1=-3.1372 frame=55 aa 86 11 00 74 fd 4b ba 69 06 65 b6 27 e5 a2 3e 00 c8 48 c0 52
2026-07-10 01:53:34.558 RX func=0x80 payload=00 00 01 00 00 00 00 00 00 00 00 00 00 00 00 00 6b 8d 02 00 frame=55 aa 80 14 00 00 01 00 00 00 00 00 00 00 00 00 00 00 00 00 6b 8d 02 00 8e
2026-07-10 01:53:34.568 RX arm_feedback state=0 end=(-0.0008,-0.0000,0.3182) theta1=-3.1372 frame=55 aa 86 11 00 74 fd 4b ba 69 06 65 b6 27 e5 a2 3e 00 c8 48 c0 52
2026-07-10 01:53:34.603 RX arm_feedback state=0 end=(-0.0008,-0.0000,0.3182) theta1=-3.1372 frame=55 aa 86 11 00 74 fd 4b ba 69 06 65 b6 27 e5 a2 3e 00 c8 48 c0 52
2026-07-10 01:53:34.607 TX chassis mode=ERROR vx=+0.000 vy=+0.000 wz=+0.000 frame=55 aa 10 0c 00 00 00 00 00 00 00 00 00 00 00 00 1b
2026-07-10 01:53:34.622 RX arm_feedback state=0 end=(-0.0008,-0.0000,0.3182) theta1=-3.1372 frame=55 aa 86 11 00 74 fd 4b ba 69 06 65 b6 27 e5 a2 3e 00 c8 48 c0 52
2026-07-10 01:53:34.639 RX arm_feedback state=0 end=(-0.0008,-0.0000,0.3182) theta1=-3.1372 frame=55 aa 86 11 00 74 fd 4b ba 69 06 65 b6 27 e5 a2 3e 00 c8 48 c0 52
2026-07-10 01:53:34.649 RX arm_feedback state=0 end=(-0.0008,-0.0000,0.3182) theta1=-3.1372 frame=55 aa 86 11 00 74 fd 4b ba 69 06 65 b6 27 e5 a2 3e 00 c8 48 c0 52
2026-07-10 01:53:34.664 TX mode:ERROR frame=55 aa 15 01 04 19
2026-07-10 01:53:34.665 TX chassis mode=ERROR vx=+0.000 vy=+0.000 wz=+0.000 frame=55 aa 10 0c 00 00 00 00 00 00 00 00 00 00 00 00 1b
2026-07-10 01:53:34.671 RX func=0x80 payload=00 00 01 00 00 00 00 00 00 00 00 00 00 00 00 00 cf 8d 02 00 frame=55 aa 80 14 00 00 01 00 00 00 00 00 00 00 00 00 00 00 00 00 cf 8d 02 00 f2
2026-07-10 01:53:34.680 RX arm_feedback state=0 end=(-0.0008,-0.0000,0.3182) theta1=-3.1372 frame=55 aa 86 11 00 74 fd 4b ba 69 06 65 b6 27 e5 a2 3e 00 c8 48 c0 52
2026-07-10 01:53:34.697 RX arm_feedback state=0 end=(-0.0008,-0.0000,0.3182) theta1=-3.1372 frame=55 aa 86 11 00 74 fd 4b ba 69 06 65 b6 27 e5 a2 3e 00 c8 48 c0 52
2026-07-10 01:53:34.711 RX arm_feedback state=0 end=(-0.0008,-0.0000,0.3182) theta1=-3.1372 frame=55 aa 86 11 00 74 fd 4b ba 69 06 65 b6 27 e5 a2 3e 00 c8 48 c0 52
2026-07-10 01:53:34.720 TX chassis mode=ERROR vx=+0.000 vy=+0.000 wz=+0.000 frame=55 aa 10 0c 00 00 00 00 00 00 00 00 00 00 00 00 1b
2026-07-10 01:53:34.730 RX arm_feedback state=0 end=(-0.0008,-0.0000,0.3182) theta1=-3.1372 frame=55 aa 86 11 00 74 fd 4b ba 69 06 65 b6 27 e5 a2 3e 00 c8 48 c0 52
2026-07-10 01:53:34.747 RX arm_feedback state=0 end=(-0.0008,-0.0000,0.3182) theta1=-3.1372 frame=55 aa 86 11 00 74 fd 4b ba 69 06 65 b6 27 e5 a2 3e 00 c8 48 c0 52
2026-07-10 01:53:34.756 RX func=0x80 payload=00 00 01 00 00 00 00 00 00 00 00 00 00 00 00 00 33 8e 02 00 frame=55 aa 80 14 00 00 01 00 00 00 00 00 00 00 00 00 00 00 00 00 33 8e 02 00 57
2026-07-10 01:53:34.764 RX arm_feedback state=0 end=(-0.0008,-0.0000,0.3182) theta1=-3.1372 frame=55 aa 86 11 00 74 fd 4b ba 69 06 65 b6 27 e5 a2 3e 00 c8 48 c0 52
2026-07-10 01:53:34.772 TX chassis mode=ERROR vx=+0.000 vy=+0.000 wz=+0.000 frame=55 aa 10 0c 00 00 00 00 00 00 00 00 00 00 00 00 1b
2026-07-10 01:53:34.792 RX arm_feedback state=0 end=(-0.0008,-0.0000,0.3182) theta1=-3.1372 frame=55 aa 86 11 00 74 fd 4b ba 69 06 65 b6 27 e5 a2 3e 00 c8 48 c0 52
2026-07-10 01:53:34.800 RX arm_feedback state=0 end=(-0.0008,-0.0000,0.3182) theta1=-3.1372 frame=55 aa 86 11 00 74 fd 4b ba 69 06 65 b6 27 e5 a2 3e 00 c8 48 c0 52
2026-07-10 01:53:34.816 TX chassis mode=ERROR vx=+0.000 vy=+0.000 wz=+0.000 frame=55 aa 10 0c 00 00 00 00 00 00 00 00 00 00 00 00 1b
2026-07-10 01:53:34.822 RX func=0x81 payload=00 00 00 02 e6 7c 41 bf 73 94 3e 3c frame=55 aa 81 0c 00 00 00 02 e6 7c 41 bf 73 94 3e 3c 71
2026-07-10 01:53:34.834 RX arm_feedback state=0 end=(-0.0008,-0.0000,0.3182) theta1=-3.1372 frame=55 aa 86 11 00 74 fd 4b ba 69 06 65 b6 27 e5 a2 3e 00 c8 48 c0 52
2026-07-10 01:53:34.845 RX arm_feedback state=0 end=(-0.0008,-0.0000,0.3182) theta1=-3.1372 frame=55 aa 86 11 00 74 fd 4b ba 69 06 65 b6 27 e5 a2 3e 00 c8 48 c0 52
2026-07-10 01:53:34.846 TX mode:ERROR frame=55 aa 15 01 04 19
2026-07-10 01:53:34.846 TX chassis mode=ERROR vx=+0.000 vy=+0.000 wz=+0.000 frame=55 aa 10 0c 00 00 00 00 00 00 00 00 00 00 00 00 1b
2026-07-10 01:53:34.858 RX func=0x80 payload=00 00 01 00 00 00 00 00 00 00 00 00 00 00 00 00 97 8e 02 00 frame=55 aa 80 14 00 00 01 00 00 00 00 00 00 00 00 00 00 00 00 00 97 8e 02 00 bb
2026-07-10 01:53:34.868 RX arm_feedback state=0 end=(-0.0008,-0.0000,0.3182) theta1=-3.1372 frame=55 aa 86 11 00 74 fd 4b ba 69 06 65 b6 27 e5 a2 3e 00 c8 48 c0 52
2026-07-10 01:53:34.885 RX arm_feedback state=0 end=(-0.0008,-0.0000,0.3182) theta1=-3.1372 frame=55 aa 86 11 00 74 fd 4b ba 69 06 65 b6 27 e5 a2 3e 00 c8 48 c0 52
2026-07-10 01:53:34.892 TX chassis mode=ERROR vx=+0.000 vy=+0.000 wz=+0.000 frame=55 aa 10 0c 00 00 00 00 00 00 00 00 00 00 00 00 1b
2026-07-10 01:53:34.905 RX arm_feedback state=0 end=(-0.0008,-0.0000,0.3182) theta1=-3.1372 frame=55 aa 86 11 00 74 fd 4b ba 69 06 65 b6 27 e5 a2 3e 00 c8 48 c0 52
2026-07-10 01:53:34.916 RX arm_feedback state=0 end=(-0.0008,-0.0000,0.3182) theta1=-3.1372 frame=55 aa 86 11 00 74 fd 4b ba 69 06 65 b6 27 e5 a2 3e 00 c8 48 c0 52
2026-07-10 01:53:34.922 TX chassis mode=ERROR vx=+0.000 vy=+0.000 wz=+0.000 frame=55 aa 10 0c 00 00 00 00 00 00 00 00 00 00 00 00 1b
2026-07-10 01:53:34.934 RX arm_feedback state=0 end=(-0.0008,-0.0000,0.3182) theta1=-3.1372 frame=55 aa 86 11 00 74 fd 4b ba 69 06 65 b6 27 e5 a2 3e 00 c8 48 c0 52
2026-07-10 01:53:34.943 RX func=0x80 payload=00 00 01 00 00 00 00 00 00 00 00 00 00 00 00 00 fb 8e 02 00 frame=55 aa 80 14 00 00 01 00 00 00 00 00 00 00 00 00 00 00 00 00 fb 8e 02 00 1f
2026-07-10 01:53:34.945 TX chassis mode=ERROR vx=+0.000 vy=+0.000 wz=+0.000 frame=55 aa 10 0c 00 00 00 00 00 00 00 00 00 00 00 00 1b
2026-07-10 01:53:34.958 RX arm_feedback state=0 end=(-0.0008,-0.0000,0.3182) theta1=-3.1372 frame=55 aa 86 11 00 74 fd 4b ba 69 06 65 b6 27 e5 a2 3e 00 c8 48 c0 52
2026-07-10 01:53:34.968 TX chassis mode=ERROR vx=+0.000 vy=+0.000 wz=+0.000 frame=55 aa 10 0c 00 00 00 00 00 00 00 00 00 00 00 00 1b
2026-07-10 01:53:34.992 RX arm_feedback state=0 end=(-0.0008,-0.0000,0.3182) theta1=-3.1372 frame=55 aa 86 11 00 74 fd 4b ba 69 06 65 b6 27 e5 a2 3e 00 c8 48 c0 52
2026-07-10 01:53:35.006 RX arm_feedback state=0 end=(-0.0008,-0.0000,0.3182) theta1=-3.1372 frame=55 aa 86 11 00 74 fd 4b ba 69 06 65 b6 27 e5 a2 3e 00 c8 48 c0 52
2026-07-10 01:53:35.012 TX chassis mode=ERROR vx=+0.000 vy=+0.000 wz=+0.000 frame=55 aa 10 0c 00 00 00 00 00 00 00 00 00 00 00 00 1b
2026-07-10 01:53:35.019 RX func=0x81 payload=01 00 00 02 ce 1d 07 c0 27 76 4e 3d frame=55 aa 81 0c 01 00 00 02 ce 1d 07 c0 27 76 4e 3d 69
2026-07-10 01:53:35.031 RX arm_feedback state=0 end=(-0.0008,-0.0000,0.3182) theta1=-3.1372 frame=55 aa 86 11 00 74 fd 4b ba 69 06 65 b6 27 e5 a2 3e 00 c8 48 c0 52
2026-07-10 01:53:35.042 RX arm_feedback state=0 end=(-0.0008,-0.0000,0.3182) theta1=-3.1372 frame=55 aa 86 11 00 74 fd 4b ba 69 06 65 b6 27 e5 a2 3e 00 c8 48 c0 52
2026-07-10 01:53:35.048 TX chassis mode=ERROR vx=+0.000 vy=+0.000 wz=+0.000 frame=55 aa 10 0c 00 00 00 00 00 00 00 00 00 00 00 00 1b
2026-07-10 01:53:35.059 RX func=0x80 payload=00 00 01 00 00 00 00 00 00 00 00 00 00 00 00 00 5f 8f 02 00 frame=55 aa 80 14 00 00 01 00 00 00 00 00 00 00 00 00 00 00 00 00 5f 8f 02 00 84
2026-07-10 01:53:35.072 RX arm_feedback state=0 end=(-0.0008,-0.0000,0.3182) theta1=-3.1372 frame=55 aa 86 11 00 74 fd 4b ba 69 06 65 b6 27 e5 a2 3e 00 c8 48 c0 52
2026-07-10 01:53:35.077 RX arm_feedback state=0 end=(-0.0008,-0.0000,0.3182) theta1=-3.1372 frame=55 aa 86 11 00 74 fd 4b ba 69 06 65 b6 27 e5 a2 3e 00 c8 48 c0 52
2026-07-10 01:53:35.087 TX mode:ERROR frame=55 aa 15 01 04 19
2026-07-10 01:53:35.089 TX chassis mode=ERROR vx=+0.000 vy=+0.000 wz=+0.000 frame=55 aa 10 0c 00 00 00 00 00 00 00 00 00 00 00 00 1b
2026-07-10 01:53:35.102 RX arm_feedback state=0 end=(-0.0008,-0.0000,0.3182) theta1=-3.1372 frame=55 aa 86 11 00 74 fd 4b ba 69 06 65 b6 27 e5 a2 3e 00 c8 48 c0 52
2026-07-10 01:53:35.110 RX arm_feedback state=0 end=(-0.0008,-0.0000,0.3182) theta1=-3.1372 frame=55 aa 86 11 00 74 fd 4b ba 69 06 65 b6 27 e5 a2 3e 00 c8 48 c0 52
2026-07-10 01:53:35.119 TX chassis mode=ERROR vx=+0.000 vy=+0.000 wz=+0.000 frame=55 aa 10 0c 00 00 00 00 00 00 00 00 00 00 00 00 1b
2026-07-10 01:53:35.129 RX arm_feedback state=0 end=(-0.0008,-0.0000,0.3182) theta1=-3.1372 frame=55 aa 86 11 00 74 fd 4b ba 69 06 65 b6 27 e5 a2 3e 00 c8 48 c0 52
2026-07-10 01:53:35.130 TX chassis mode=ERROR vx=+0.000 vy=+0.000 wz=+0.000 frame=55 aa 10 0c 00 00 00 00 00 00 00 00 00 00 00 00 1b
2026-07-10 01:53:35.146 RX func=0x80 payload=00 00 01 00 00 00 00 00 00 00 00 00 00 00 00 00 c3 8f 02 00 frame=55 aa 80 14 00 00 01 00 00 00 00 00 00 00 00 00 00 00 00 00 c3 8f 02 00 e8
2026-07-10 01:53:35.166 RX arm_feedback state=0 end=(-0.0008,-0.0000,0.3182) theta1=-3.1372 frame=55 aa 86 11 00 74 fd 4b ba 69 06 65 b6 27 e5 a2 3e 00 c8 48 c0 52
2026-07-10 01:53:35.167 TX chassis mode=ERROR vx=+0.000 vy=+0.000 wz=+0.000 frame=55 aa 10 0c 00 00 00 00 00 00 00 00 00 00 00 00 1b
2026-07-10 01:53:35.187 RX arm_feedback state=0 end=(-0.0008,-0.0000,0.3182) theta1=-3.1372 frame=55 aa 86 11 00 74 fd 4b ba 69 06 65 b6 27 e5 a2 3e 00 c8 48 c0 52
2026-07-10 01:53:35.188 RX arm_feedback state=0 end=(-0.0008,-0.0000,0.3182) theta1=-3.1372 frame=55 aa 86 11 00 74 fd 4b ba 69 06 65 b6 27 e5 a2 3e 00 c8 48 c0 52
2026-07-10 01:53:35.222 TX chassis mode=ERROR vx=+0.000 vy=+0.000 wz=+0.000 frame=55 aa 10 0c 00 00 00 00 00 00 00 00 00 00 00 00 1b
2026-07-10 01:53:35.242 RX func=0x81 payload=02 00 01 01 8b 56 03 bf 13 40 a3 3c frame=55 aa 81 0c 02 00 01 01 8b 56 03 bf 13 40 a3 3c 65
2026-07-10 01:53:35.250 RX arm_feedback state=0 end=(-0.0008,-0.0000,0.3182) theta1=-3.1372 frame=55 aa 86 11 00 74 fd 4b ba 69 06 65 b6 27 e5 a2 3e 00 c8 48 c0 52
2026-07-10 01:53:35.259 RX arm_feedback state=0 end=(-0.0008,-0.0000,0.3182) theta1=-3.1372 frame=55 aa 86 11 00 74 fd 4b ba 69 06 65 b6 27 e5 a2 3e 00 c8 48 c0 52
2026-07-10 01:53:35.269 RX func=0x80 payload=00 00 01 00 00 00 00 00 00 00 00 00 00 00 00 00 27 90 02 00 frame=55 aa 80 14 00 00 01 00 00 00 00 00 00 00 00 00 00 00 00 00 27 90 02 00 4d
2026-07-10 01:53:35.275 RX arm_feedback state=0 end=(-0.0008,-0.0000,0.3182) theta1=-3.1372 frame=55 aa 86 11 00 74 fd 4b ba 69 06 65 b6 27 e5 a2 3e 00 c8 48 c0 52
2026-07-10 01:53:35.301 TX chassis mode=ERROR vx=+0.000 vy=+0.000 wz=+0.000 frame=55 aa 10 0c 00 00 00 00 00 00 00 00 00 00 00 00 1b
2026-07-10 01:53:35.316 RX arm_feedback state=0 end=(-0.0008,-0.0000,0.3182) theta1=-3.1372 frame=55 aa 86 11 00 74 fd 4b ba 69 06 65 b6 27 e5 a2 3e 00 c8 48 c0 52
2026-07-10 01:53:35.329 RX arm_feedback state=0 end=(-0.0008,-0.0000,0.3182) theta1=-3.1372 frame=55 aa 86 11 00 74 fd 4b ba 69 06 65 b6 27 e5 a2 3e 00 c8 48 c0 52
2026-07-10 01:53:35.346 RX arm_feedback state=0 end=(-0.0008,-0.0000,0.3182) theta1=-3.1372 frame=55 aa 86 11 00 74 fd 4b ba 69 06 65 b6 27 e5 a2 3e 00 c8 48 c0 52
2026-07-10 01:53:35.362 TX mode:ERROR frame=55 aa 15 01 04 19
2026-07-10 01:53:35.365 TX chassis mode=ERROR vx=+0.000 vy=+0.000 wz=+0.000 frame=55 aa 10 0c 00 00 00 00 00 00 00 00 00 00 00 00 1b
2026-07-10 01:53:35.367 RX arm_feedback state=0 end=(-0.0008,-0.0000,0.3182) theta1=-3.1372 frame=55 aa 86 11 00 74 fd 4b ba 69 06 65 b6 27 e5 a2 3e 00 c8 48 c0 52
2026-07-10 01:53:35.374 RX func=0x80 payload=00 00 01 00 00 00 00 00 00 00 00 00 00 00 00 00 8b 90 02 00 frame=55 aa 80 14 00 00 01 00 00 00 00 00 00 00 00 00 00 00 00 00 8b 90 02 00 b1
2026-07-10 01:53:35.379 RX arm_feedback state=0 end=(-0.0008,-0.0000,0.3182) theta1=-3.1372 frame=55 aa 86 11 00 74 fd 4b ba 69 06 65 b6 27 e5 a2 3e 00 c8 48 c0 52
2026-07-10 01:53:35.396 RX arm_feedback state=0 end=(-0.0008,-0.0000,0.3182) theta1=-3.1372 frame=55 aa 86 11 00 74 fd 4b ba 69 06 65 b6 27 e5 a2 3e 00 c8 48 c0 52
2026-07-10 01:53:35.398 TX chassis mode=ERROR vx=+0.000 vy=+0.000 wz=+0.000 frame=55 aa 10 0c 00 00 00 00 00 00 00 00 00 00 00 00 1b
2026-07-10 01:53:35.410 RX arm_feedback state=0 end=(-0.0008,-0.0000,0.3182) theta1=-3.1372 frame=55 aa 86 11 00 74 fd 4b ba 69 06 65 b6 27 e5 a2 3e 00 c8 48 c0 52
2026-07-10 01:53:35.416 RX func=0x81 payload=03 00 00 02 d6 94 18 c0 56 ef 0e 3d frame=55 aa 81 0c 03 00 00 02 d6 94 18 c0 56 ef 0e 3d 63
2026-07-10 01:53:35.417 RX arm_feedback state=0 end=(-0.0008,-0.0000,0.3182) theta1=-3.1372 frame=55 aa 86 11 00 74 fd 4b ba 69 06 65 b6 27 e5 a2 3e 00 c8 48 c0 52
2026-07-10 01:53:35.435 TX chassis mode=ERROR vx=+0.000 vy=+0.000 wz=+0.000 frame=55 aa 10 0c 00 00 00 00 00 00 00 00 00 00 00 00 1b
2026-07-10 01:53:35.439 RX arm_feedback state=0 end=(-0.0008,-0.0000,0.3182) theta1=-3.1372 frame=55 aa 86 11 00 74 fd 4b ba 69 06 65 b6 27 e5 a2 3e 00 c8 48 c0 52
2026-07-10 01:53:35.448 RX func=0x80 payload=00 00 01 00 00 00 00 00 00 00 00 00 00 00 00 00 ef 90 02 00 frame=55 aa 80 14 00 00 01 00 00 00 00 00 00 00 00 00 00 00 00 00 ef 90 02 00 15
2026-07-10 01:53:35.460 RX arm_feedback state=0 end=(-0.0008,-0.0000,0.3182) theta1=-3.1372 frame=55 aa 86 11 00 74 fd 4b ba 69 06 65 b6 27 e5 a2 3e 00 c8 48 c0 52
2026-07-10 01:53:35.481 TX chassis mode=ERROR vx=+0.000 vy=+0.000 wz=+0.000 frame=55 aa 10 0c 00 00 00 00 00 00 00 00 00 00 00 00 1b
2026-07-10 01:53:35.490 RX arm_feedback state=0 end=(-0.0008,-0.0000,0.3182) theta1=-3.1372 frame=55 aa 86 11 00 74 fd 4b ba 69 06 65 b6 27 e5 a2 3e 00 c8 48 c0 52
2026-07-10 01:53:35.493 RX arm_feedback state=0 end=(-0.0008,-0.0000,0.3182) theta1=-3.1372 frame=55 aa 86 11 00 74 fd 4b ba 69 06 65 b6 27 e5 a2 3e 00 c8 48 c0 52
2026-07-10 01:53:35.498 RX arm_feedback state=0 end=(-0.0008,-0.0000,0.3182) theta1=-3.1372 frame=55 aa 86 11 00 74 fd 4b ba 69 06 65 b6 27 e5 a2 3e 00 c8 48 c0 52
2026-07-10 01:53:35.500 TX chassis mode=ERROR vx=+0.000 vy=+0.000 wz=+0.000 frame=55 aa 10 0c 00 00 00 00 00 00 00 00 00 00 00 00 1b
2026-07-10 01:53:35.501 TX chassis mode=ERROR vx=+0.000 vy=+0.000 wz=+0.000 frame=55 aa 10 0c 00 00 00 00 00 00 00 00 00 00 00 00 1b
2026-07-10 01:53:35.519 RX arm_feedback state=0 end=(-0.0008,-0.0000,0.3182) theta1=-3.1372 frame=55 aa 86 11 00 74 fd 4b ba 69 06 65 b6 27 e5 a2 3e 00 c8 48 c0 52
2026-07-10 01:53:35.523 TX mode:ERROR frame=55 aa 15 01 04 19
2026-07-10 01:53:35.523 TX chassis mode=ERROR vx=+0.000 vy=+0.000 wz=+0.000 frame=55 aa 10 0c 00 00 00 00 00 00 00 00 00 00 00 00 1b
2026-07-10 01:53:35.539 RX func=0x80 payload=00 00 01 00 00 00 00 00 00 00 00 00 00 00 00 00 53 91 02 00 frame=55 aa 80 14 00 00 01 00 00 00 00 00 00 00 00 00 00 00 00 00 53 91 02 00 7a
2026-07-10 01:53:35.542 RX arm_feedback state=0 end=(-0.0008,-0.0000,0.3182) theta1=-3.1372 frame=55 aa 86 11 00 74 fd 4b ba 69 06 65 b6 27 e5 a2 3e 00 c8 48 c0 52
2026-07-10 01:53:35.547 TX chassis mode=ERROR vx=+0.000 vy=+0.000 wz=+0.000 frame=55 aa 10 0c 00 00 00 00 00 00 00 00 00 00 00 00 1b
2026-07-10 01:53:35.559 RX arm_feedback state=0 end=(-0.0008,-0.0000,0.3182) theta1=-3.1372 frame=55 aa 86 11 00 74 fd 4b ba 69 06 65 b6 27 e5 a2 3e 00 c8 48 c0 52
2026-07-10 01:53:35.562 TX chassis mode=ERROR vx=+0.000 vy=+0.000 wz=+0.000 frame=55 aa 10 0c 00 00 00 00 00 00 00 00 00 00 00 00 1b
2026-07-10 01:53:35.579 RX arm_feedback state=0 end=(-0.0008,-0.0000,0.3182) theta1=-3.1372 frame=55 aa 86 11 00 74 fd 4b ba 69 06 65 b6 27 e5 a2 3e 00 c8 48 c0 52
2026-07-10 01:53:35.585 TX chassis mode=ERROR vx=+0.000 vy=+0.000 wz=+0.000 frame=55 aa 10 0c 00 00 00 00 00 00 00 00 00 00 00 00 1b
2026-07-10 01:53:35.599 RX func=0x81 payload=04 00 00 02 74 da 86 bf 0a d1 9e 3c frame=55 aa 81 0c 04 00 00 02 74 da 86 bf 0a d1 9e 3c da
2026-07-10 01:53:35.604 RX arm_feedback state=0 end=(-0.0008,-0.0000,0.3182) theta1=-3.1372 frame=55 aa 86 11 00 74 fd 4b ba 69 06 65 b6 27 e5 a2 3e 00 c8 48 c0 52
2026-07-10 01:53:35.606 TX chassis mode=ERROR vx=+0.000 vy=+0.000 wz=+0.000 frame=55 aa 10 0c 00 00 00 00 00 00 00 00 00 00 00 00 1b
2026-07-10 01:53:35.619 RX arm_feedback state=0 end=(-0.0008,-0.0000,0.3182) theta1=-3.1372 frame=55 aa 86 11 00 74 fd 4b ba 69 06 65 b6 27 e5 a2 3e 00 c8 48 c0 52
2026-07-10 01:53:35.620 TX chassis mode=ERROR vx=+0.000 vy=+0.000 wz=+0.000 frame=55 aa 10 0c 00 00 00 00 00 00 00 00 00 00 00 00 1b
2026-07-10 01:53:35.639 RX func=0x80 payload=00 00 01 00 00 00 00 00 00 00 00 00 00 00 00 00 b7 91 02 00 frame=55 aa 80 14 00 00 01 00 00 00 00 00 00 00 00 00 00 00 00 00 b7 91 02 00 de
2026-07-10 01:53:35.644 RX arm_feedback state=0 end=(-0.0008,-0.0000,0.3182) theta1=-3.1372 frame=55 aa 86 11 00 74 fd 4b ba 69 06 65 b6 27 e5 a2 3e 00 c8 48 c0 52
2026-07-10 01:53:35.647 TX chassis mode=ERROR vx=+0.000 vy=+0.000 wz=+0.000 frame=55 aa 10 0c 00 00 00 00 00 00 00 00 00 00 00 00 1b
2026-07-10 01:53:35.660 RX arm_feedback state=0 end=(-0.0008,-0.0000,0.3182) theta1=-3.1372 frame=55 aa 86 11 00 74 fd 4b ba 69 06 65 b6 27 e5 a2 3e 00 c8 48 c0 52
2026-07-10 01:53:35.665 TX chassis mode=ERROR vx=+0.000 vy=+0.000 wz=+0.000 frame=55 aa 10 0c 00 00 00 00 00 00 00 00 00 00 00 00 1b
2026-07-10 01:53:35.679 RX arm_feedback state=0 end=(-0.0008,-0.0000,0.3182) theta1=-3.1372 frame=55 aa 86 11 00 74 fd 4b ba 69 06 65 b6 27 e5 a2 3e 00 c8 48 c0 52
2026-07-10 01:53:35.683 TX chassis mode=ERROR vx=+0.000 vy=+0.000 wz=+0.000 frame=55 aa 10 0c 00 00 00 00 00 00 00 00 00 00 00 00 1b
2026-07-10 01:53:35.699 RX arm_feedback state=0 end=(-0.0008,-0.0000,0.3182) theta1=-3.1372 frame=55 aa 86 11 00 74 fd 4b ba 69 06 65 b6 27 e5 a2 3e 00 c8 48 c0 52
2026-07-10 01:53:35.704 TX chassis mode=ERROR vx=+0.000 vy=+0.000 wz=+0.000 frame=55 aa 10 0c 00 00 00 00 00 00 00 00 00 00 00 00 1b
2026-07-10 01:53:35.719 RX arm_feedback state=0 end=(-0.0008,-0.0000,0.3182) theta1=-3.1372 frame=55 aa 86 11 00 74 fd 4b ba 69 06 65 b6 27 e5 a2 3e 00 c8 48 c0 52
2026-07-10 01:53:35.721 TX chassis mode=ERROR vx=+0.000 vy=+0.000 wz=+0.000 frame=55 aa 10 0c 00 00 00 00 00 00 00 00 00 00 00 00 1b
2026-07-10 01:53:35.740 RX func=0x80 payload=00 00 01 00 00 00 00 00 00 00 00 00 00 00 00 00 1b 92 02 00 frame=55 aa 80 14 00 00 01 00 00 00 00 00 00 00 00 00 00 00 00 00 1b 92 02 00 43
2026-07-10 01:53:35.743 RX arm_feedback state=0 end=(-0.0008,-0.0000,0.3182) theta1=-3.1372 frame=55 aa 86 11 00 74 fd 4b ba 69 06 65 b6 27 e5 a2 3e 00 c8 48 c0 52
2026-07-10 01:53:35.747 TX mode:ERROR frame=55 aa 15 01 04 19
2026-07-10 01:53:35.748 TX chassis mode=ERROR vx=+0.000 vy=+0.000 wz=+0.000 frame=55 aa 10 0c 00 00 00 00 00 00 00 00 00 00 00 00 1b
2026-07-10 01:53:35.759 RX arm_feedback state=0 end=(-0.0008,-0.0000,0.3182) theta1=-3.1372 frame=55 aa 86 11 00 74 fd 4b ba 69 06 65 b6 27 e5 a2 3e 00 c8 48 c0 52
2026-07-10 01:53:35.761 TX chassis mode=ERROR vx=+0.000 vy=+0.000 wz=+0.000 frame=55 aa 10 0c 00 00 00 00 00 00 00 00 00 00 00 00 1b
2026-07-10 01:53:35.779 RX arm_feedback state=0 end=(-0.0008,-0.0000,0.3182) theta1=-3.1372 frame=55 aa 86 11 00 74 fd 4b ba 69 06 65 b6 27 e5 a2 3e 00 c8 48 c0 52
2026-07-10 01:53:35.784 TX chassis mode=ERROR vx=+0.000 vy=+0.000 wz=+0.000 frame=55 aa 10 0c 00 00 00 00 00 00 00 00 00 00 00 00 1b
2026-07-10 01:53:35.799 RX func=0x81 payload=05 00 01 01 fb f9 63 bc 00 00 00 80 frame=55 aa 81 0c 05 00 01 01 fb f9 63 bc 00 00 00 80 26
2026-07-10 01:53:35.804 RX arm_feedback state=0 end=(-0.0008,-0.0000,0.3182) theta1=-3.1372 frame=55 aa 86 11 00 74 fd 4b ba 69 06 65 b6 27 e5 a2 3e 00 c8 48 c0 52
2026-07-10 01:53:35.810 TX chassis mode=ERROR vx=+0.000 vy=+0.000 wz=+0.000 frame=55 aa 10 0c 00 00 00 00 00 00 00 00 00 00 00 00 1b
2026-07-10 01:53:35.819 RX arm_feedback state=0 end=(-0.0008,-0.0000,0.3182) theta1=-3.1372 frame=55 aa 86 11 00 74 fd 4b ba 69 06 65 b6 27 e5 a2 3e 00 c8 48 c0 52
2026-07-10 01:53:35.824 TX chassis mode=ERROR vx=+0.000 vy=+0.000 wz=+0.000 frame=55 aa 10 0c 00 00 00 00 00 00 00 00 00 00 00 00 1b
2026-07-10 01:53:35.840 RX func=0x80 payload=00 00 01 00 00 00 00 00 00 00 00 00 00 00 00 00 7f 92 02 00 frame=55 aa 80 14 00 00 01 00 00 00 00 00 00 00 00 00 00 00 00 00 7f 92 02 00 a7
2026-07-10 01:53:35.841 RX arm_feedback state=0 end=(-0.0008,-0.0000,0.3182) theta1=-3.1372 frame=55 aa 86 11 00 74 fd 4b ba 69 06 65 b6 27 e5 a2 3e 00 c8 48 c0 52
2026-07-10 01:53:35.842 TX chassis mode=ERROR vx=+0.000 vy=+0.000 wz=+0.000 frame=55 aa 10 0c 00 00 00 00 00 00 00 00 00 00 00 00 1b
2026-07-10 01:53:35.859 RX arm_feedback state=0 end=(-0.0008,-0.0000,0.3182) theta1=-3.1372 frame=55 aa 86 11 00 74 fd 4b ba 69 06 65 b6 27 e5 a2 3e 00 c8 48 c0 52
2026-07-10 01:53:35.862 TX chassis mode=ERROR vx=+0.000 vy=+0.000 wz=+0.000 frame=55 aa 10 0c 00 00 00 00 00 00 00 00 00 00 00 00 1b
2026-07-10 01:53:35.879 RX arm_feedback state=0 end=(-0.0008,-0.0000,0.3182) theta1=-3.1372 frame=55 aa 86 11 00 74 fd 4b ba 69 06 65 b6 27 e5 a2 3e 00 c8 48 c0 52
2026-07-10 01:53:35.880 TX chassis mode=ERROR vx=+0.000 vy=+0.000 wz=+0.000 frame=55 aa 10 0c 00 00 00 00 00 00 00 00 00 00 00 00 1b
2026-07-10 01:53:35.901 RX arm_feedback state=0 end=(-0.0008,-0.0000,0.3182) theta1=-3.1372 frame=55 aa 86 11 00 74 fd 4b ba 69 06 65 b6 27 e5 a2 3e 00 c8 48 c0 52
2026-07-10 01:53:35.906 TX chassis mode=ERROR vx=+0.000 vy=+0.000 wz=+0.000 frame=55 aa 10 0c 00 00 00 00 00 00 00 00 00 00 00 00 1b
2026-07-10 01:53:35.919 RX arm_feedback state=0 end=(-0.0008,-0.0000,0.3182) theta1=-3.1372 frame=55 aa 86 11 00 74 fd 4b ba 69 06 65 b6 27 e5 a2 3e 00 c8 48 c0 52
2026-07-10 01:53:35.922 TX chassis mode=ERROR vx=+0.000 vy=+0.000 wz=+0.000 frame=55 aa 10 0c 00 00 00 00 00 00 00 00 00 00 00 00 1b
2026-07-10 01:53:35.939 RX func=0x80 payload=00 00 01 00 00 00 00 00 00 00 00 00 00 00 00 00 e3 92 02 00 frame=55 aa 80 14 00 00 01 00 00 00 00 00 00 00 00 00 00 00 00 00 e3 92 02 00 0b
2026-07-10 01:53:35.942 RX arm_feedback state=0 end=(-0.0008,-0.0000,0.3182) theta1=-3.1372 frame=55 aa 86 11 00 74 fd 4b ba 69 06 65 b6 27 e5 a2 3e 00 c8 48 c0 52
2026-07-10 01:53:35.947 TX chassis mode=ERROR vx=+0.000 vy=+0.000 wz=+0.000 frame=55 aa 10 0c 00 00 00 00 00 00 00 00 00 00 00 00 1b
2026-07-10 01:53:35.959 RX arm_feedback state=0 end=(-0.0008,-0.0000,0.3182) theta1=-3.1372 frame=55 aa 86 11 00 74 fd 4b ba 69 06 65 b6 27 e5 a2 3e 00 c8 48 c0 52
2026-07-10 01:53:35.966 TX mode:ERROR frame=55 aa 15 01 04 19
2026-07-10 01:53:35.967 TX chassis mode=ERROR vx=+0.000 vy=+0.000 wz=+0.000 frame=55 aa 10 0c 00 00 00 00 00 00 00 00 00 00 00 00 1b
2026-07-10 01:53:35.979 RX arm_feedback state=0 end=(-0.0008,-0.0000,0.3182) theta1=-3.1372 frame=55 aa 86 11 00 74 fd 4b ba 69 06 65 b6 27 e5 a2 3e 00 c8 48 c0 52
2026-07-10 01:53:35.983 TX chassis mode=ERROR vx=+0.000 vy=+0.000 wz=+0.000 frame=55 aa 10 0c 00 00 00 00 00 00 00 00 00 00 00 00 1b
2026-07-10 01:53:35.999 RX func=0x81 payload=06 00 00 02 b1 5a 3c bf 44 1b 7e bc frame=55 aa 81 0c 06 00 00 02 b1 5a 3c bf 44 1b 7e bc 33
2026-07-10 01:53:36.003 RX arm_feedback state=0 end=(-0.0008,-0.0000,0.3182) theta1=-3.1372 frame=55 aa 86 11 00 74 fd 4b ba 69 06 65 b6 27 e5 a2 3e 00 c8 48 c0 52
2026-07-10 01:53:36.005 TX chassis mode=ERROR vx=+0.000 vy=+0.000 wz=+0.000 frame=55 aa 10 0c 00 00 00 00 00 00 00 00 00 00 00 00 1b
2026-07-10 01:53:36.019 RX arm_feedback state=0 end=(-0.0008,-0.0000,0.3182) theta1=-3.1372 frame=55 aa 86 11 00 74 fd 4b ba 69 06 65 b6 27 e5 a2 3e 00 c8 48 c0 52
2026-07-10 01:53:36.026 TX chassis mode=ERROR vx=+0.000 vy=+0.000 wz=+0.000 frame=55 aa 10 0c 00 00 00 00 00 00 00 00 00 00 00 00 1b
2026-07-10 01:53:36.040 RX func=0x80 payload=00 00 01 00 00 00 00 00 00 00 00 00 00 00 00 00 47 93 02 00 frame=55 aa 80 14 00 00 01 00 00 00 00 00 00 00 00 00 00 00 00 00 47 93 02 00 70
2026-07-10 01:53:36.046 RX arm_feedback state=0 end=(-0.0008,-0.0000,0.3182) theta1=-3.1372 frame=55 aa 86 11 00 74 fd 4b ba 69 06 65 b6 27 e5 a2 3e 00 c8 48 c0 52
2026-07-10 01:53:36.054 TX chassis mode=ERROR vx=+0.000 vy=+0.000 wz=+0.000 frame=55 aa 10 0c 00 00 00 00 00 00 00 00 00 00 00 00 1b
2026-07-10 01:53:36.061 RX arm_feedback state=0 end=(-0.0008,-0.0000,0.3182) theta1=-3.1372 frame=55 aa 86 11 00 74 fd 4b ba 69 06 65 b6 27 e5 a2 3e 00 c8 48 c0 52
2026-07-10 01:53:36.069 TX chassis mode=ERROR vx=+0.000 vy=+0.000 wz=+0.000 frame=55 aa 10 0c 00 00 00 00 00 00 00 00 00 00 00 00 1b
2026-07-10 01:53:36.082 RX arm_feedback state=0 end=(-0.0008,-0.0000,0.3182) theta1=-3.1372 frame=55 aa 86 11 00 74 fd 4b ba 69 06 65 b6 27 e5 a2 3e 00 c8 48 c0 52
2026-07-10 01:53:36.086 TX chassis mode=ERROR vx=+0.000 vy=+0.000 wz=+0.000 frame=55 aa 10 0c 00 00 00 00 00 00 00 00 00 00 00 00 1b
2026-07-10 01:53:36.099 RX arm_feedback state=0 end=(-0.0008,-0.0000,0.3182) theta1=-3.1372 frame=55 aa 86 11 00 74 fd 4b ba 69 06 65 b6 27 e5 a2 3e 00 c8 48 c0 52
2026-07-10 01:53:36.101 TX chassis mode=ERROR vx=+0.000 vy=+0.000 wz=+0.000 frame=55 aa 10 0c 00 00 00 00 00 00 00 00 00 00 00 00 1b
2026-07-10 01:53:36.120 RX arm_feedback state=0 end=(-0.0008,-0.0000,0.3182) theta1=-3.1372 frame=55 aa 86 11 00 74 fd 4b ba 69 06 65 b6 27 e5 a2 3e 00 c8 48 c0 52
2026-07-10 01:53:36.121 TX chassis mode=ERROR vx=+0.000 vy=+0.000 wz=+0.000 frame=55 aa 10 0c 00 00 00 00 00 00 00 00 00 00 00 00 1b
2026-07-10 01:53:36.139 RX func=0x80 payload=00 00 01 00 00 00 00 00 00 00 00 00 00 00 00 00 ab 93 02 00 frame=55 aa 80 14 00 00 01 00 00 00 00 00 00 00 00 00 00 00 00 00 ab 93 02 00 d4
2026-07-10 01:53:36.140 RX arm_feedback state=0 end=(-0.0008,-0.0000,0.3182) theta1=-3.1372 frame=55 aa 86 11 00 74 fd 4b ba 69 06 65 b6 27 e5 a2 3e 00 c8 48 c0 52
2026-07-10 01:53:36.141 TX chassis mode=ERROR vx=+0.000 vy=+0.000 wz=+0.000 frame=55 aa 10 0c 00 00 00 00 00 00 00 00 00 00 00 00 1b
2026-07-10 01:53:36.160 RX arm_feedback state=0 end=(-0.0008,-0.0000,0.3182) theta1=-3.1372 frame=55 aa 86 11 00 74 fd 4b ba 69 06 65 b6 27 e5 a2 3e 00 c8 48 c0 52
2026-07-10 01:53:36.161 TX mode:ERROR frame=55 aa 15 01 04 19
2026-07-10 01:53:36.161 TX chassis mode=ERROR vx=+0.000 vy=+0.000 wz=+0.000 frame=55 aa 10 0c 00 00 00 00 00 00 00 00 00 00 00 00 1b
2026-07-10 01:53:36.180 RX arm_feedback state=0 end=(-0.0008,-0.0000,0.3182) theta1=-3.1372 frame=55 aa 86 11 00 74 fd 4b ba 69 06 65 b6 27 e5 a2 3e 00 c8 48 c0 52
2026-07-10 01:53:36.184 TX chassis mode=ERROR vx=+0.000 vy=+0.000 wz=+0.000 frame=55 aa 10 0c 00 00 00 00 00 00 00 00 00 00 00 00 1b
2026-07-10 01:53:36.199 RX func=0x81 payload=07 00 00 02 31 a6 06 c0 44 1b fe 3c frame=55 aa 81 0c 07 00 00 02 31 a6 06 c0 44 1b fe 3c cb
2026-07-10 01:53:36.201 RX arm_feedback state=0 end=(-0.0008,-0.0000,0.3182) theta1=-3.1372 frame=55 aa 86 11 00 74 fd 4b ba 69 06 65 b6 27 e5 a2 3e 00 c8 48 c0 52
2026-07-10 01:53:36.202 TX chassis mode=ERROR vx=+0.000 vy=+0.000 wz=+0.000 frame=55 aa 10 0c 00 00 00 00 00 00 00 00 00 00 00 00 1b
2026-07-10 01:53:36.220 RX arm_feedback state=0 end=(-0.0008,-0.0000,0.3182) theta1=-3.1372 frame=55 aa 86 11 00 74 fd 4b ba 69 06 65 b6 27 e5 a2 3e 00 c8 48 c0 52
2026-07-10 01:53:36.221 TX chassis mode=ERROR vx=+0.000 vy=+0.000 wz=+0.000 frame=55 aa 10 0c 00 00 00 00 00 00 00 00 00 00 00 00 1b
2026-07-10 01:53:36.239 RX func=0x80 payload=00 00 01 00 00 00 00 00 00 00 00 00 00 00 00 00 0f 94 02 00 frame=55 aa 80 14 00 00 01 00 00 00 00 00 00 00 00 00 00 00 00 00 0f 94 02 00 39
2026-07-10 01:53:36.244 RX arm_feedback state=0 end=(-0.0008,-0.0000,0.3182) theta1=-3.1372 frame=55 aa 86 11 00 74 fd 4b ba 69 06 65 b6 27 e5 a2 3e 00 c8 48 c0 52
2026-07-10 01:53:36.249 TX chassis mode=ERROR vx=+0.000 vy=+0.000 wz=+0.000 frame=55 aa 10 0c 00 00 00 00 00 00 00 00 00 00 00 00 1b
2026-07-10 01:53:36.259 RX arm_feedback state=0 end=(-0.0008,-0.0000,0.3182) theta1=-3.1372 frame=55 aa 86 11 00 74 fd 4b ba 69 06 65 b6 27 e5 a2 3e 00 c8 48 c0 52
2026-07-10 01:53:36.263 TX chassis mode=ERROR vx=+0.000 vy=+0.000 wz=+0.000 frame=55 aa 10 0c 00 00 00 00 00 00 00 00 00 00 00 00 1b
2026-07-10 01:53:36.283 RX arm_feedback state=0 end=(-0.0008,-0.0000,0.3182) theta1=-3.1372 frame=55 aa 86 11 00 74 fd 4b ba 69 06 65 b6 27 e5 a2 3e 00 c8 48 c0 52
2026-07-10 01:53:36.284 TX chassis mode=ERROR vx=+0.000 vy=+0.000 wz=+0.000 frame=55 aa 10 0c 00 00 00 00 00 00 00 00 00 00 00 00 1b
2026-07-10 01:53:36.300 RX arm_feedback state=0 end=(-0.0008,-0.0000,0.3182) theta1=-3.1372 frame=55 aa 86 11 00 74 fd 4b ba 69 06 65 b6 27 e5 a2 3e 00 c8 48 c0 52
2026-07-10 01:53:36.301 TX chassis mode=ERROR vx=+0.000 vy=+0.000 wz=+0.000 frame=55 aa 10 0c 00 00 00 00 00 00 00 00 00 00 00 00 1b
2026-07-10 01:53:36.325 RX arm_feedback state=0 end=(-0.0008,-0.0000,0.3182) theta1=-3.1372 frame=55 aa 86 11 00 74 fd 4b ba 69 06 65 b6 27 e5 a2 3e 00 c8 48 c0 52
2026-07-10 01:53:36.326 RX func=0x80 payload=00 00 01 00 00 00 00 00 00 00 00 00 00 00 00 00 73 94 02 00 frame=55 aa 80 14 00 00 01 00 00 00 00 00 00 00 00 00 00 00 00 00 73 94 02 00 9d
2026-07-10 01:53:36.331 TX chassis mode=ERROR vx=+0.000 vy=+0.000 wz=+0.000 frame=55 aa 10 0c 00 00 00 00 00 00 00 00 00 00 00 00 1b
2026-07-10 01:53:36.343 RX arm_feedback state=0 end=(-0.0008,-0.0000,0.3182) theta1=-3.1372 frame=55 aa 86 11 00 74 fd 4b ba 69 06 65 b6 27 e5 a2 3e 00 c8 48 c0 52
2026-07-10 01:53:36.346 TX chassis mode=ERROR vx=+0.000 vy=+0.000 wz=+0.000 frame=55 aa 10 0c 00 00 00 00 00 00 00 00 00 00 00 00 1b
2026-07-10 01:53:36.359 RX arm_feedback state=0 end=(-0.0008,-0.0000,0.3182) theta1=-3.1372 frame=55 aa 86 11 00 74 fd 4b ba 69 06 65 b6 27 e5 a2 3e 00 c8 48 c0 52
2026-07-10 01:53:36.360 TX chassis mode=ERROR vx=+0.000 vy=+0.000 wz=+0.000 frame=55 aa 10 0c 00 00 00 00 00 00 00 00 00 00 00 00 1b
2026-07-10 01:53:36.384 RX arm_feedback state=0 end=(-0.0008,-0.0000,0.3182) theta1=-3.1372 frame=55 aa 86 11 00 74 fd 4b ba 69 06 65 b6 27 e5 a2 3e 00 c8 48 c0 52
2026-07-10 01:53:36.388 TX mode:ERROR frame=55 aa 15 01 04 19
2026-07-10 01:53:36.388 TX chassis mode=ERROR vx=+0.000 vy=+0.000 wz=+0.000 frame=55 aa 10 0c 00 00 00 00 00 00 00 00 00 00 00 00 1b
2026-07-10 01:53:36.403 RX func=0x81 payload=08 00 01 01 53 fd 28 3b 00 00 00 00 frame=55 aa 81 0c 08 00 01 01 53 fd 28 3b 00 00 00 00 49
2026-07-10 01:53:36.406 RX arm_feedback state=0 end=(-0.0008,-0.0000,0.3182) theta1=-3.1372 frame=55 aa 86 11 00 74 fd 4b ba 69 06 65 b6 27 e5 a2 3e 00 c8 48 c0 52
2026-07-10 01:53:36.409 TX chassis mode=ERROR vx=+0.000 vy=+0.000 wz=+0.000 frame=55 aa 10 0c 00 00 00 00 00 00 00 00 00 00 00 00 1b
2026-07-10 01:53:36.420 RX arm_feedback state=0 end=(-0.0008,-0.0000,0.3182) theta1=-3.1372 frame=55 aa 86 11 00 74 fd 4b ba 69 06 65 b6 27 e5 a2 3e 00 c8 48 c0 52
2026-07-10 01:53:36.421 TX chassis mode=ERROR vx=+0.000 vy=+0.000 wz=+0.000 frame=55 aa 10 0c 00 00 00 00 00 00 00 00 00 00 00 00 1b
2026-07-10 01:53:36.440 RX func=0x80 payload=00 00 01 00 00 00 00 00 00 00 00 00 00 00 00 00 d7 94 02 00 frame=55 aa 80 14 00 00 01 00 00 00 00 00 00 00 00 00 00 00 00 00 d7 94 02 00 01
2026-07-10 01:53:36.442 RX arm_feedback state=0 end=(-0.0008,-0.0000,0.3182) theta1=-3.1372 frame=55 aa 86 11 00 74 fd 4b ba 69 06 65 b6 27 e5 a2 3e 00 c8 48 c0 52
2026-07-10 01:53:36.443 TX chassis mode=ERROR vx=+0.000 vy=+0.000 wz=+0.000 frame=55 aa 10 0c 00 00 00 00 00 00 00 00 00 00 00 00 1b
2026-07-10 01:53:36.460 RX arm_feedback state=0 end=(-0.0008,-0.0000,0.3182) theta1=-3.1372 frame=55 aa 86 11 00 74 fd 4b ba 69 06 65 b6 27 e5 a2 3e 00 c8 48 c0 52
2026-07-10 01:53:36.462 TX chassis mode=ERROR vx=+0.000 vy=+0.000 wz=+0.000 frame=55 aa 10 0c 00 00 00 00 00 00 00 00 00 00 00 00 1b
2026-07-10 01:53:36.481 RX arm_feedback state=0 end=(-0.0008,-0.0000,0.3182) theta1=-3.1372 frame=55 aa 86 11 00 74 fd 4b ba 69 06 65 b6 27 e5 a2 3e 00 c8 48 c0 52
2026-07-10 01:53:36.482 TX chassis mode=ERROR vx=+0.000 vy=+0.000 wz=+0.000 frame=55 aa 10 0c 00 00 00 00 00 00 00 00 00 00 00 00 1b
2026-07-10 01:53:36.500 RX arm_feedback state=0 end=(-0.0008,-0.0000,0.3182) theta1=-3.1372 frame=55 aa 86 11 00 74 fd 4b ba 69 06 65 b6 27 e5 a2 3e 00 c8 48 c0 52
2026-07-10 01:53:36.502 TX chassis mode=ERROR vx=+0.000 vy=+0.000 wz=+0.000 frame=55 aa 10 0c 00 00 00 00 00 00 00 00 00 00 00 00 1b
2026-07-10 01:53:36.519 RX arm_feedback state=0 end=(-0.0008,-0.0000,0.3182) theta1=-3.1372 frame=55 aa 86 11 00 74 fd 4b ba 69 06 65 b6 27 e5 a2 3e 00 c8 48 c0 52
2026-07-10 01:53:36.526 TX chassis mode=ERROR vx=+0.000 vy=+0.000 wz=+0.000 frame=55 aa 10 0c 00 00 00 00 00 00 00 00 00 00 00 00 1b
2026-07-10 01:53:36.540 RX func=0x80 payload=00 00 01 00 00 00 00 00 00 00 00 00 00 00 00 00 3b 95 02 00 frame=55 aa 80 14 00 00 01 00 00 00 00 00 00 00 00 00 00 00 00 00 3b 95 02 00 66
2026-07-10 01:53:36.545 RX arm_feedback state=0 end=(-0.0008,-0.0000,0.3182) theta1=-3.1372 frame=55 aa 86 11 00 74 fd 4b ba 69 06 65 b6 27 e5 a2 3e 00 c8 48 c0 52
2026-07-10 01:53:36.550 TX chassis mode=ERROR vx=+0.000 vy=+0.000 wz=+0.000 frame=55 aa 10 0c 00 00 00 00 00 00 00 00 00 00 00 00 1b
2026-07-10 01:53:36.559 RX arm_feedback state=0 end=(-0.0008,-0.0000,0.3182) theta1=-3.1372 frame=55 aa 86 11 00 74 fd 4b ba 69 06 65 b6 27 e5 a2 3e 00 c8 48 c0 52
2026-07-10 01:53:36.561 TX chassis mode=ERROR vx=+0.000 vy=+0.000 wz=+0.000 frame=55 aa 10 0c 00 00 00 00 00 00 00 00 00 00 00 00 1b
2026-07-10 01:53:36.579 RX arm_feedback state=0 end=(-0.0008,-0.0000,0.3182) theta1=-3.1372 frame=55 aa 86 11 00 74 fd 4b ba 69 06 65 b6 27 e5 a2 3e 00 c8 48 c0 52
2026-07-10 01:53:36.583 TX chassis mode=ERROR vx=+0.000 vy=+0.000 wz=+0.000 frame=55 aa 10 0c 00 00 00 00 00 00 00 00 00 00 00 00 1b
2026-07-10 01:53:36.599 RX func=0x81 payload=09 00 00 02 e8 da 19 c0 27 76 4e 3d frame=55 aa 81 0c 09 00 00 02 e8 da 19 c0 27 76 4e 3d 5a
2026-07-10 01:53:36.605 RX arm_feedback state=0 end=(-0.0008,-0.0000,0.3182) theta1=-3.1372 frame=55 aa 86 11 00 74 fd 4b ba 69 06 65 b6 27 e5 a2 3e 00 c8 48 c0 52
2026-07-10 01:53:36.608 TX mode:ERROR frame=55 aa 15 01 04 19
2026-07-10 01:53:36.610 TX chassis mode=ERROR vx=+0.000 vy=+0.000 wz=+0.000 frame=55 aa 10 0c 00 00 00 00 00 00 00 00 00 00 00 00 1b
2026-07-10 01:53:36.619 RX arm_feedback state=0 end=(-0.0008,-0.0000,0.3182) theta1=-3.1372 frame=55 aa 86 11 00 74 fd 4b ba 69 06 65 b6 27 e5 a2 3e 00 c8 48 c0 52
2026-07-10 01:53:36.621 TX chassis mode=ERROR vx=+0.000 vy=+0.000 wz=+0.000 frame=55 aa 10 0c 00 00 00 00 00 00 00 00 00 00 00 00 1b
2026-07-10 01:53:36.639 RX func=0x80 payload=00 00 01 00 00 00 00 00 00 00 00 00 00 00 00 00 9f 95 02 00 frame=55 aa 80 14 00 00 01 00 00 00 00 00 00 00 00 00 00 00 00 00 9f 95 02 00 ca
2026-07-10 01:53:36.640 RX arm_feedback state=0 end=(-0.0008,-0.0000,0.3182) theta1=-3.1372 frame=55 aa 86 11 00 74 fd 4b ba 69 06 65 b6 27 e5 a2 3e 00 c8 48 c0 52
2026-07-10 01:53:36.645 TX chassis mode=ERROR vx=+0.000 vy=+0.000 wz=+0.000 frame=55 aa 10 0c 00 00 00 00 00 00 00 00 00 00 00 00 1b
2026-07-10 01:53:36.660 RX arm_feedback state=0 end=(-0.0008,-0.0000,0.3182) theta1=-3.1372 frame=55 aa 86 11 00 74 fd 4b ba 69 06 65 b6 27 e5 a2 3e 00 c8 48 c0 52
2026-07-10 01:53:36.664 TX chassis mode=ERROR vx=+0.000 vy=+0.000 wz=+0.000 frame=55 aa 10 0c 00 00 00 00 00 00 00 00 00 00 00 00 1b
2026-07-10 01:53:36.680 RX arm_feedback state=0 end=(-0.0008,-0.0000,0.3182) theta1=-3.1372 frame=55 aa 86 11 00 74 fd 4b ba 69 06 65 b6 27 e5 a2 3e 00 c8 48 c0 52
2026-07-10 01:53:36.684 TX chassis mode=ERROR vx=+0.000 vy=+0.000 wz=+0.000 frame=55 aa 10 0c 00 00 00 00 00 00 00 00 00 00 00 00 1b
2026-07-10 01:53:36.701 RX arm_feedback state=0 end=(-0.0008,-0.0000,0.3182) theta1=-3.1372 frame=55 aa 86 11 00 74 fd 4b ba 69 06 65 b6 27 e5 a2 3e 00 c8 48 c0 52
2026-07-10 01:53:36.702 TX chassis mode=ERROR vx=+0.000 vy=+0.000 wz=+0.000 frame=55 aa 10 0c 00 00 00 00 00 00 00 00 00 00 00 00 1b
2026-07-10 01:53:36.722 RX arm_feedback state=0 end=(-0.0008,-0.0000,0.3182) theta1=-3.1372 frame=55 aa 86 11 00 74 fd 4b ba 69 06 65 b6 27 e5 a2 3e 00 c8 48 c0 52
2026-07-10 01:53:36.727 TX chassis mode=ERROR vx=+0.000 vy=+0.000 wz=+0.000 frame=55 aa 10 0c 00 00 00 00 00 00 00 00 00 00 00 00 1b
2026-07-10 01:53:36.739 RX func=0x80 payload=00 00 01 00 00 00 00 00 00 00 00 00 00 00 00 00 03 96 02 00 frame=55 aa 80 14 00 00 01 00 00 00 00 00 00 00 00 00 00 00 00 00 03 96 02 00 2f
2026-07-10 01:53:36.741 RX arm_feedback state=0 end=(-0.0008,-0.0000,0.3182) theta1=-3.1372 frame=55 aa 86 11 00 74 fd 4b ba 69 06 65 b6 27 e5 a2 3e 00 c8 48 c0 52
2026-07-10 01:53:36.744 TX chassis mode=ERROR vx=+0.000 vy=+0.000 wz=+0.000 frame=55 aa 10 0c 00 00 00 00 00 00 00 00 00 00 00 00 1b
2026-07-10 01:53:36.766 RX arm_feedback state=0 end=(-0.0008,-0.0000,0.3182) theta1=-3.1372 frame=55 aa 86 11 00 74 fd 4b ba 69 06 65 b6 27 e5 a2 3e 00 c8 48 c0 52
2026-07-10 01:53:36.767 TX chassis mode=ERROR vx=+0.000 vy=+0.000 wz=+0.000 frame=55 aa 10 0c 00 00 00 00 00 00 00 00 00 00 00 00 1b
2026-07-10 01:53:36.780 RX arm_feedback state=0 end=(-0.0008,-0.0000,0.3182) theta1=-3.1372 frame=55 aa 86 11 00 74 fd 4b ba 69 06 65 b6 27 e5 a2 3e 00 c8 48 c0 52
2026-07-10 01:53:36.781 TX chassis mode=ERROR vx=+0.000 vy=+0.000 wz=+0.000 frame=55 aa 10 0c 00 00 00 00 00 00 00 00 00 00 00 00 1b
2026-07-10 01:53:36.800 RX func=0x81 payload=0a 00 00 02 a5 82 81 bf 00 00 00 80 frame=55 aa 81 0c 0a 00 00 02 a5 82 81 bf 00 00 00 80 7f
2026-07-10 01:53:36.803 RX arm_feedback state=0 end=(-0.0008,-0.0000,0.3182) theta1=-3.1372 frame=55 aa 86 11 00 74 fd 4b ba 69 06 65 b6 27 e5 a2 3e 00 c8 48 c0 52
2026-07-10 01:53:36.804 TX mode:ERROR frame=55 aa 15 01 04 19
2026-07-10 01:53:36.808 TX chassis mode=ERROR vx=+0.000 vy=+0.000 wz=+0.000 frame=55 aa 10 0c 00 00 00 00 00 00 00 00 00 00 00 00 1b
2026-07-10 01:53:36.822 RX arm_feedback state=0 end=(-0.0008,-0.0000,0.3182) theta1=-3.1372 frame=55 aa 86 11 00 74 fd 4b ba 69 06 65 b6 27 e5 a2 3e 00 c8 48 c0 52
2026-07-10 01:53:36.827 TX chassis mode=ERROR vx=+0.000 vy=+0.000 wz=+0.000 frame=55 aa 10 0c 00 00 00 00 00 00 00 00 00 00 00 00 1b
2026-07-10 01:53:36.839 RX func=0x80 payload=00 00 01 00 00 00 00 00 00 00 00 00 00 00 00 00 67 96 02 00 frame=55 aa 80 14 00 00 01 00 00 00 00 00 00 00 00 00 00 00 00 00 67 96 02 00 93
2026-07-10 01:53:36.842 RX arm_feedback state=0 end=(-0.0008,-0.0000,0.3182) theta1=-3.1372 frame=55 aa 86 11 00 74 fd 4b ba 69 06 65 b6 27 e5 a2 3e 00 c8 48 c0 52
2026-07-10 01:53:36.844 TX chassis mode=ERROR vx=+0.000 vy=+0.000 wz=+0.000 frame=55 aa 10 0c 00 00 00 00 00 00 00 00 00 00 00 00 1b
2026-07-10 01:53:36.860 RX arm_feedback state=0 end=(-0.0008,-0.0000,0.3182) theta1=-3.1372 frame=55 aa 86 11 00 74 fd 4b ba 69 06 65 b6 27 e5 a2 3e 00 c8 48 c0 52
2026-07-10 01:53:36.862 TX chassis mode=ERROR vx=+0.000 vy=+0.000 wz=+0.000 frame=55 aa 10 0c 00 00 00 00 00 00 00 00 00 00 00 00 1b
2026-07-10 01:53:36.880 RX arm_feedback state=0 end=(-0.0008,-0.0000,0.3182) theta1=-3.1372 frame=55 aa 86 11 00 74 fd 4b ba 69 06 65 b6 27 e5 a2 3e 00 c8 48 c0 52
2026-07-10 01:53:36.883 TX chassis mode=ERROR vx=+0.000 vy=+0.000 wz=+0.000 frame=55 aa 10 0c 00 00 00 00 00 00 00 00 00 00 00 00 1b
2026-07-10 01:53:36.900 RX arm_feedback state=0 end=(-0.0008,-0.0000,0.3182) theta1=-3.1372 frame=55 aa 86 11 00 74 fd 4b ba 69 06 65 b6 27 e5 a2 3e 00 c8 48 c0 52
2026-07-10 01:53:36.902 TX chassis mode=ERROR vx=+0.000 vy=+0.000 wz=+0.000 frame=55 aa 10 0c 00 00 00 00 00 00 00 00 00 00 00 00 1b
2026-07-10 01:53:36.922 RX arm_feedback state=0 end=(-0.0008,-0.0000,0.3182) theta1=-3.1372 frame=55 aa 86 11 00 74 fd 4b ba 69 06 65 b6 27 e5 a2 3e 00 c8 48 c0 52
2026-07-10 01:53:36.926 TX chassis mode=ERROR vx=+0.000 vy=+0.000 wz=+0.000 frame=55 aa 10 0c 00 00 00 00 00 00 00 00 00 00 00 00 1b
2026-07-10 01:53:36.939 RX func=0x80 payload=00 00 01 00 00 00 00 00 00 00 00 00 00 00 00 00 cb 96 02 00 frame=55 aa 80 14 00 00 01 00 00 00 00 00 00 00 00 00 00 00 00 00 cb 96 02 00 f7
2026-07-10 01:53:36.942 RX arm_feedback state=0 end=(-0.0008,-0.0000,0.3182) theta1=-3.1372 frame=55 aa 86 11 00 74 fd 4b ba 69 06 65 b6 27 e5 a2 3e 00 c8 48 c0 52
2026-07-10 01:53:36.953 TX chassis mode=ERROR vx=+0.000 vy=+0.000 wz=+0.000 frame=55 aa 10 0c 00 00 00 00 00 00 00 00 00 00 00 00 1b
2026-07-10 01:53:36.961 RX arm_feedback state=0 end=(-0.0008,-0.0000,0.3182) theta1=-3.1372 frame=55 aa 86 11 00 74 fd 4b ba 69 06 65 b6 27 e5 a2 3e 00 c8 48 c0 52
2026-07-10 01:53:36.964 TX chassis mode=ERROR vx=+0.000 vy=+0.000 wz=+0.000 frame=55 aa 10 0c 00 00 00 00 00 00 00 00 00 00 00 00 1b
2026-07-10 01:53:36.980 RX arm_feedback state=0 end=(-0.0008,-0.0000,0.3182) theta1=-3.1372 frame=55 aa 86 11 00 74 fd 4b ba 69 06 65 b6 27 e5 a2 3e 00 c8 48 c0 52
2026-07-10 01:53:36.983 TX chassis mode=ERROR vx=+0.000 vy=+0.000 wz=+0.000 frame=55 aa 10 0c 00 00 00 00 00 00 00 00 00 00 00 00 1b
2026-07-10 01:53:36.999 RX func=0x81 payload=0b 00 01 01 5c 83 75 3b 70 45 e7 bd frame=55 aa 81 0c 0b 00 01 01 5c 83 75 3b 70 45 e7 bd 81
2026-07-10 01:53:37.000 RX arm_feedback state=0 end=(-0.0008,-0.0000,0.3182) theta1=-3.1372 frame=55 aa 86 11 00 74 fd 4b ba 69 06 65 b6 27 e5 a2 3e 00 c8 48 c0 52
2026-07-10 01:53:37.005 TX chassis mode=ERROR vx=+0.000 vy=+0.000 wz=+0.000 frame=55 aa 10 0c 00 00 00 00 00 00 00 00 00 00 00 00 1b
2026-07-10 01:53:37.019 RX arm_feedback state=0 end=(-0.0008,-0.0000,0.3182) theta1=-3.1372 frame=55 aa 86 11 00 74 fd 4b ba 69 06 65 b6 27 e5 a2 3e 00 c8 48 c0 52
2026-07-10 01:53:37.033 TX mode:ERROR frame=55 aa 15 01 04 19
2026-07-10 01:53:37.038 TX chassis mode=ERROR vx=+0.000 vy=+0.000 wz=+0.000 frame=55 aa 10 0c 00 00 00 00 00 00 00 00 00 00 00 00 1b
2026-07-10 01:53:37.039 RX func=0x80 payload=00 00 01 00 00 00 00 00 00 00 00 00 00 00 00 00 2f 97 02 00 frame=55 aa 80 14 00 00 01 00 00 00 00 00 00 00 00 00 00 00 00 00 2f 97 02 00 5c
2026-07-10 01:53:37.054 RX arm_feedback state=0 end=(-0.0008,-0.0000,0.3182) theta1=-3.1372 frame=55 aa 86 11 00 74 fd 4b ba 69 06 65 b6 27 e5 a2 3e 00 c8 48 c0 52
2026-07-10 01:53:37.055 TX chassis mode=ERROR vx=+0.000 vy=+0.000 wz=+0.000 frame=55 aa 10 0c 00 00 00 00 00 00 00 00 00 00 00 00 1b
2026-07-10 01:53:37.077 RX arm_feedback state=0 end=(-0.0008,-0.0000,0.3182) theta1=-3.1372 frame=55 aa 86 11 00 74 fd 4b ba 69 06 65 b6 27 e5 a2 3e 00 c8 48 c0 52
2026-07-10 01:53:37.081 RX arm_feedback state=0 end=(-0.0008,-0.0000,0.3182) theta1=-3.1372 frame=55 aa 86 11 00 74 fd 4b ba 69 06 65 b6 27 e5 a2 3e 00 c8 48 c0 52
2026-07-10 01:53:37.082 TX chassis mode=ERROR vx=+0.000 vy=+0.000 wz=+0.000 frame=55 aa 10 0c 00 00 00 00 00 00 00 00 00 00 00 00 1b
2026-07-10 01:53:37.099 RX arm_feedback state=0 end=(-0.0008,-0.0000,0.3182) theta1=-3.1372 frame=55 aa 86 11 00 74 fd 4b ba 69 06 65 b6 27 e5 a2 3e 00 c8 48 c0 52
2026-07-10 01:53:37.100 TX chassis mode=ERROR vx=+0.000 vy=+0.000 wz=+0.000 frame=55 aa 10 0c 00 00 00 00 00 00 00 00 00 00 00 00 1b
2026-07-10 01:53:37.121 RX arm_feedback state=0 end=(-0.0008,-0.0000,0.3182) theta1=-3.1372 frame=55 aa 86 11 00 74 fd 4b ba 69 06 65 b6 27 e5 a2 3e 00 c8 48 c0 52
2026-07-10 01:53:37.127 TX chassis mode=ERROR vx=+0.000 vy=+0.000 wz=+0.000 frame=55 aa 10 0c 00 00 00 00 00 00 00 00 00 00 00 00 1b
2026-07-10 01:53:37.146 RX func=0x80 payload=00 00 01 00 00 00 00 00 00 00 00 00 00 00 00 00 93 97 02 00 frame=55 aa 80 14 00 00 01 00 00 00 00 00 00 00 00 00 00 00 00 00 93 97 02 00 c0
2026-07-10 01:53:37.154 RX arm_feedback state=0 end=(-0.0008,-0.0000,0.3182) theta1=-3.1372 frame=55 aa 86 11 00 74 fd 4b ba 69 06 65 b6 27 e5 a2 3e 00 c8 48 c0 52
2026-07-10 01:53:37.168 TX chassis mode=ERROR vx=+0.000 vy=+0.000 wz=+0.000 frame=55 aa 10 0c 00 00 00 00 00 00 00 00 00 00 00 00 1b
2026-07-10 01:53:37.169 RX arm_feedback state=0 end=(-0.0008,-0.0000,0.3182) theta1=-3.1372 frame=55 aa 86 11 00 74 fd 4b ba 69 06 65 b6 27 e5 a2 3e 00 c8 48 c0 52
2026-07-10 01:53:37.171 RX arm_feedback state=0 end=(-0.0008,-0.0000,0.3182) theta1=-3.1372 frame=55 aa 86 11 00 74 fd 4b ba 69 06 65 b6 27 e5 a2 3e 00 c8 48 c0 52
2026-07-10 01:53:37.179 TX chassis mode=ERROR vx=+0.000 vy=+0.000 wz=+0.000 frame=55 aa 10 0c 00 00 00 00 00 00 00 00 00 00 00 00 1b
2026-07-10 01:53:37.180 TX chassis mode=ERROR vx=+0.000 vy=+0.000 wz=+0.000 frame=55 aa 10 0c 00 00 00 00 00 00 00 00 00 00 00 00 1b
2026-07-10 01:53:37.206 RX func=0x81 payload=0c 00 00 03 00 c8 48 c0 00 00 00 00 frame=55 aa 81 0c 0c 00 00 03 00 c8 48 c0 00 00 00 00 6b
2026-07-10 01:53:37.217 RX arm_feedback state=0 end=(-0.0008,-0.0000,0.3182) theta1=-3.1372 frame=55 aa 86 11 00 74 fd 4b ba 69 06 65 b6 27 e5 a2 3e 00 c8 48 c0 52
2026-07-10 01:53:37.234 TX chassis mode=ERROR vx=+0.000 vy=+0.000 wz=+0.000 frame=55 aa 10 0c 00 00 00 00 00 00 00 00 00 00 00 00 1b
2026-07-10 01:53:37.238 RX arm_feedback state=0 end=(-0.0008,-0.0000,0.3182) theta1=-3.1372 frame=55 aa 86 11 00 74 fd 4b ba 69 06 65 b6 27 e5 a2 3e 00 c8 48 c0 52
2026-07-10 01:53:37.241 RX func=0x80 payload=00 00 01 00 00 00 00 00 00 00 00 00 00 00 00 00 f7 97 02 00 frame=55 aa 80 14 00 00 01 00 00 00 00 00 00 00 00 00 00 00 00 00 f7 97 02 00 24
2026-07-10 01:53:37.253 RX arm_feedback state=0 end=(-0.0008,-0.0000,0.3182) theta1=-3.1372 frame=55 aa 86 11 00 74 fd 4b ba 69 06 65 b6 27 e5 a2 3e 00 c8 48 c0 52
2026-07-10 01:53:37.264 TX mode:ERROR frame=55 aa 15 01 04 19
2026-07-10 01:53:37.267 TX chassis mode=ERROR vx=+0.000 vy=+0.000 wz=+0.000 frame=55 aa 10 0c 00 00 00 00 00 00 00 00 00 00 00 00 1b
2026-07-10 01:53:37.275 RX arm_feedback state=0 end=(-0.0008,-0.0000,0.3182) theta1=-3.1372 frame=55 aa 86 11 00 74 fd 4b ba 69 06 65 b6 27 e5 a2 3e 00 c8 48 c0 52
2026-07-10 01:53:37.283 TX chassis mode=ERROR vx=+0.000 vy=+0.000 wz=+0.000 frame=55 aa 10 0c 00 00 00 00 00 00 00 00 00 00 00 00 1b
2026-07-10 01:53:37.303 RX arm_feedback state=0 end=(-0.0008,-0.0000,0.3182) theta1=-3.1372 frame=55 aa 86 11 00 74 fd 4b ba 69 06 65 b6 27 e5 a2 3e 00 c8 48 c0 52
2026-07-10 01:53:37.304 RX arm_feedback state=0 end=(-0.0008,-0.0000,0.3182) theta1=-3.1372 frame=55 aa 86 11 00 74 fd 4b ba 69 06 65 b6 27 e5 a2 3e 00 c8 48 c0 52
2026-07-10 01:53:37.305 TX chassis mode=ERROR vx=+0.000 vy=+0.000 wz=+0.000 frame=55 aa 10 0c 00 00 00 00 00 00 00 00 00 00 00 00 1b
2026-07-10 01:53:37.320 RX arm_feedback state=0 end=(-0.0008,-0.0000,0.3182) theta1=-3.1372 frame=55 aa 86 11 00 74 fd 4b ba 69 06 65 b6 27 e5 a2 3e 00 c8 48 c0 52
2026-07-10 01:53:37.321 TX chassis mode=ERROR vx=+0.000 vy=+0.000 wz=+0.000 frame=55 aa 10 0c 00 00 00 00 00 00 00 00 00 00 00 00 1b
2026-07-10 01:53:37.339 RX func=0x80 payload=00 00 01 00 00 00 00 00 00 00 00 00 00 00 00 00 5b 98 02 00 frame=55 aa 80 14 00 00 01 00 00 00 00 00 00 00 00 00 00 00 00 00 5b 98 02 00 89
2026-07-10 01:53:37.340 RX arm_feedback state=0 end=(-0.0008,-0.0000,0.3182) theta1=-3.1372 frame=55 aa 86 11 00 74 fd 4b ba 69 06 65 b6 27 e5 a2 3e 00 c8 48 c0 52
2026-07-10 01:53:37.341 TX chassis mode=ERROR vx=+0.000 vy=+0.000 wz=+0.000 frame=55 aa 10 0c 00 00 00 00 00 00 00 00 00 00 00 00 1b
2026-07-10 01:53:37.361 RX arm_feedback state=0 end=(-0.0008,-0.0000,0.3182) theta1=-3.1372 frame=55 aa 86 11 00 74 fd 4b ba 69 06 65 b6 27 e5 a2 3e 00 c8 48 c0 52
2026-07-10 01:53:37.362 TX chassis mode=ERROR vx=+0.000 vy=+0.000 wz=+0.000 frame=55 aa 10 0c 00 00 00 00 00 00 00 00 00 00 00 00 1b
2026-07-10 01:53:37.379 RX arm_feedback state=0 end=(-0.0008,-0.0000,0.3182) theta1=-3.1372 frame=55 aa 86 11 00 74 fd 4b ba 69 06 65 b6 27 e5 a2 3e 00 c8 48 c0 52
2026-07-10 01:53:37.385 TX chassis mode=ERROR vx=+0.000 vy=+0.000 wz=+0.000 frame=55 aa 10 0c 00 00 00 00 00 00 00 00 00 00 00 00 1b
2026-07-10 01:53:37.399 RX func=0x81 payload=0d 00 00 03 00 9f 6c 3f 00 00 a0 bb frame=55 aa 81 0c 0d 00 00 03 00 9f 6c 3f 00 00 a0 bb 41
2026-07-10 01:53:37.400 RX arm_feedback state=0 end=(-0.0008,-0.0000,0.3182) theta1=-3.1372 frame=55 aa 86 11 00 74 fd 4b ba 69 06 65 b6 27 e5 a2 3e 00 c8 48 c0 52
2026-07-10 01:53:37.410 TX chassis mode=ERROR vx=+0.000 vy=+0.000 wz=+0.000 frame=55 aa 10 0c 00 00 00 00 00 00 00 00 00 00 00 00 1b
2026-07-10 01:53:37.420 RX arm_feedback state=0 end=(-0.0008,-0.0000,0.3182) theta1=-3.1372 frame=55 aa 86 11 00 74 fd 4b ba 69 06 65 b6 27 e5 a2 3e 00 c8 48 c0 52
2026-07-10 01:53:37.430 TX chassis mode=ERROR vx=+0.000 vy=+0.000 wz=+0.000 frame=55 aa 10 0c 00 00 00 00 00 00 00 00 00 00 00 00 1b
2026-07-10 01:53:37.447 RX func=0x80 payload=00 00 01 00 00 00 00 00 00 00 00 00 00 00 00 00 bf 98 02 00 frame=55 aa 80 14 00 00 01 00 00 00 00 00 00 00 00 00 00 00 00 00 bf 98 02 00 ed
2026-07-10 01:53:37.449 RX arm_feedback state=0 end=(-0.0008,-0.0000,0.3182) theta1=-3.1372 frame=55 aa 86 11 00 74 fd 4b ba 69 06 65 b6 27 e5 a2 3e 00 c8 48 c0 52
2026-07-10 01:53:37.461 TX mode:ERROR frame=55 aa 15 01 04 19
2026-07-10 01:53:37.463 TX chassis mode=ERROR vx=+0.000 vy=+0.000 wz=+0.000 frame=55 aa 10 0c 00 00 00 00 00 00 00 00 00 00 00 00 1b
2026-07-10 01:53:37.463 RX arm_feedback state=0 end=(-0.0008,-0.0000,0.3182) theta1=-3.1372 frame=55 aa 86 11 00 74 fd 4b ba 69 06 65 b6 27 e5 a2 3e 00 c8 48 c0 52
2026-07-10 01:53:37.469 TX chassis mode=ERROR vx=+0.000 vy=+0.000 wz=+0.000 frame=55 aa 10 0c 00 00 00 00 00 00 00 00 00 00 00 00 1b
2026-07-10 01:53:37.483 RX arm_feedback state=0 end=(-0.0008,-0.0000,0.3182) theta1=-3.1372 frame=55 aa 86 11 00 74 fd 4b ba 69 06 65 b6 27 e5 a2 3e 00 c8 48 c0 52
2026-07-10 01:53:37.487 TX chassis mode=ERROR vx=+0.000 vy=+0.000 wz=+0.000 frame=55 aa 10 0c 00 00 00 00 00 00 00 00 00 00 00 00 1b
2026-07-10 01:53:37.510 RX arm_feedback state=0 end=(-0.0008,-0.0000,0.3182) theta1=-3.1372 frame=55 aa 86 11 00 74 fd 4b ba 69 06 65 b6 27 e5 a2 3e 00 c8 48 c0 52
2026-07-10 01:53:37.514 RX arm_feedback state=0 end=(-0.0008,-0.0000,0.3182) theta1=-3.1372 frame=55 aa 86 11 00 74 fd 4b ba 69 06 65 b6 27 e5 a2 3e 00 c8 48 c0 52
2026-07-10 01:53:37.522 TX chassis mode=ERROR vx=+0.000 vy=+0.000 wz=+0.000 frame=55 aa 10 0c 00 00 00 00 00 00 00 00 00 00 00 00 1b
2026-07-10 01:53:37.523 TX chassis mode=ERROR vx=+0.000 vy=+0.000 wz=+0.000 frame=55 aa 10 0c 00 00 00 00 00 00 00 00 00 00 00 00 1b
2026-07-10 01:53:37.541 RX func=0x80 payload=00 00 01 00 00 00 00 00 00 00 00 00 00 00 00 00 23 99 02 00 frame=55 aa 80 14 00 00 01 00 00 00 00 00 00 00 00 00 00 00 00 00 23 99 02 00 52
2026-07-10 01:53:37.543 RX arm_feedback state=0 end=(-0.0008,-0.0000,0.3182) theta1=-3.1372 frame=55 aa 86 11 00 74 fd 4b ba 69 06 65 b6 27 e5 a2 3e 00 c8 48 c0 52
2026-07-10 01:53:37.556 TX chassis mode=ERROR vx=+0.000 vy=+0.000 wz=+0.000 frame=55 aa 10 0c 00 00 00 00 00 00 00 00 00 00 00 00 1b
2026-07-10 01:53:37.562 RX arm_feedback state=0 end=(-0.0008,-0.0000,0.3182) theta1=-3.1372 frame=55 aa 86 11 00 74 fd 4b ba 69 06 65 b6 27 e5 a2 3e 00 c8 48 c0 52
2026-07-10 01:53:37.571 TX chassis mode=ERROR vx=+0.000 vy=+0.000 wz=+0.000 frame=55 aa 10 0c 00 00 00 00 00 00 00 00 00 00 00 00 1b
2026-07-10 01:53:37.579 RX arm_feedback state=0 end=(-0.0008,-0.0000,0.3182) theta1=-3.1372 frame=55 aa 86 11 00 74 fd 4b ba 69 06 65 b6 27 e5 a2 3e 00 c8 48 c0 52
2026-07-10 01:53:37.580 TX chassis mode=ERROR vx=+0.000 vy=+0.000 wz=+0.000 frame=55 aa 10 0c 00 00 00 00 00 00 00 00 00 00 00 00 1b
2026-07-10 01:53:37.599 RX func=0x81 payload=0e 00 00 03 00 4e bb be 00 00 a0 bb frame=55 aa 81 0c 0e 00 00 03 00 4e bb be 00 00 a0 bb bf
2026-07-10 01:53:37.600 RX arm_feedback state=0 end=(-0.0008,-0.0000,0.3182) theta1=-3.1372 frame=55 aa 86 11 00 74 fd 4b ba 69 06 65 b6 27 e5 a2 3e 00 c8 48 c0 52
2026-07-10 01:53:37.604 TX chassis mode=ERROR vx=+0.000 vy=+0.000 wz=+0.000 frame=55 aa 10 0c 00 00 00 00 00 00 00 00 00 00 00 00 1b
2026-07-10 01:53:37.621 RX arm_feedback state=0 end=(-0.0008,-0.0000,0.3182) theta1=-3.1372 frame=55 aa 86 11 00 74 fd 4b ba 69 06 65 b6 27 e5 a2 3e 00 c8 48 c0 52
2026-07-10 01:53:37.623 TX chassis mode=ERROR vx=+0.000 vy=+0.000 wz=+0.000 frame=55 aa 10 0c 00 00 00 00 00 00 00 00 00 00 00 00 1b
2026-07-10 01:53:37.639 RX func=0x80 payload=00 00 01 00 00 00 00 00 00 00 00 00 00 00 00 00 87 99 02 00 frame=55 aa 80 14 00 00 01 00 00 00 00 00 00 00 00 00 00 00 00 00 87 99 02 00 b6
2026-07-10 01:53:37.641 RX arm_feedback state=0 end=(-0.0008,-0.0000,0.3182) theta1=-3.1372 frame=55 aa 86 11 00 74 fd 4b ba 69 06 65 b6 27 e5 a2 3e 00 c8 48 c0 52
2026-07-10 01:53:37.645 TX chassis mode=ERROR vx=+0.000 vy=+0.000 wz=+0.000 frame=55 aa 10 0c 00 00 00 00 00 00 00 00 00 00 00 00 1b
2026-07-10 01:53:37.659 RX arm_feedback state=0 end=(-0.0008,-0.0000,0.3182) theta1=-3.1372 frame=55 aa 86 11 00 74 fd 4b ba 69 06 65 b6 27 e5 a2 3e 00 c8 48 c0 52
2026-07-10 01:53:37.662 TX mode:ERROR frame=55 aa 15 01 04 19
2026-07-10 01:53:37.662 TX chassis mode=ERROR vx=+0.000 vy=+0.000 wz=+0.000 frame=55 aa 10 0c 00 00 00 00 00 00 00 00 00 00 00 00 1b
2026-07-10 01:53:37.680 RX arm_feedback state=0 end=(-0.0008,-0.0000,0.3182) theta1=-3.1372 frame=55 aa 86 11 00 74 fd 4b ba 69 06 65 b6 27 e5 a2 3e 00 c8 48 c0 52
2026-07-10 01:53:37.682 TX chassis mode=ERROR vx=+0.000 vy=+0.000 wz=+0.000 frame=55 aa 10 0c 00 00 00 00 00 00 00 00 00 00 00 00 1b
2026-07-10 01:53:37.701 RX arm_feedback state=0 end=(-0.0008,-0.0000,0.3182) theta1=-3.1372 frame=55 aa 86 11 00 74 fd 4b ba 69 06 65 b6 27 e5 a2 3e 00 c8 48 c0 52
2026-07-10 01:53:37.704 TX chassis mode=ERROR vx=+0.000 vy=+0.000 wz=+0.000 frame=55 aa 10 0c 00 00 00 00 00 00 00 00 00 00 00 00 1b
2026-07-10 01:53:37.723 RX arm_feedback state=0 end=(-0.0008,-0.0000,0.3182) theta1=-3.1372 frame=55 aa 86 11 00 74 fd 4b ba 69 06 65 b6 27 e5 a2 3e 00 c8 48 c0 52
2026-07-10 01:53:37.725 TX chassis mode=ERROR vx=+0.000 vy=+0.000 wz=+0.000 frame=55 aa 10 0c 00 00 00 00 00 00 00 00 00 00 00 00 1b
2026-07-10 01:53:37.739 RX func=0x80 payload=00 00 01 00 00 00 00 00 00 00 00 00 00 00 00 00 eb 99 02 00 frame=55 aa 80 14 00 00 01 00 00 00 00 00 00 00 00 00 00 00 00 00 eb 99 02 00 1a
2026-07-10 01:53:37.740 RX arm_feedback state=0 end=(-0.0008,-0.0000,0.3182) theta1=-3.1372 frame=55 aa 86 11 00 74 fd 4b ba 69 06 65 b6 27 e5 a2 3e 00 c8 48 c0 52
2026-07-10 01:53:37.742 TX chassis mode=ERROR vx=+0.000 vy=+0.000 wz=+0.000 frame=55 aa 10 0c 00 00 00 00 00 00 00 00 00 00 00 00 1b
2026-07-10 01:53:37.759 RX arm_feedback state=0 end=(-0.0008,-0.0000,0.3182) theta1=-3.1372 frame=55 aa 86 11 00 74 fd 4b ba 69 06 65 b6 27 e5 a2 3e 00 c8 48 c0 52
2026-07-10 01:53:37.766 TX chassis mode=ERROR vx=+0.000 vy=+0.000 wz=+0.000 frame=55 aa 10 0c 00 00 00 00 00 00 00 00 00 00 00 00 1b
2026-07-10 01:53:37.779 RX arm_feedback state=0 end=(-0.0008,-0.0000,0.3182) theta1=-3.1372 frame=55 aa 86 11 00 74 fd 4b ba 69 06 65 b6 27 e5 a2 3e 00 c8 48 c0 52
2026-07-10 01:53:37.784 TX chassis mode=ERROR vx=+0.000 vy=+0.000 wz=+0.000 frame=55 aa 10 0c 00 00 00 00 00 00 00 00 00 00 00 00 1b
2026-07-10 01:53:37.800 RX func=0x81 payload=0f 00 00 03 00 6c e8 bf 00 00 00 00 frame=55 aa 81 0c 0f 00 00 03 00 6c e8 bf 00 00 00 00 b1
2026-07-10 01:53:37.802 RX arm_feedback state=0 end=(-0.0008,-0.0000,0.3182) theta1=-3.1372 frame=55 aa 86 11 00 74 fd 4b ba 69 06 65 b6 27 e5 a2 3e 00 c8 48 c0 52
2026-07-10 01:53:37.811 TX chassis mode=ERROR vx=+0.000 vy=+0.000 wz=+0.000 frame=55 aa 10 0c 00 00 00 00 00 00 00 00 00 00 00 00 1b
2026-07-10 01:53:37.822 RX arm_feedback state=0 end=(-0.0008,-0.0000,0.3182) theta1=-3.1372 frame=55 aa 86 11 00 74 fd 4b ba 69 06 65 b6 27 e5 a2 3e 00 c8 48 c0 52
2026-07-10 01:53:37.828 TX chassis mode=ERROR vx=+0.000 vy=+0.000 wz=+0.000 frame=55 aa 10 0c 00 00 00 00 00 00 00 00 00 00 00 00 1b
2026-07-10 01:53:37.840 RX func=0x80 payload=00 00 01 00 00 00 00 00 00 00 00 00 00 00 00 00 4f 9a 02 00 frame=55 aa 80 14 00 00 01 00 00 00 00 00 00 00 00 00 00 00 00 00 4f 9a 02 00 7f
2026-07-10 01:53:37.849 RX arm_feedback state=0 end=(-0.0008,-0.0000,0.3182) theta1=-3.1372 frame=55 aa 86 11 00 74 fd 4b ba 69 06 65 b6 27 e5 a2 3e 00 c8 48 c0 52
2026-07-10 01:53:37.857 TX chassis mode=ERROR vx=+0.000 vy=+0.000 wz=+0.000 frame=55 aa 10 0c 00 00 00 00 00 00 00 00 00 00 00 00 1b
2026-07-10 01:53:37.862 RX arm_feedback state=0 end=(-0.0008,-0.0000,0.3182) theta1=-3.1372 frame=55 aa 86 11 00 74 fd 4b ba 69 06 65 b6 27 e5 a2 3e 00 c8 48 c0 52
2026-07-10 01:53:37.864 TX mode:ERROR frame=55 aa 15 01 04 19
2026-07-10 01:53:37.867 TX chassis mode=ERROR vx=+0.000 vy=+0.000 wz=+0.000 frame=55 aa 10 0c 00 00 00 00 00 00 00 00 00 00 00 00 1b
2026-07-10 01:53:37.879 RX arm_feedback state=0 end=(-0.0008,-0.0000,0.3182) theta1=-3.1372 frame=55 aa 86 11 00 74 fd 4b ba 69 06 65 b6 27 e5 a2 3e 00 c8 48 c0 52
2026-07-10 01:53:37.880 TX chassis mode=ERROR vx=+0.000 vy=+0.000 wz=+0.000 frame=55 aa 10 0c 00 00 00 00 00 00 00 00 00 00 00 00 1b
2026-07-10 01:53:37.908 RX arm_feedback state=0 end=(-0.0008,-0.0000,0.3182) theta1=-3.1372 frame=55 aa 86 11 00 74 fd 4b ba 69 06 65 b6 27 e5 a2 3e 00 c8 48 c0 52
2026-07-10 01:53:37.910 TX chassis mode=ERROR vx=+0.000 vy=+0.000 wz=+0.000 frame=55 aa 10 0c 00 00 00 00 00 00 00 00 00 00 00 00 1b
2026-07-10 01:53:37.921 RX arm_feedback state=0 end=(-0.0008,-0.0000,0.3182) theta1=-3.1372 frame=55 aa 86 11 00 74 fd 4b ba 69 06 65 b6 27 e5 a2 3e 00 c8 48 c0 52
2026-07-10 01:53:37.926 TX chassis mode=ERROR vx=+0.000 vy=+0.000 wz=+0.000 frame=55 aa 10 0c 00 00 00 00 00 00 00 00 00 00 00 00 1b
2026-07-10 01:53:37.942 RX func=0x80 payload=00 00 01 00 00 00 00 00 00 00 00 00 00 00 00 00 b3 9a 02 00 frame=55 aa 80 14 00 00 01 00 00 00 00 00 00 00 00 00 00 00 00 00 b3 9a 02 00 e3
2026-07-10 01:53:37.948 RX arm_feedback state=0 end=(-0.0008,-0.0000,0.3182) theta1=-3.1372 frame=55 aa 86 11 00 74 fd 4b ba 69 06 65 b6 27 e5 a2 3e 00 c8 48 c0 52
2026-07-10 01:53:37.951 TX chassis mode=ERROR vx=+0.000 vy=+0.000 wz=+0.000 frame=55 aa 10 0c 00 00 00 00 00 00 00 00 00 00 00 00 1b
2026-07-10 01:53:37.961 RX arm_feedback state=0 end=(-0.0008,-0.0000,0.3182) theta1=-3.1372 frame=55 aa 86 11 00 74 fd 4b ba 69 06 65 b6 27 e5 a2 3e 00 c8 48 c0 52
2026-07-10 01:53:37.967 TX chassis mode=ERROR vx=+0.000 vy=+0.000 wz=+0.000 frame=55 aa 10 0c 00 00 00 00 00 00 00 00 00 00 00 00 1b
2026-07-10 01:53:37.980 RX arm_feedback state=0 end=(-0.0008,-0.0000,0.3182) theta1=-3.1372 frame=55 aa 86 11 00 74 fd 4b ba 69 06 65 b6 27 e5 a2 3e 00 c8 48 c0 52
2026-07-10 01:53:37.986 TX chassis mode=ERROR vx=+0.000 vy=+0.000 wz=+0.000 frame=55 aa 10 0c 00 00 00 00 00 00 00 00 00 00 00 00 1b
2026-07-10 01:53:38.000 RX arm_feedback state=0 end=(-0.0008,-0.0000,0.3182) theta1=-3.1372 frame=55 aa 86 11 00 74 fd 4b ba 69 06 65 b6 27 e5 a2 3e 00 c8 48 c0 52
2026-07-10 01:53:38.003 TX chassis mode=ERROR vx=+0.000 vy=+0.000 wz=+0.000 frame=55 aa 10 0c 00 00 00 00 00 00 00 00 00 00 00 00 1b
2026-07-10 01:53:38.021 RX arm_feedback state=0 end=(-0.0008,-0.0000,0.3182) theta1=-3.1372 frame=55 aa 86 11 00 74 fd 4b ba 69 06 65 b6 27 e5 a2 3e 00 c8 48 c0 52
2026-07-10 01:53:38.023 TX chassis mode=ERROR vx=+0.000 vy=+0.000 wz=+0.000 frame=55 aa 10 0c 00 00 00 00 00 00 00 00 00 00 00 00 1b
2026-07-10 01:53:38.039 RX func=0x80 payload=00 00 01 00 00 00 00 00 00 00 00 00 00 00 00 00 17 9b 02 00 frame=55 aa 80 14 00 00 01 00 00 00 00 00 00 00 00 00 00 00 00 00 17 9b 02 00 48
2026-07-10 01:53:38.042 RX arm_feedback state=0 end=(-0.0008,-0.0000,0.3182) theta1=-3.1372 frame=55 aa 86 11 00 74 fd 4b ba 69 06 65 b6 27 e5 a2 3e 00 c8 48 c0 52
2026-07-10 01:53:38.046 TX chassis mode=ERROR vx=+0.000 vy=+0.000 wz=+0.000 frame=55 aa 10 0c 00 00 00 00 00 00 00 00 00 00 00 00 1b
2026-07-10 01:53:38.060 RX arm_feedback state=0 end=(-0.0008,-0.0000,0.3182) theta1=-3.1372 frame=55 aa 86 11 00 74 fd 4b ba 69 06 65 b6 27 e5 a2 3e 00 c8 48 c0 52
2026-07-10 01:53:38.064 TX chassis mode=ERROR vx=+0.000 vy=+0.000 wz=+0.000 frame=55 aa 10 0c 00 00 00 00 00 00 00 00 00 00 00 00 1b
2026-07-10 01:53:38.080 RX arm_feedback state=0 end=(-0.0008,-0.0000,0.3182) theta1=-3.1372 frame=55 aa 86 11 00 74 fd 4b ba 69 06 65 b6 27 e5 a2 3e 00 c8 48 c0 52
2026-07-10 01:53:38.082 TX mode:ERROR frame=55 aa 15 01 04 19
2026-07-10 01:53:38.083 TX chassis mode=ERROR vx=+0.000 vy=+0.000 wz=+0.000 frame=55 aa 10 0c 00 00 00 00 00 00 00 00 00 00 00 00 1b
2026-07-10 01:53:38.101 RX arm_feedback state=0 end=(-0.0008,-0.0000,0.3182) theta1=-3.1372 frame=55 aa 86 11 00 74 fd 4b ba 69 06 65 b6 27 e5 a2 3e 00 c8 48 c0 52
2026-07-10 01:53:38.105 TX chassis mode=ERROR vx=+0.000 vy=+0.000 wz=+0.000 frame=55 aa 10 0c 00 00 00 00 00 00 00 00 00 00 00 00 1b
2026-07-10 01:53:38.120 RX arm_feedback state=0 end=(-0.0008,-0.0000,0.3182) theta1=-3.1372 frame=55 aa 86 11 00 74 fd 4b ba 69 06 65 b6 27 e5 a2 3e 00 c8 48 c0 52
2026-07-10 01:53:38.123 TX chassis mode=ERROR vx=+0.000 vy=+0.000 wz=+0.000 frame=55 aa 10 0c 00 00 00 00 00 00 00 00 00 00 00 00 1b
2026-07-10 01:53:38.139 RX func=0x80 payload=00 00 01 00 00 00 00 00 00 00 00 00 00 00 00 00 7b 9b 02 00 frame=55 aa 80 14 00 00 01 00 00 00 00 00 00 00 00 00 00 00 00 00 7b 9b 02 00 ac
2026-07-10 01:53:38.144 RX arm_feedback state=0 end=(-0.0008,-0.0000,0.3182) theta1=-3.1372 frame=55 aa 86 11 00 74 fd 4b ba 69 06 65 b6 27 e5 a2 3e 00 c8 48 c0 52
2026-07-10 01:53:38.145 TX chassis mode=ERROR vx=+0.000 vy=+0.000 wz=+0.000 frame=55 aa 10 0c 00 00 00 00 00 00 00 00 00 00 00 00 1b
2026-07-10 01:53:38.160 RX arm_feedback state=0 end=(-0.0008,-0.0000,0.3182) theta1=-3.1372 frame=55 aa 86 11 00 74 fd 4b ba 69 06 65 b6 27 e5 a2 3e 00 c8 48 c0 52
2026-07-10 01:53:38.165 TX chassis mode=ERROR vx=+0.000 vy=+0.000 wz=+0.000 frame=55 aa 10 0c 00 00 00 00 00 00 00 00 00 00 00 00 1b
2026-07-10 01:53:38.182 RX arm_feedback state=0 end=(-0.0008,-0.0000,0.3182) theta1=-3.1372 frame=55 aa 86 11 00 74 fd 4b ba 69 06 65 b6 27 e5 a2 3e 00 c8 48 c0 52
2026-07-10 01:53:38.183 TX chassis mode=ERROR vx=+0.000 vy=+0.000 wz=+0.000 frame=55 aa 10 0c 00 00 00 00 00 00 00 00 00 00 00 00 1b
2026-07-10 01:53:38.202 RX arm_feedback state=0 end=(-0.0008,-0.0000,0.3182) theta1=-3.1372 frame=55 aa 86 11 00 74 fd 4b ba 69 06 65 b6 27 e5 a2 3e 00 c8 48 c0 52
2026-07-10 01:53:38.205 TX chassis mode=ERROR vx=+0.000 vy=+0.000 wz=+0.000 frame=55 aa 10 0c 00 00 00 00 00 00 00 00 00 00 00 00 1b
2026-07-10 01:53:38.220 RX arm_feedback state=0 end=(-0.0008,-0.0000,0.3182) theta1=-3.1372 frame=55 aa 86 11 00 74 fd 4b ba 69 06 65 b6 27 e5 a2 3e 00 c8 48 c0 52
2026-07-10 01:53:38.224 TX chassis mode=ERROR vx=+0.000 vy=+0.000 wz=+0.000 frame=55 aa 10 0c 00 00 00 00 00 00 00 00 00 00 00 00 1b
2026-07-10 01:53:38.239 RX func=0x80 payload=00 00 01 00 00 00 00 00 00 00 00 00 00 00 00 00 df 9b 02 00 frame=55 aa 80 14 00 00 01 00 00 00 00 00 00 00 00 00 00 00 00 00 df 9b 02 00 10
2026-07-10 01:53:38.243 RX arm_feedback state=0 end=(-0.0008,-0.0000,0.3182) theta1=-3.1372 frame=55 aa 86 11 00 74 fd 4b ba 69 06 65 b6 27 e5 a2 3e 00 c8 48 c0 52
2026-07-10 01:53:38.244 TX chassis mode=ERROR vx=+0.000 vy=+0.000 wz=+0.000 frame=55 aa 10 0c 00 00 00 00 00 00 00 00 00 00 00 00 1b
2026-07-10 01:53:38.262 RX arm_feedback state=0 end=(-0.0008,-0.0000,0.3182) theta1=-3.1372 frame=55 aa 86 11 00 74 fd 4b ba 69 06 65 b6 27 e5 a2 3e 00 c8 48 c0 52
2026-07-10 01:53:38.265 TX chassis mode=ERROR vx=+0.000 vy=+0.000 wz=+0.000 frame=55 aa 10 0c 00 00 00 00 00 00 00 00 00 00 00 00 1b
2026-07-10 01:53:38.280 RX arm_feedback state=0 end=(-0.0008,-0.0000,0.3182) theta1=-3.1372 frame=55 aa 86 11 00 74 fd 4b ba 69 06 65 b6 27 e5 a2 3e 00 c8 48 c0 52
2026-07-10 01:53:38.284 TX chassis mode=ERROR vx=+0.000 vy=+0.000 wz=+0.000 frame=55 aa 10 0c 00 00 00 00 00 00 00 00 00 00 00 00 1b
2026-07-10 01:53:38.302 RX arm_feedback state=0 end=(-0.0008,-0.0000,0.3182) theta1=-3.1372 frame=55 aa 86 11 00 74 fd 4b ba 69 06 65 b6 27 e5 a2 3e 00 c8 48 c0 52
2026-07-10 01:53:38.306 TX mode:ERROR frame=55 aa 15 01 04 19
2026-07-10 01:53:38.307 TX chassis mode=ERROR vx=+0.000 vy=+0.000 wz=+0.000 frame=55 aa 10 0c 00 00 00 00 00 00 00 00 00 00 00 00 1b
2026-07-10 01:53:38.320 RX arm_feedback state=0 end=(-0.0008,-0.0000,0.3182) theta1=-3.1372 frame=55 aa 86 11 00 74 fd 4b ba 69 06 65 b6 27 e5 a2 3e 00 c8 48 c0 52
2026-07-10 01:53:38.324 TX chassis mode=ERROR vx=+0.000 vy=+0.000 wz=+0.000 frame=55 aa 10 0c 00 00 00 00 00 00 00 00 00 00 00 00 1b
2026-07-10 01:53:38.339 RX func=0x80 payload=00 00 01 00 00 00 00 00 00 00 00 00 00 00 00 00 43 9c 02 00 frame=55 aa 80 14 00 00 01 00 00 00 00 00 00 00 00 00 00 00 00 00 43 9c 02 00 75
2026-07-10 01:53:38.343 RX arm_feedback state=0 end=(-0.0008,-0.0000,0.3182) theta1=-3.1372 frame=55 aa 86 11 00 74 fd 4b ba 69 06 65 b6 27 e5 a2 3e 00 c8 48 c0 52
2026-07-10 01:53:38.344 TX chassis mode=ERROR vx=+0.000 vy=+0.000 wz=+0.000 frame=55 aa 10 0c 00 00 00 00 00 00 00 00 00 00 00 00 1b
2026-07-10 01:53:38.360 RX arm_feedback state=0 end=(-0.0008,-0.0000,0.3182) theta1=-3.1372 frame=55 aa 86 11 00 74 fd 4b ba 69 06 65 b6 27 e5 a2 3e 00 c8 48 c0 52
2026-07-10 01:53:38.364 TX chassis mode=ERROR vx=+0.000 vy=+0.000 wz=+0.000 frame=55 aa 10 0c 00 00 00 00 00 00 00 00 00 00 00 00 1b
2026-07-10 01:53:38.379 RX arm_feedback state=0 end=(-0.0008,-0.0000,0.3182) theta1=-3.1372 frame=55 aa 86 11 00 74 fd 4b ba 69 06 65 b6 27 e5 a2 3e 00 c8 48 c0 52
2026-07-10 01:53:38.381 TX chassis mode=ERROR vx=+0.000 vy=+0.000 wz=+0.000 frame=55 aa 10 0c 00 00 00 00 00 00 00 00 00 00 00 00 1b
2026-07-10 01:53:38.399 RX func=0x81 payload=00 00 00 02 e6 7c 41 bf 73 94 3e 3c frame=55 aa 81 0c 00 00 00 02 e6 7c 41 bf 73 94 3e 3c 71
2026-07-10 01:53:38.404 RX arm_feedback state=0 end=(-0.0008,-0.0000,0.3182) theta1=-3.1372 frame=55 aa 86 11 00 74 fd 4b ba 69 06 65 b6 27 e5 a2 3e 00 c8 48 c0 52
2026-07-10 01:53:38.408 TX chassis mode=ERROR vx=+0.000 vy=+0.000 wz=+0.000 frame=55 aa 10 0c 00 00 00 00 00 00 00 00 00 00 00 00 1b
2026-07-10 01:53:38.421 RX arm_feedback state=0 end=(-0.0008,-0.0000,0.3182) theta1=-3.1372 frame=55 aa 86 11 00 74 fd 4b ba 69 06 65 b6 27 e5 a2 3e 00 c8 48 c0 52
2026-07-10 01:53:38.426 TX chassis mode=ERROR vx=+0.000 vy=+0.000 wz=+0.000 frame=55 aa 10 0c 00 00 00 00 00 00 00 00 00 00 00 00 1b
2026-07-10 01:53:38.439 RX func=0x80 payload=00 00 01 00 00 00 00 00 00 00 00 00 00 00 00 00 a7 9c 02 00 frame=55 aa 80 14 00 00 01 00 00 00 00 00 00 00 00 00 00 00 00 00 a7 9c 02 00 d9
2026-07-10 01:53:38.442 RX arm_feedback state=0 end=(-0.0008,-0.0000,0.3182) theta1=-3.1372 frame=55 aa 86 11 00 74 fd 4b ba 69 06 65 b6 27 e5 a2 3e 00 c8 48 c0 52
2026-07-10 01:53:38.446 TX chassis mode=ERROR vx=+0.000 vy=+0.000 wz=+0.000 frame=55 aa 10 0c 00 00 00 00 00 00 00 00 00 00 00 00 1b
2026-07-10 01:53:38.461 RX arm_feedback state=0 end=(-0.0008,-0.0000,0.3182) theta1=-3.1372 frame=55 aa 86 11 00 74 fd 4b ba 69 06 65 b6 27 e5 a2 3e 00 c8 48 c0 52
2026-07-10 01:53:38.463 TX chassis mode=ERROR vx=+0.000 vy=+0.000 wz=+0.000 frame=55 aa 10 0c 00 00 00 00 00 00 00 00 00 00 00 00 1b
2026-07-10 01:53:38.481 RX arm_feedback state=0 end=(-0.0008,-0.0000,0.3182) theta1=-3.1372 frame=55 aa 86 11 00 74 fd 4b ba 69 06 65 b6 27 e5 a2 3e 00 c8 48 c0 52
2026-07-10 01:53:38.485 TX chassis mode=ERROR vx=+0.000 vy=+0.000 wz=+0.000 frame=55 aa 10 0c 00 00 00 00 00 00 00 00 00 00 00 00 1b
2026-07-10 01:53:38.502 RX arm_feedback state=0 end=(-0.0008,-0.0000,0.3182) theta1=-3.1372 frame=55 aa 86 11 00 74 fd 4b ba 69 06 65 b6 27 e5 a2 3e 00 c8 48 c0 52
2026-07-10 01:53:38.505 TX chassis mode=ERROR vx=+0.000 vy=+0.000 wz=+0.000 frame=55 aa 10 0c 00 00 00 00 00 00 00 00 00 00 00 00 1b
2026-07-10 01:53:38.521 RX arm_feedback state=0 end=(-0.0008,-0.0000,0.3182) theta1=-3.1372 frame=55 aa 86 11 00 74 fd 4b ba 69 06 65 b6 27 e5 a2 3e 00 c8 48 c0 52
2026-07-10 01:53:38.524 TX mode:ERROR frame=55 aa 15 01 04 19
2026-07-10 01:53:38.525 TX chassis mode=ERROR vx=+0.000 vy=+0.000 wz=+0.000 frame=55 aa 10 0c 00 00 00 00 00 00 00 00 00 00 00 00 1b
2026-07-10 01:53:38.539 RX func=0x80 payload=00 00 01 00 00 00 00 00 00 00 00 00 00 00 00 00 0b 9d 02 00 frame=55 aa 80 14 00 00 01 00 00 00 00 00 00 00 00 00 00 00 00 00 0b 9d 02 00 3e
2026-07-10 01:53:38.543 RX arm_feedback state=0 end=(-0.0008,-0.0000,0.3182) theta1=-3.1372 frame=55 aa 86 11 00 74 fd 4b ba 69 06 65 b6 27 e5 a2 3e 00 c8 48 c0 52
2026-07-10 01:53:38.552 TX chassis mode=ERROR vx=+0.000 vy=+0.000 wz=+0.000 frame=55 aa 10 0c 00 00 00 00 00 00 00 00 00 00 00 00 1b
2026-07-10 01:53:38.560 RX arm_feedback state=0 end=(-0.0008,-0.0000,0.3182) theta1=-3.1372 frame=55 aa 86 11 00 74 fd 4b ba 69 06 65 b6 27 e5 a2 3e 00 c8 48 c0 52
2026-07-10 01:53:38.563 TX chassis mode=ERROR vx=+0.000 vy=+0.000 wz=+0.000 frame=55 aa 10 0c 00 00 00 00 00 00 00 00 00 00 00 00 1b
2026-07-10 01:53:38.581 RX arm_feedback state=0 end=(-0.0008,-0.0000,0.3182) theta1=-3.1372 frame=55 aa 86 11 00 74 fd 4b ba 69 06 65 b6 27 e5 a2 3e 00 c8 48 c0 52
2026-07-10 01:53:38.585 TX chassis mode=ERROR vx=+0.000 vy=+0.000 wz=+0.000 frame=55 aa 10 0c 00 00 00 00 00 00 00 00 00 00 00 00 1b
2026-07-10 01:53:38.599 RX func=0x81 payload=01 00 00 02 ce 1d 07 c0 27 76 4e 3d frame=55 aa 81 0c 01 00 00 02 ce 1d 07 c0 27 76 4e 3d 69
2026-07-10 01:53:38.604 RX arm_feedback state=0 end=(-0.0008,-0.0000,0.3182) theta1=-3.1372 frame=55 aa 86 11 00 74 fd 4b ba 69 06 65 b6 27 e5 a2 3e 00 c8 48 c0 52
2026-07-10 01:53:38.608 TX chassis mode=ERROR vx=+0.000 vy=+0.000 wz=+0.000 frame=55 aa 10 0c 00 00 00 00 00 00 00 00 00 00 00 00 1b
2026-07-10 01:53:38.624 RX arm_feedback state=0 end=(-0.0008,-0.0000,0.3182) theta1=-3.1372 frame=55 aa 86 11 00 74 fd 4b ba 69 06 65 b6 27 e5 a2 3e 00 c8 48 c0 52
2026-07-10 01:53:38.627 TX chassis mode=ERROR vx=+0.000 vy=+0.000 wz=+0.000 frame=55 aa 10 0c 00 00 00 00 00 00 00 00 00 00 00 00 1b
2026-07-10 01:53:38.639 RX func=0x80 payload=00 00 01 00 00 00 00 00 00 00 00 00 00 00 00 00 6f 9d 02 00 frame=55 aa 80 14 00 00 01 00 00 00 00 00 00 00 00 00 00 00 00 00 6f 9d 02 00 a2
2026-07-10 01:53:38.644 RX arm_feedback state=0 end=(-0.0008,-0.0000,0.3182) theta1=-3.1372 frame=55 aa 86 11 00 74 fd 4b ba 69 06 65 b6 27 e5 a2 3e 00 c8 48 c0 52
2026-07-10 01:53:38.656 TX chassis mode=ERROR vx=+0.000 vy=+0.000 wz=+0.000 frame=55 aa 10 0c 00 00 00 00 00 00 00 00 00 00 00 00 1b
2026-07-10 01:53:38.660 RX arm_feedback state=0 end=(-0.0008,-0.0000,0.3182) theta1=-3.1372 frame=55 aa 86 11 00 74 fd 4b ba 69 06 65 b6 27 e5 a2 3e 00 c8 48 c0 52
2026-07-10 01:53:38.664 TX chassis mode=ERROR vx=+0.000 vy=+0.000 wz=+0.000 frame=55 aa 10 0c 00 00 00 00 00 00 00 00 00 00 00 00 1b
2026-07-10 01:53:38.680 RX arm_feedback state=0 end=(-0.0008,-0.0000,0.3182) theta1=-3.1372 frame=55 aa 86 11 00 74 fd 4b ba 69 06 65 b6 27 e5 a2 3e 00 c8 48 c0 52
2026-07-10 01:53:38.686 TX chassis mode=ERROR vx=+0.000 vy=+0.000 wz=+0.000 frame=55 aa 10 0c 00 00 00 00 00 00 00 00 00 00 00 00 1b
2026-07-10 01:53:38.701 RX arm_feedback state=0 end=(-0.0008,-0.0000,0.3182) theta1=-3.1372 frame=55 aa 86 11 00 74 fd 4b ba 69 06 65 b6 27 e5 a2 3e 00 c8 48 c0 52
2026-07-10 01:53:38.705 TX chassis mode=ERROR vx=+0.000 vy=+0.000 wz=+0.000 frame=55 aa 10 0c 00 00 00 00 00 00 00 00 00 00 00 00 1b
2026-07-10 01:53:38.726 RX arm_feedback state=0 end=(-0.0008,-0.0000,0.3182) theta1=-3.1372 frame=55 aa 86 11 00 74 fd 4b ba 69 06 65 b6 27 e5 a2 3e 00 c8 48 c0 52
2026-07-10 01:53:38.731 TX chassis mode=ERROR vx=+0.000 vy=+0.000 wz=+0.000 frame=55 aa 10 0c 00 00 00 00 00 00 00 00 00 00 00 00 1b
2026-07-10 01:53:38.739 RX func=0x80 payload=00 00 01 00 00 00 00 00 00 00 00 00 00 00 00 00 d3 9d 02 00 frame=55 aa 80 14 00 00 01 00 00 00 00 00 00 00 00 00 00 00 00 00 d3 9d 02 00 06
2026-07-10 01:53:38.742 RX arm_feedback state=0 end=(-0.0008,-0.0000,0.3182) theta1=-3.1372 frame=55 aa 86 11 00 74 fd 4b ba 69 06 65 b6 27 e5 a2 3e 00 c8 48 c0 52
2026-07-10 01:53:38.748 TX mode:ERROR frame=55 aa 15 01 04 19
2026-07-10 01:53:38.748 TX chassis mode=ERROR vx=+0.000 vy=+0.000 wz=+0.000 frame=55 aa 10 0c 00 00 00 00 00 00 00 00 00 00 00 00 1b
2026-07-10 01:53:38.761 RX arm_feedback state=0 end=(-0.0008,-0.0000,0.3182) theta1=-3.1372 frame=55 aa 86 11 00 74 fd 4b ba 69 06 65 b6 27 e5 a2 3e 00 c8 48 c0 52
2026-07-10 01:53:38.765 TX chassis mode=ERROR vx=+0.000 vy=+0.000 wz=+0.000 frame=55 aa 10 0c 00 00 00 00 00 00 00 00 00 00 00 00 1b
2026-07-10 01:53:38.781 RX arm_feedback state=0 end=(-0.0008,-0.0000,0.3182) theta1=-3.1372 frame=55 aa 86 11 00 74 fd 4b ba 69 06 65 b6 27 e5 a2 3e 00 c8 48 c0 52
2026-07-10 01:53:38.786 TX chassis mode=ERROR vx=+0.000 vy=+0.000 wz=+0.000 frame=55 aa 10 0c 00 00 00 00 00 00 00 00 00 00 00 00 1b
2026-07-10 01:53:38.800 RX func=0x81 payload=02 00 01 01 33 cc f9 be c1 42 45 3f frame=55 aa 81 0c 02 00 01 01 33 cc f9 be c1 42 45 3f cd
2026-07-10 01:53:38.804 RX arm_feedback state=0 end=(-0.0008,-0.0000,0.3182) theta1=-3.1372 frame=55 aa 86 11 00 74 fd 4b ba 69 06 65 b6 27 e5 a2 3e 00 c8 48 c0 52
2026-07-10 01:53:38.808 TX chassis mode=ERROR vx=+0.000 vy=+0.000 wz=+0.000 frame=55 aa 10 0c 00 00 00 00 00 00 00 00 00 00 00 00 1b
2026-07-10 01:53:38.820 RX arm_feedback state=0 end=(-0.0008,-0.0000,0.3182) theta1=-3.1372 frame=55 aa 86 11 00 74 fd 4b ba 69 06 65 b6 27 e5 a2 3e 00 c8 48 c0 52
2026-07-10 01:53:38.823 TX chassis mode=ERROR vx=+0.000 vy=+0.000 wz=+0.000 frame=55 aa 10 0c 00 00 00 00 00 00 00 00 00 00 00 00 1b
2026-07-10 01:53:38.839 RX func=0x80 payload=00 00 01 00 00 00 00 00 00 00 00 00 00 00 00 00 37 9e 02 00 frame=55 aa 80 14 00 00 01 00 00 00 00 00 00 00 00 00 00 00 00 00 37 9e 02 00 6b
2026-07-10 01:53:38.843 RX arm_feedback state=0 end=(-0.0008,-0.0000,0.3182) theta1=-3.1372 frame=55 aa 86 11 00 74 fd 4b ba 69 06 65 b6 27 e5 a2 3e 00 c8 48 c0 52
2026-07-10 01:53:38.849 TX chassis mode=ERROR vx=+0.000 vy=+0.000 wz=+0.000 frame=55 aa 10 0c 00 00 00 00 00 00 00 00 00 00 00 00 1b
2026-07-10 01:53:38.860 RX arm_feedback state=0 end=(-0.0008,-0.0000,0.3182) theta1=-3.1372 frame=55 aa 86 11 00 74 fd 4b ba 69 06 65 b6 27 e5 a2 3e 00 c8 48 c0 52
2026-07-10 01:53:38.864 TX chassis mode=ERROR vx=+0.000 vy=+0.000 wz=+0.000 frame=55 aa 10 0c 00 00 00 00 00 00 00 00 00 00 00 00 1b
2026-07-10 01:53:38.879 RX arm_feedback state=0 end=(-0.0008,-0.0000,0.3182) theta1=-3.1372 frame=55 aa 86 11 00 74 fd 4b ba 69 06 65 b6 27 e5 a2 3e 00 c8 48 c0 52
2026-07-10 01:53:38.882 TX chassis mode=ERROR vx=+0.000 vy=+0.000 wz=+0.000 frame=55 aa 10 0c 00 00 00 00 00 00 00 00 00 00 00 00 1b
2026-07-10 01:53:38.905 RX arm_feedback state=0 end=(-0.0008,-0.0000,0.3182) theta1=-3.1372 frame=55 aa 86 11 00 74 fd 4b ba 69 06 65 b6 27 e5 a2 3e 00 c8 48 c0 52
2026-07-10 01:53:38.907 TX chassis mode=ERROR vx=+0.000 vy=+0.000 wz=+0.000 frame=55 aa 10 0c 00 00 00 00 00 00 00 00 00 00 00 00 1b
2026-07-10 01:53:38.940 TX chassis shutdown zero frame=55 aa 10 0c 00 00 00 00 00 00 00 00 00 00 00 00 1b
2026-07-10 01:53:38.941 TX mode:IDLE shutdown frame=55 aa 15 01 00 15
# serial log closed 2026-07-10T01:53:38
